# Phase-15 Plan 15-03: ELECTRON-RECOIL reconstructed-energy spectra, design Al->Hf.
# response_matrix = artifacts/v2.0/response_matrix_AlHf_ext.npz (744 columns, columns sum to 1)
# repo_HEAD_at_execution = 7250ca0; emitter fold.write_em_ext_spectrum
# deposit tables = muon_dRdEdep_ext.csv, compton_dRdEdep_ext.csv (Plan 15-02)
#
# ENERGY SCALE (2026-07-25): E_rec is an ESTIMATOR of the DEPOSIT, unit calibration
#   slope params.CALIB_SLOPE = 1.0 (CONVENTIONS Section E.1). The physical
#   deposit->quasiparticle conversion fraction eps ~ 0.5 is absorbed into the
#   count->energy constant C by on-detector calibration; it keeps its physical role
#   in energy_scale.n_qp_yield, the saturation onset and the trigger, but it is NOT
#   the energy axis. Saturation above the onset is genuine information loss and is
#   never unfolded (fp-unfold-saturation). SUPERSEDES the former eps=0.5 axis on
#   which the pre-2026-07-25 version of this file was written.
#
# broadening_verdict_applied = does_not_apply (Plan 15-01, read from em_recoil AT FOLD TIME)
#   NO broadening of any kind was applied to either channel; no rate was ever
#   multiplied by exp(-2W) (milestone-wide prohibition, CONVENTIONS Section J).
#   Because no broadening is applied there is no kernel leakage, so
#   residual_retained_plus_leaked and residual_retained_only COINCIDE BY
#   CONSTRUCTION and are ONE statement, not two independent confirmations.
#
# trigger k = 4 (DEFAULT); E50 = 1 eV exactly.
#   k is fixed by NO project artifact and no trigger threshold has ever been
#   measured for this device. Every triggered number here is a one-parameter family,
#   and its sensitivity over the declared range k in (1, 12) is frozen in
#   artifacts/v2.0/em_trigger_k_sensitivity.csv. A triggered quantity quoted
#   without its k or its k range is a fabricated device property (fp-hardcoded-width).
#   P_trig MULTIPLIES eps ~ 0.5 on the DEPOSIT axis; it never replaces it.
#
# no_support_policy = exclude_and_record; excluded bins: muon 35, compton 69
#   Those deposit bins carried NaN in the Plan 15-02 tables because the Monte
#   Carlo had no support there. R is DENSE, so one NaN would poison every
#   reconstructed bin; they are EXCLUDED and counted, never zero-filled.
#   np.nan_to_num appears nowhere in this path (fp-nan-to-num).
#
# regime boundary = trigger.SUBEV_REGIME_BOUNDARY_eV = 1 eV DEPOSITED,
#   imaged onto this design's reconstructed axis at 0.991710 eV by the response
#   matrix's OWN median mapping curve (fold.subev_boundary_Erec_eV) -- never assumed
#   to be 0.5 x anything. With the unit calibration slope the 1 eV deposit boundary now
#   images near 1 eV_rec, a consequence of the calibration, not an assumption. Below it
#   the reported observable is the trigger probability P_trig(E_dep), not dR/dE_rec: at
#   that scale dR/dE_rec presupposes the lumped eps ~ 0.5 collection efficiency
#   (CONVENTIONS Section E), not defensible for a deposit of a few optical-phonon quanta.
#
# BANDS. muon_band = x0.65 .. x1.35, the 30-35% inter-experiment Gaisser-Guan
#   normalization spread named in the v1.0 manuscript as this channel's weakest
#   anchor. It ENCLOSES the PDG Leg A / Leg B bracket x0.8310 .. x1.2595,
#   so it narrows nothing. compton_band = x0.5 .. x2, the factor-2 site band.
# NORMALIZATION: v1.0 sea-level, ZERO overburden, no shield, no veto; veto credit
#   exactly 1.0 BY CONSTRUCTION. Every multiplicative factor is exactly 1.0.
#
# counts budget, muon:    deposit 1073206.424523, reconstructed 1073206.424523, residual_fold 2.169e-16
# counts budget, compton: deposit 210277.108948, reconstructed 210277.108948, residual_fold 0.000e+00
#
# columns: E_rec_keV[keV], muon_dRdErec_untriggered[counts/kg/day/keV], muon_dRdErec_triggered[counts/kg/day/keV], muon_band_lo[counts/kg/day/keV], muon_band_hi[counts/kg/day/keV], compton_dRdErec_untriggered[counts/kg/day/keV], compton_dRdErec_triggered[counts/kg/day/keV], compton_band_lo[counts/kg/day/keV], compton_band_hi[counts/kg/day/keV], regime_flag, muon_accuracy_label, gamma_accuracy_label
E_rec_keV[keV],muon_dRdErec_untriggered[counts/kg/day/keV],muon_dRdErec_triggered[counts/kg/day/keV],muon_band_lo[counts/kg/day/keV],muon_band_hi[counts/kg/day/keV],compton_dRdErec_untriggered[counts/kg/day/keV],compton_dRdErec_triggered[counts/kg/day/keV],compton_band_lo[counts/kg/day/keV],compton_band_hi[counts/kg/day/keV],regime_flag,muon_accuracy_label,gamma_accuracy_label
5.000000000e-07,1.232751e+01,4.607934e-03,8.012883e+00,1.664214e+01,0.000000e+00,0.000000e+00,0.000000e+00,0.000000e+00,trigger_probability_regime,"flatters_SB | -20.61% vs PDG Leg A (~1 muon cm^-2 min^-1 x A_top = 1.7204 Hz) | BRACKETING DISCLOSURE: PDG Leg B (I_v ~ 70 m^-2 s^-1 sr^-1 with cos^2 theta -> 1.1350 Hz) puts the same adopted 1.3659 Hz at +20.34%, i.e. penalizes_SB; the two PDG statements BRACKET the adopted rate from opposite sides, so the ~20% MAGNITUDE is solid and the SIGN is anchor-leg dependent | underlying limit: 30-35% inter-experiment Gaisser-Guan normalization spread, which no in-repo artifact can narrow","neutral | +0.00% vs the LABChico measured survey, which IS the adopted normalization | factor-2 site-dependent band x0.5 .. x2 (the low edge is the flattering one and is not used) | weakest anchor: the U-chain flux rests on an assumed Phi_U = Phi_Th chain balance, not a measured line intensity"
1.059253725e-06,0.000000e+00,0.000000e+00,0.000000e+00,0.000000e+00,0.000000e+00,0.000000e+00,0.000000e+00,0.000000e+00,trigger_probability_regime,"flatters_SB | -20.61% vs PDG Leg A (~1 muon cm^-2 min^-1 x A_top = 1.7204 Hz) | BRACKETING DISCLOSURE: PDG Leg B (I_v ~ 70 m^-2 s^-1 sr^-1 with cos^2 theta -> 1.1350 Hz) puts the same adopted 1.3659 Hz at +20.34%, i.e. penalizes_SB; the two PDG statements BRACKET the adopted rate from opposite sides, so the ~20% MAGNITUDE is solid and the SIGN is anchor-leg dependent | underlying limit: 30-35% inter-experiment Gaisser-Guan normalization spread, which no in-repo artifact can narrow","neutral | +0.00% vs the LABChico measured survey, which IS the adopted normalization | factor-2 site-dependent band x0.5 .. x2 (the low edge is the flattering one and is not used) | weakest anchor: the U-chain flux rests on an assumed Phi_U = Phi_Th chain balance, not a measured line intensity"
1.188502227e-06,0.000000e+00,0.000000e+00,0.000000e+00,0.000000e+00,0.000000e+00,0.000000e+00,0.000000e+00,0.000000e+00,trigger_probability_regime,"flatters_SB | -20.61% vs PDG Leg A (~1 muon cm^-2 min^-1 x A_top = 1.7204 Hz) | BRACKETING DISCLOSURE: PDG Leg B (I_v ~ 70 m^-2 s^-1 sr^-1 with cos^2 theta -> 1.1350 Hz) puts the same adopted 1.3659 Hz at +20.34%, i.e. penalizes_SB; the two PDG statements BRACKET the adopted rate from opposite sides, so the ~20% MAGNITUDE is solid and the SIGN is anchor-leg dependent | underlying limit: 30-35% inter-experiment Gaisser-Guan normalization spread, which no in-repo artifact can narrow","neutral | +0.00% vs the LABChico measured survey, which IS the adopted normalization | factor-2 site-dependent band x0.5 .. x2 (the low edge is the flattering one and is not used) | weakest anchor: the U-chain flux rests on an assumed Phi_U = Phi_Th chain balance, not a measured line intensity"
1.333521432e-06,0.000000e+00,0.000000e+00,0.000000e+00,0.000000e+00,0.000000e+00,0.000000e+00,0.000000e+00,0.000000e+00,trigger_probability_regime,"flatters_SB | -20.61% vs PDG Leg A (~1 muon cm^-2 min^-1 x A_top = 1.7204 Hz) | BRACKETING DISCLOSURE: PDG Leg B (I_v ~ 70 m^-2 s^-1 sr^-1 with cos^2 theta -> 1.1350 Hz) puts the same adopted 1.3659 Hz at +20.34%, i.e. penalizes_SB; the two PDG statements BRACKET the adopted rate from opposite sides, so the ~20% MAGNITUDE is solid and the SIGN is anchor-leg dependent | underlying limit: 30-35% inter-experiment Gaisser-Guan normalization spread, which no in-repo artifact can narrow","neutral | +0.00% vs the LABChico measured survey, which IS the adopted normalization | factor-2 site-dependent band x0.5 .. x2 (the low edge is the flattering one and is not used) | weakest anchor: the U-chain flux rests on an assumed Phi_U = Phi_Th chain balance, not a measured line intensity"
1.496235656e-06,0.000000e+00,0.000000e+00,0.000000e+00,0.000000e+00,0.000000e+00,0.000000e+00,0.000000e+00,0.000000e+00,trigger_probability_regime,"flatters_SB | -20.61% vs PDG Leg A (~1 muon cm^-2 min^-1 x A_top = 1.7204 Hz) | BRACKETING DISCLOSURE: PDG Leg B (I_v ~ 70 m^-2 s^-1 sr^-1 with cos^2 theta -> 1.1350 Hz) puts the same adopted 1.3659 Hz at +20.34%, i.e. penalizes_SB; the two PDG statements BRACKET the adopted rate from opposite sides, so the ~20% MAGNITUDE is solid and the SIGN is anchor-leg dependent | underlying limit: 30-35% inter-experiment Gaisser-Guan normalization spread, which no in-repo artifact can narrow","neutral | +0.00% vs the LABChico measured survey, which IS the adopted normalization | factor-2 site-dependent band x0.5 .. x2 (the low edge is the flattering one and is not used) | weakest anchor: the U-chain flux rests on an assumed Phi_U = Phi_Th chain balance, not a measured line intensity"
1.678804018e-06,0.000000e+00,0.000000e+00,0.000000e+00,0.000000e+00,0.000000e+00,0.000000e+00,0.000000e+00,0.000000e+00,trigger_probability_regime,"flatters_SB | -20.61% vs PDG Leg A (~1 muon cm^-2 min^-1 x A_top = 1.7204 Hz) | BRACKETING DISCLOSURE: PDG Leg B (I_v ~ 70 m^-2 s^-1 sr^-1 with cos^2 theta -> 1.1350 Hz) puts the same adopted 1.3659 Hz at +20.34%, i.e. penalizes_SB; the two PDG statements BRACKET the adopted rate from opposite sides, so the ~20% MAGNITUDE is solid and the SIGN is anchor-leg dependent | underlying limit: 30-35% inter-experiment Gaisser-Guan normalization spread, which no in-repo artifact can narrow","neutral | +0.00% vs the LABChico measured survey, which IS the adopted normalization | factor-2 site-dependent band x0.5 .. x2 (the low edge is the flattering one and is not used) | weakest anchor: the U-chain flux rests on an assumed Phi_U = Phi_Th chain balance, not a measured line intensity"
1.883649089e-06,0.000000e+00,0.000000e+00,0.000000e+00,0.000000e+00,0.000000e+00,0.000000e+00,0.000000e+00,0.000000e+00,trigger_probability_regime,"flatters_SB | -20.61% vs PDG Leg A (~1 muon cm^-2 min^-1 x A_top = 1.7204 Hz) | BRACKETING DISCLOSURE: PDG Leg B (I_v ~ 70 m^-2 s^-1 sr^-1 with cos^2 theta -> 1.1350 Hz) puts the same adopted 1.3659 Hz at +20.34%, i.e. penalizes_SB; the two PDG statements BRACKET the adopted rate from opposite sides, so the ~20% MAGNITUDE is solid and the SIGN is anchor-leg dependent | underlying limit: 30-35% inter-experiment Gaisser-Guan normalization spread, which no in-repo artifact can narrow","neutral | +0.00% vs the LABChico measured survey, which IS the adopted normalization | factor-2 site-dependent band x0.5 .. x2 (the low edge is the flattering one and is not used) | weakest anchor: the U-chain flux rests on an assumed Phi_U = Phi_Th chain balance, not a measured line intensity"
2.113489040e-06,0.000000e+00,0.000000e+00,0.000000e+00,0.000000e+00,0.000000e+00,0.000000e+00,0.000000e+00,0.000000e+00,trigger_probability_regime,"flatters_SB | -20.61% vs PDG Leg A (~1 muon cm^-2 min^-1 x A_top = 1.7204 Hz) | BRACKETING DISCLOSURE: PDG Leg B (I_v ~ 70 m^-2 s^-1 sr^-1 with cos^2 theta -> 1.1350 Hz) puts the same adopted 1.3659 Hz at +20.34%, i.e. penalizes_SB; the two PDG statements BRACKET the adopted rate from opposite sides, so the ~20% MAGNITUDE is solid and the SIGN is anchor-leg dependent | underlying limit: 30-35% inter-experiment Gaisser-Guan normalization spread, which no in-repo artifact can narrow","neutral | +0.00% vs the LABChico measured survey, which IS the adopted normalization | factor-2 site-dependent band x0.5 .. x2 (the low edge is the flattering one and is not used) | weakest anchor: the U-chain flux rests on an assumed Phi_U = Phi_Th chain balance, not a measured line intensity"
2.371373706e-06,0.000000e+00,0.000000e+00,0.000000e+00,0.000000e+00,0.000000e+00,0.000000e+00,0.000000e+00,0.000000e+00,trigger_probability_regime,"flatters_SB | -20.61% vs PDG Leg A (~1 muon cm^-2 min^-1 x A_top = 1.7204 Hz) | BRACKETING DISCLOSURE: PDG Leg B (I_v ~ 70 m^-2 s^-1 sr^-1 with cos^2 theta -> 1.1350 Hz) puts the same adopted 1.3659 Hz at +20.34%, i.e. penalizes_SB; the two PDG statements BRACKET the adopted rate from opposite sides, so the ~20% MAGNITUDE is solid and the SIGN is anchor-leg dependent | underlying limit: 30-35% inter-experiment Gaisser-Guan normalization spread, which no in-repo artifact can narrow","neutral | +0.00% vs the LABChico measured survey, which IS the adopted normalization | factor-2 site-dependent band x0.5 .. x2 (the low edge is the flattering one and is not used) | weakest anchor: the U-chain flux rests on an assumed Phi_U = Phi_Th chain balance, not a measured line intensity"
2.660725060e-06,0.000000e+00,0.000000e+00,0.000000e+00,0.000000e+00,0.000000e+00,0.000000e+00,0.000000e+00,0.000000e+00,trigger_probability_regime,"flatters_SB | -20.61% vs PDG Leg A (~1 muon cm^-2 min^-1 x A_top = 1.7204 Hz) | BRACKETING DISCLOSURE: PDG Leg B (I_v ~ 70 m^-2 s^-1 sr^-1 with cos^2 theta -> 1.1350 Hz) puts the same adopted 1.3659 Hz at +20.34%, i.e. penalizes_SB; the two PDG statements BRACKET the adopted rate from opposite sides, so the ~20% MAGNITUDE is solid and the SIGN is anchor-leg dependent | underlying limit: 30-35% inter-experiment Gaisser-Guan normalization spread, which no in-repo artifact can narrow","neutral | +0.00% vs the LABChico measured survey, which IS the adopted normalization | factor-2 site-dependent band x0.5 .. x2 (the low edge is the flattering one and is not used) | weakest anchor: the U-chain flux rests on an assumed Phi_U = Phi_Th chain balance, not a measured line intensity"
2.985382619e-06,0.000000e+00,0.000000e+00,0.000000e+00,0.000000e+00,0.000000e+00,0.000000e+00,0.000000e+00,0.000000e+00,trigger_probability_regime,"flatters_SB | -20.61% vs PDG Leg A (~1 muon cm^-2 min^-1 x A_top = 1.7204 Hz) | BRACKETING DISCLOSURE: PDG Leg B (I_v ~ 70 m^-2 s^-1 sr^-1 with cos^2 theta -> 1.1350 Hz) puts the same adopted 1.3659 Hz at +20.34%, i.e. penalizes_SB; the two PDG statements BRACKET the adopted rate from opposite sides, so the ~20% MAGNITUDE is solid and the SIGN is anchor-leg dependent | underlying limit: 30-35% inter-experiment Gaisser-Guan normalization spread, which no in-repo artifact can narrow","neutral | +0.00% vs the LABChico measured survey, which IS the adopted normalization | factor-2 site-dependent band x0.5 .. x2 (the low edge is the flattering one and is not used) | weakest anchor: the U-chain flux rests on an assumed Phi_U = Phi_Th chain balance, not a measured line intensity"
3.349654392e-06,0.000000e+00,0.000000e+00,0.000000e+00,0.000000e+00,0.000000e+00,0.000000e+00,0.000000e+00,0.000000e+00,trigger_probability_regime,"flatters_SB | -20.61% vs PDG Leg A (~1 muon cm^-2 min^-1 x A_top = 1.7204 Hz) | BRACKETING DISCLOSURE: PDG Leg B (I_v ~ 70 m^-2 s^-1 sr^-1 with cos^2 theta -> 1.1350 Hz) puts the same adopted 1.3659 Hz at +20.34%, i.e. penalizes_SB; the two PDG statements BRACKET the adopted rate from opposite sides, so the ~20% MAGNITUDE is solid and the SIGN is anchor-leg dependent | underlying limit: 30-35% inter-experiment Gaisser-Guan normalization spread, which no in-repo artifact can narrow","neutral | +0.00% vs the LABChico measured survey, which IS the adopted normalization | factor-2 site-dependent band x0.5 .. x2 (the low edge is the flattering one and is not used) | weakest anchor: the U-chain flux rests on an assumed Phi_U = Phi_Th chain balance, not a measured line intensity"
3.758374043e-06,0.000000e+00,0.000000e+00,0.000000e+00,0.000000e+00,0.000000e+00,0.000000e+00,0.000000e+00,0.000000e+00,trigger_probability_regime,"flatters_SB | -20.61% vs PDG Leg A (~1 muon cm^-2 min^-1 x A_top = 1.7204 Hz) | BRACKETING DISCLOSURE: PDG Leg B (I_v ~ 70 m^-2 s^-1 sr^-1 with cos^2 theta -> 1.1350 Hz) puts the same adopted 1.3659 Hz at +20.34%, i.e. penalizes_SB; the two PDG statements BRACKET the adopted rate from opposite sides, so the ~20% MAGNITUDE is solid and the SIGN is anchor-leg dependent | underlying limit: 30-35% inter-experiment Gaisser-Guan normalization spread, which no in-repo artifact can narrow","neutral | +0.00% vs the LABChico measured survey, which IS the adopted normalization | factor-2 site-dependent band x0.5 .. x2 (the low edge is the flattering one and is not used) | weakest anchor: the U-chain flux rests on an assumed Phi_U = Phi_Th chain balance, not a measured line intensity"
4.216965034e-06,0.000000e+00,0.000000e+00,0.000000e+00,0.000000e+00,0.000000e+00,0.000000e+00,0.000000e+00,0.000000e+00,trigger_probability_regime,"flatters_SB | -20.61% vs PDG Leg A (~1 muon cm^-2 min^-1 x A_top = 1.7204 Hz) | BRACKETING DISCLOSURE: PDG Leg B (I_v ~ 70 m^-2 s^-1 sr^-1 with cos^2 theta -> 1.1350 Hz) puts the same adopted 1.3659 Hz at +20.34%, i.e. penalizes_SB; the two PDG statements BRACKET the adopted rate from opposite sides, so the ~20% MAGNITUDE is solid and the SIGN is anchor-leg dependent | underlying limit: 30-35% inter-experiment Gaisser-Guan normalization spread, which no in-repo artifact can narrow","neutral | +0.00% vs the LABChico measured survey, which IS the adopted normalization | factor-2 site-dependent band x0.5 .. x2 (the low edge is the flattering one and is not used) | weakest anchor: the U-chain flux rests on an assumed Phi_U = Phi_Th chain balance, not a measured line intensity"
4.731512590e-06,0.000000e+00,0.000000e+00,0.000000e+00,0.000000e+00,0.000000e+00,0.000000e+00,0.000000e+00,0.000000e+00,trigger_probability_regime,"flatters_SB | -20.61% vs PDG Leg A (~1 muon cm^-2 min^-1 x A_top = 1.7204 Hz) | BRACKETING DISCLOSURE: PDG Leg B (I_v ~ 70 m^-2 s^-1 sr^-1 with cos^2 theta -> 1.1350 Hz) puts the same adopted 1.3659 Hz at +20.34%, i.e. penalizes_SB; the two PDG statements BRACKET the adopted rate from opposite sides, so the ~20% MAGNITUDE is solid and the SIGN is anchor-leg dependent | underlying limit: 30-35% inter-experiment Gaisser-Guan normalization spread, which no in-repo artifact can narrow","neutral | +0.00% vs the LABChico measured survey, which IS the adopted normalization | factor-2 site-dependent band x0.5 .. x2 (the low edge is the flattering one and is not used) | weakest anchor: the U-chain flux rests on an assumed Phi_U = Phi_Th chain balance, not a measured line intensity"
5.308844442e-06,5.930068e+00,2.215256e-03,3.854544e+00,8.005591e+00,0.000000e+00,0.000000e+00,0.000000e+00,0.000000e+00,trigger_probability_regime,"flatters_SB | -20.61% vs PDG Leg A (~1 muon cm^-2 min^-1 x A_top = 1.7204 Hz) | BRACKETING DISCLOSURE: PDG Leg B (I_v ~ 70 m^-2 s^-1 sr^-1 with cos^2 theta -> 1.1350 Hz) puts the same adopted 1.3659 Hz at +20.34%, i.e. penalizes_SB; the two PDG statements BRACKET the adopted rate from opposite sides, so the ~20% MAGNITUDE is solid and the SIGN is anchor-leg dependent | underlying limit: 30-35% inter-experiment Gaisser-Guan normalization spread, which no in-repo artifact can narrow","neutral | +0.00% vs the LABChico measured survey, which IS the adopted normalization | factor-2 site-dependent band x0.5 .. x2 (the low edge is the flattering one and is not used) | weakest anchor: the U-chain flux rests on an assumed Phi_U = Phi_Th chain balance, not a measured line intensity"
5.956621435e-06,0.000000e+00,0.000000e+00,0.000000e+00,0.000000e+00,0.000000e+00,0.000000e+00,0.000000e+00,0.000000e+00,trigger_probability_regime,"flatters_SB | -20.61% vs PDG Leg A (~1 muon cm^-2 min^-1 x A_top = 1.7204 Hz) | BRACKETING DISCLOSURE: PDG Leg B (I_v ~ 70 m^-2 s^-1 sr^-1 with cos^2 theta -> 1.1350 Hz) puts the same adopted 1.3659 Hz at +20.34%, i.e. penalizes_SB; the two PDG statements BRACKET the adopted rate from opposite sides, so the ~20% MAGNITUDE is solid and the SIGN is anchor-leg dependent | underlying limit: 30-35% inter-experiment Gaisser-Guan normalization spread, which no in-repo artifact can narrow","neutral | +0.00% vs the LABChico measured survey, which IS the adopted normalization | factor-2 site-dependent band x0.5 .. x2 (the low edge is the flattering one and is not used) | weakest anchor: the U-chain flux rests on an assumed Phi_U = Phi_Th chain balance, not a measured line intensity"
6.683439176e-06,0.000000e+00,0.000000e+00,0.000000e+00,0.000000e+00,0.000000e+00,0.000000e+00,0.000000e+00,0.000000e+00,trigger_probability_regime,"flatters_SB | -20.61% vs PDG Leg A (~1 muon cm^-2 min^-1 x A_top = 1.7204 Hz) | BRACKETING DISCLOSURE: PDG Leg B (I_v ~ 70 m^-2 s^-1 sr^-1 with cos^2 theta -> 1.1350 Hz) puts the same adopted 1.3659 Hz at +20.34%, i.e. penalizes_SB; the two PDG statements BRACKET the adopted rate from opposite sides, so the ~20% MAGNITUDE is solid and the SIGN is anchor-leg dependent | underlying limit: 30-35% inter-experiment Gaisser-Guan normalization spread, which no in-repo artifact can narrow","neutral | +0.00% vs the LABChico measured survey, which IS the adopted normalization | factor-2 site-dependent band x0.5 .. x2 (the low edge is the flattering one and is not used) | weakest anchor: the U-chain flux rests on an assumed Phi_U = Phi_Th chain balance, not a measured line intensity"
7.498942093e-06,0.000000e+00,0.000000e+00,0.000000e+00,0.000000e+00,0.000000e+00,0.000000e+00,0.000000e+00,0.000000e+00,trigger_probability_regime,"flatters_SB | -20.61% vs PDG Leg A (~1 muon cm^-2 min^-1 x A_top = 1.7204 Hz) | BRACKETING DISCLOSURE: PDG Leg B (I_v ~ 70 m^-2 s^-1 sr^-1 with cos^2 theta -> 1.1350 Hz) puts the same adopted 1.3659 Hz at +20.34%, i.e. penalizes_SB; the two PDG statements BRACKET the adopted rate from opposite sides, so the ~20% MAGNITUDE is solid and the SIGN is anchor-leg dependent | underlying limit: 30-35% inter-experiment Gaisser-Guan normalization spread, which no in-repo artifact can narrow","neutral | +0.00% vs the LABChico measured survey, which IS the adopted normalization | factor-2 site-dependent band x0.5 .. x2 (the low edge is the flattering one and is not used) | weakest anchor: the U-chain flux rests on an assumed Phi_U = Phi_Th chain balance, not a measured line intensity"
8.413951416e-06,0.000000e+00,0.000000e+00,0.000000e+00,0.000000e+00,0.000000e+00,0.000000e+00,0.000000e+00,0.000000e+00,trigger_probability_regime,"flatters_SB | -20.61% vs PDG Leg A (~1 muon cm^-2 min^-1 x A_top = 1.7204 Hz) | BRACKETING DISCLOSURE: PDG Leg B (I_v ~ 70 m^-2 s^-1 sr^-1 with cos^2 theta -> 1.1350 Hz) puts the same adopted 1.3659 Hz at +20.34%, i.e. penalizes_SB; the two PDG statements BRACKET the adopted rate from opposite sides, so the ~20% MAGNITUDE is solid and the SIGN is anchor-leg dependent | underlying limit: 30-35% inter-experiment Gaisser-Guan normalization spread, which no in-repo artifact can narrow","neutral | +0.00% vs the LABChico measured survey, which IS the adopted normalization | factor-2 site-dependent band x0.5 .. x2 (the low edge is the flattering one and is not used) | weakest anchor: the U-chain flux rests on an assumed Phi_U = Phi_Th chain balance, not a measured line intensity"
9.440608763e-06,4.318422e+01,1.613519e-02,2.806975e+01,5.829870e+01,0.000000e+00,0.000000e+00,0.000000e+00,0.000000e+00,trigger_probability_regime,"flatters_SB | -20.61% vs PDG Leg A (~1 muon cm^-2 min^-1 x A_top = 1.7204 Hz) | BRACKETING DISCLOSURE: PDG Leg B (I_v ~ 70 m^-2 s^-1 sr^-1 with cos^2 theta -> 1.1350 Hz) puts the same adopted 1.3659 Hz at +20.34%, i.e. penalizes_SB; the two PDG statements BRACKET the adopted rate from opposite sides, so the ~20% MAGNITUDE is solid and the SIGN is anchor-leg dependent | underlying limit: 30-35% inter-experiment Gaisser-Guan normalization spread, which no in-repo artifact can narrow","neutral | +0.00% vs the LABChico measured survey, which IS the adopted normalization | factor-2 site-dependent band x0.5 .. x2 (the low edge is the flattering one and is not used) | weakest anchor: the U-chain flux rests on an assumed Phi_U = Phi_Th chain balance, not a measured line intensity"
1.059253725e-05,7.203634e-01,2.829251e-04,4.682362e-01,9.724906e-01,0.000000e+00,0.000000e+00,0.000000e+00,0.000000e+00,trigger_probability_regime,"flatters_SB | -20.61% vs PDG Leg A (~1 muon cm^-2 min^-1 x A_top = 1.7204 Hz) | BRACKETING DISCLOSURE: PDG Leg B (I_v ~ 70 m^-2 s^-1 sr^-1 with cos^2 theta -> 1.1350 Hz) puts the same adopted 1.3659 Hz at +20.34%, i.e. penalizes_SB; the two PDG statements BRACKET the adopted rate from opposite sides, so the ~20% MAGNITUDE is solid and the SIGN is anchor-leg dependent | underlying limit: 30-35% inter-experiment Gaisser-Guan normalization spread, which no in-repo artifact can narrow","neutral | +0.00% vs the LABChico measured survey, which IS the adopted normalization | factor-2 site-dependent band x0.5 .. x2 (the low edge is the flattering one and is not used) | weakest anchor: the U-chain flux rests on an assumed Phi_U = Phi_Th chain balance, not a measured line intensity"
1.188502227e-05,0.000000e+00,0.000000e+00,0.000000e+00,0.000000e+00,0.000000e+00,0.000000e+00,0.000000e+00,0.000000e+00,trigger_probability_regime,"flatters_SB | -20.61% vs PDG Leg A (~1 muon cm^-2 min^-1 x A_top = 1.7204 Hz) | BRACKETING DISCLOSURE: PDG Leg B (I_v ~ 70 m^-2 s^-1 sr^-1 with cos^2 theta -> 1.1350 Hz) puts the same adopted 1.3659 Hz at +20.34%, i.e. penalizes_SB; the two PDG statements BRACKET the adopted rate from opposite sides, so the ~20% MAGNITUDE is solid and the SIGN is anchor-leg dependent | underlying limit: 30-35% inter-experiment Gaisser-Guan normalization spread, which no in-repo artifact can narrow","neutral | +0.00% vs the LABChico measured survey, which IS the adopted normalization | factor-2 site-dependent band x0.5 .. x2 (the low edge is the flattering one and is not used) | weakest anchor: the U-chain flux rests on an assumed Phi_U = Phi_Th chain balance, not a measured line intensity"
1.333521432e-05,0.000000e+00,0.000000e+00,0.000000e+00,0.000000e+00,0.000000e+00,0.000000e+00,0.000000e+00,0.000000e+00,trigger_probability_regime,"flatters_SB | -20.61% vs PDG Leg A (~1 muon cm^-2 min^-1 x A_top = 1.7204 Hz) | BRACKETING DISCLOSURE: PDG Leg B (I_v ~ 70 m^-2 s^-1 sr^-1 with cos^2 theta -> 1.1350 Hz) puts the same adopted 1.3659 Hz at +20.34%, i.e. penalizes_SB; the two PDG statements BRACKET the adopted rate from opposite sides, so the ~20% MAGNITUDE is solid and the SIGN is anchor-leg dependent | underlying limit: 30-35% inter-experiment Gaisser-Guan normalization spread, which no in-repo artifact can narrow","neutral | +0.00% vs the LABChico measured survey, which IS the adopted normalization | factor-2 site-dependent band x0.5 .. x2 (the low edge is the flattering one and is not used) | weakest anchor: the U-chain flux rests on an assumed Phi_U = Phi_Th chain balance, not a measured line intensity"
1.496235656e-05,9.513746e+00,3.558183e-03,6.183935e+00,1.284356e+01,0.000000e+00,0.000000e+00,0.000000e+00,0.000000e+00,trigger_probability_regime,"flatters_SB | -20.61% vs PDG Leg A (~1 muon cm^-2 min^-1 x A_top = 1.7204 Hz) | BRACKETING DISCLOSURE: PDG Leg B (I_v ~ 70 m^-2 s^-1 sr^-1 with cos^2 theta -> 1.1350 Hz) puts the same adopted 1.3659 Hz at +20.34%, i.e. penalizes_SB; the two PDG statements BRACKET the adopted rate from opposite sides, so the ~20% MAGNITUDE is solid and the SIGN is anchor-leg dependent | underlying limit: 30-35% inter-experiment Gaisser-Guan normalization spread, which no in-repo artifact can narrow","neutral | +0.00% vs the LABChico measured survey, which IS the adopted normalization | factor-2 site-dependent band x0.5 .. x2 (the low edge is the flattering one and is not used) | weakest anchor: the U-chain flux rests on an assumed Phi_U = Phi_Th chain balance, not a measured line intensity"
1.678804018e-05,9.967435e-02,3.710839e-05,6.478833e-02,1.345604e-01,0.000000e+00,0.000000e+00,0.000000e+00,0.000000e+00,trigger_probability_regime,"flatters_SB | -20.61% vs PDG Leg A (~1 muon cm^-2 min^-1 x A_top = 1.7204 Hz) | BRACKETING DISCLOSURE: PDG Leg B (I_v ~ 70 m^-2 s^-1 sr^-1 with cos^2 theta -> 1.1350 Hz) puts the same adopted 1.3659 Hz at +20.34%, i.e. penalizes_SB; the two PDG statements BRACKET the adopted rate from opposite sides, so the ~20% MAGNITUDE is solid and the SIGN is anchor-leg dependent | underlying limit: 30-35% inter-experiment Gaisser-Guan normalization spread, which no in-repo artifact can narrow","neutral | +0.00% vs the LABChico measured survey, which IS the adopted normalization | factor-2 site-dependent band x0.5 .. x2 (the low edge is the flattering one and is not used) | weakest anchor: the U-chain flux rests on an assumed Phi_U = Phi_Th chain balance, not a measured line intensity"
1.883649089e-05,4.220679e+01,1.578236e-02,2.743441e+01,5.697916e+01,0.000000e+00,0.000000e+00,0.000000e+00,0.000000e+00,trigger_probability_regime,"flatters_SB | -20.61% vs PDG Leg A (~1 muon cm^-2 min^-1 x A_top = 1.7204 Hz) | BRACKETING DISCLOSURE: PDG Leg B (I_v ~ 70 m^-2 s^-1 sr^-1 with cos^2 theta -> 1.1350 Hz) puts the same adopted 1.3659 Hz at +20.34%, i.e. penalizes_SB; the two PDG statements BRACKET the adopted rate from opposite sides, so the ~20% MAGNITUDE is solid and the SIGN is anchor-leg dependent | underlying limit: 30-35% inter-experiment Gaisser-Guan normalization spread, which no in-repo artifact can narrow","neutral | +0.00% vs the LABChico measured survey, which IS the adopted normalization | factor-2 site-dependent band x0.5 .. x2 (the low edge is the flattering one and is not used) | weakest anchor: the U-chain flux rests on an assumed Phi_U = Phi_Th chain balance, not a measured line intensity"
2.113489040e-05,1.010103e+00,3.887277e-04,6.565672e-01,1.363640e+00,0.000000e+00,0.000000e+00,0.000000e+00,0.000000e+00,trigger_probability_regime,"flatters_SB | -20.61% vs PDG Leg A (~1 muon cm^-2 min^-1 x A_top = 1.7204 Hz) | BRACKETING DISCLOSURE: PDG Leg B (I_v ~ 70 m^-2 s^-1 sr^-1 with cos^2 theta -> 1.1350 Hz) puts the same adopted 1.3659 Hz at +20.34%, i.e. penalizes_SB; the two PDG statements BRACKET the adopted rate from opposite sides, so the ~20% MAGNITUDE is solid and the SIGN is anchor-leg dependent | underlying limit: 30-35% inter-experiment Gaisser-Guan normalization spread, which no in-repo artifact can narrow","neutral | +0.00% vs the LABChico measured survey, which IS the adopted normalization | factor-2 site-dependent band x0.5 .. x2 (the low edge is the flattering one and is not used) | weakest anchor: the U-chain flux rests on an assumed Phi_U = Phi_Th chain balance, not a measured line intensity"
2.371373706e-05,1.326849e+01,4.964654e-03,8.624520e+00,1.791247e+01,0.000000e+00,0.000000e+00,0.000000e+00,0.000000e+00,trigger_probability_regime,"flatters_SB | -20.61% vs PDG Leg A (~1 muon cm^-2 min^-1 x A_top = 1.7204 Hz) | BRACKETING DISCLOSURE: PDG Leg B (I_v ~ 70 m^-2 s^-1 sr^-1 with cos^2 theta -> 1.1350 Hz) puts the same adopted 1.3659 Hz at +20.34%, i.e. penalizes_SB; the two PDG statements BRACKET the adopted rate from opposite sides, so the ~20% MAGNITUDE is solid and the SIGN is anchor-leg dependent | underlying limit: 30-35% inter-experiment Gaisser-Guan normalization spread, which no in-repo artifact can narrow","neutral | +0.00% vs the LABChico measured survey, which IS the adopted normalization | factor-2 site-dependent band x0.5 .. x2 (the low edge is the flattering one and is not used) | weakest anchor: the U-chain flux rests on an assumed Phi_U = Phi_Th chain balance, not a measured line intensity"
2.660725060e-05,4.580705e-02,1.899221e-05,2.977458e-02,6.183951e-02,0.000000e+00,0.000000e+00,0.000000e+00,0.000000e+00,trigger_probability_regime,"flatters_SB | -20.61% vs PDG Leg A (~1 muon cm^-2 min^-1 x A_top = 1.7204 Hz) | BRACKETING DISCLOSURE: PDG Leg B (I_v ~ 70 m^-2 s^-1 sr^-1 with cos^2 theta -> 1.1350 Hz) puts the same adopted 1.3659 Hz at +20.34%, i.e. penalizes_SB; the two PDG statements BRACKET the adopted rate from opposite sides, so the ~20% MAGNITUDE is solid and the SIGN is anchor-leg dependent | underlying limit: 30-35% inter-experiment Gaisser-Guan normalization spread, which no in-repo artifact can narrow","neutral | +0.00% vs the LABChico measured survey, which IS the adopted normalization | factor-2 site-dependent band x0.5 .. x2 (the low edge is the flattering one and is not used) | weakest anchor: the U-chain flux rests on an assumed Phi_U = Phi_Th chain balance, not a measured line intensity"
2.985382619e-05,4.243924e+01,1.592314e-02,2.758550e+01,5.729297e+01,0.000000e+00,0.000000e+00,0.000000e+00,0.000000e+00,trigger_probability_regime,"flatters_SB | -20.61% vs PDG Leg A (~1 muon cm^-2 min^-1 x A_top = 1.7204 Hz) | BRACKETING DISCLOSURE: PDG Leg B (I_v ~ 70 m^-2 s^-1 sr^-1 with cos^2 theta -> 1.1350 Hz) puts the same adopted 1.3659 Hz at +20.34%, i.e. penalizes_SB; the two PDG statements BRACKET the adopted rate from opposite sides, so the ~20% MAGNITUDE is solid and the SIGN is anchor-leg dependent | underlying limit: 30-35% inter-experiment Gaisser-Guan normalization spread, which no in-repo artifact can narrow","neutral | +0.00% vs the LABChico measured survey, which IS the adopted normalization | factor-2 site-dependent band x0.5 .. x2 (the low edge is the flattering one and is not used) | weakest anchor: the U-chain flux rests on an assumed Phi_U = Phi_Th chain balance, not a measured line intensity"
3.349654392e-05,1.087855e+01,4.071775e-03,7.071055e+00,1.468604e+01,0.000000e+00,0.000000e+00,0.000000e+00,0.000000e+00,trigger_probability_regime,"flatters_SB | -20.61% vs PDG Leg A (~1 muon cm^-2 min^-1 x A_top = 1.7204 Hz) | BRACKETING DISCLOSURE: PDG Leg B (I_v ~ 70 m^-2 s^-1 sr^-1 with cos^2 theta -> 1.1350 Hz) puts the same adopted 1.3659 Hz at +20.34%, i.e. penalizes_SB; the two PDG statements BRACKET the adopted rate from opposite sides, so the ~20% MAGNITUDE is solid and the SIGN is anchor-leg dependent | underlying limit: 30-35% inter-experiment Gaisser-Guan normalization spread, which no in-repo artifact can narrow","neutral | +0.00% vs the LABChico measured survey, which IS the adopted normalization | factor-2 site-dependent band x0.5 .. x2 (the low edge is the flattering one and is not used) | weakest anchor: the U-chain flux rests on an assumed Phi_U = Phi_Th chain balance, not a measured line intensity"
3.758374043e-05,3.258632e+01,1.222879e-02,2.118111e+01,4.399154e+01,0.000000e+00,0.000000e+00,0.000000e+00,0.000000e+00,trigger_probability_regime,"flatters_SB | -20.61% vs PDG Leg A (~1 muon cm^-2 min^-1 x A_top = 1.7204 Hz) | BRACKETING DISCLOSURE: PDG Leg B (I_v ~ 70 m^-2 s^-1 sr^-1 with cos^2 theta -> 1.1350 Hz) puts the same adopted 1.3659 Hz at +20.34%, i.e. penalizes_SB; the two PDG statements BRACKET the adopted rate from opposite sides, so the ~20% MAGNITUDE is solid and the SIGN is anchor-leg dependent | underlying limit: 30-35% inter-experiment Gaisser-Guan normalization spread, which no in-repo artifact can narrow","neutral | +0.00% vs the LABChico measured survey, which IS the adopted normalization | factor-2 site-dependent band x0.5 .. x2 (the low edge is the flattering one and is not used) | weakest anchor: the U-chain flux rests on an assumed Phi_U = Phi_Th chain balance, not a measured line intensity"
4.216965034e-05,9.599067e+00,4.103630e-03,6.239393e+00,1.295874e+01,1.238919e-02,7.321341e-05,6.194596e-03,2.477839e-02,trigger_probability_regime,"flatters_SB | -20.61% vs PDG Leg A (~1 muon cm^-2 min^-1 x A_top = 1.7204 Hz) | BRACKETING DISCLOSURE: PDG Leg B (I_v ~ 70 m^-2 s^-1 sr^-1 with cos^2 theta -> 1.1350 Hz) puts the same adopted 1.3659 Hz at +20.34%, i.e. penalizes_SB; the two PDG statements BRACKET the adopted rate from opposite sides, so the ~20% MAGNITUDE is solid and the SIGN is anchor-leg dependent | underlying limit: 30-35% inter-experiment Gaisser-Guan normalization spread, which no in-repo artifact can narrow","neutral | +0.00% vs the LABChico measured survey, which IS the adopted normalization | factor-2 site-dependent band x0.5 .. x2 (the low edge is the flattering one and is not used) | weakest anchor: the U-chain flux rests on an assumed Phi_U = Phi_Th chain balance, not a measured line intensity"
4.731512590e-05,2.004212e+01,8.375056e-03,1.302738e+01,2.705686e+01,2.208376e-02,1.305030e-04,1.104188e-02,4.416752e-02,trigger_probability_regime,"flatters_SB | -20.61% vs PDG Leg A (~1 muon cm^-2 min^-1 x A_top = 1.7204 Hz) | BRACKETING DISCLOSURE: PDG Leg B (I_v ~ 70 m^-2 s^-1 sr^-1 with cos^2 theta -> 1.1350 Hz) puts the same adopted 1.3659 Hz at +20.34%, i.e. penalizes_SB; the two PDG statements BRACKET the adopted rate from opposite sides, so the ~20% MAGNITUDE is solid and the SIGN is anchor-leg dependent | underlying limit: 30-35% inter-experiment Gaisser-Guan normalization spread, which no in-repo artifact can narrow","neutral | +0.00% vs the LABChico measured survey, which IS the adopted normalization | factor-2 site-dependent band x0.5 .. x2 (the low edge is the flattering one and is not used) | weakest anchor: the U-chain flux rests on an assumed Phi_U = Phi_Th chain balance, not a measured line intensity"
5.308844442e-05,8.565205e+00,3.670990e-03,5.567383e+00,1.156303e+01,1.467602e-02,6.325991e-05,7.338009e-03,2.935203e-02,trigger_probability_regime,"flatters_SB | -20.61% vs PDG Leg A (~1 muon cm^-2 min^-1 x A_top = 1.7204 Hz) | BRACKETING DISCLOSURE: PDG Leg B (I_v ~ 70 m^-2 s^-1 sr^-1 with cos^2 theta -> 1.1350 Hz) puts the same adopted 1.3659 Hz at +20.34%, i.e. penalizes_SB; the two PDG statements BRACKET the adopted rate from opposite sides, so the ~20% MAGNITUDE is solid and the SIGN is anchor-leg dependent | underlying limit: 30-35% inter-experiment Gaisser-Guan normalization spread, which no in-repo artifact can narrow","neutral | +0.00% vs the LABChico measured survey, which IS the adopted normalization | factor-2 site-dependent band x0.5 .. x2 (the low edge is the flattering one and is not used) | weakest anchor: the U-chain flux rests on an assumed Phi_U = Phi_Th chain balance, not a measured line intensity"
5.956621435e-05,1.186795e+01,5.576675e-03,7.714169e+00,1.602174e+01,2.846720e-02,1.577680e-04,1.423360e-02,5.693440e-02,trigger_probability_regime,"flatters_SB | -20.61% vs PDG Leg A (~1 muon cm^-2 min^-1 x A_top = 1.7204 Hz) | BRACKETING DISCLOSURE: PDG Leg B (I_v ~ 70 m^-2 s^-1 sr^-1 with cos^2 theta -> 1.1350 Hz) puts the same adopted 1.3659 Hz at +20.34%, i.e. penalizes_SB; the two PDG statements BRACKET the adopted rate from opposite sides, so the ~20% MAGNITUDE is solid and the SIGN is anchor-leg dependent | underlying limit: 30-35% inter-experiment Gaisser-Guan normalization spread, which no in-repo artifact can narrow","neutral | +0.00% vs the LABChico measured survey, which IS the adopted normalization | factor-2 site-dependent band x0.5 .. x2 (the low edge is the flattering one and is not used) | weakest anchor: the U-chain flux rests on an assumed Phi_U = Phi_Th chain balance, not a measured line intensity"
6.683439176e-05,9.625595e+00,4.383034e-03,6.256637e+00,1.299455e+01,1.755437e-02,9.441638e-05,8.777183e-03,3.510873e-02,trigger_probability_regime,"flatters_SB | -20.61% vs PDG Leg A (~1 muon cm^-2 min^-1 x A_top = 1.7204 Hz) | BRACKETING DISCLOSURE: PDG Leg B (I_v ~ 70 m^-2 s^-1 sr^-1 with cos^2 theta -> 1.1350 Hz) puts the same adopted 1.3659 Hz at +20.34%, i.e. penalizes_SB; the two PDG statements BRACKET the adopted rate from opposite sides, so the ~20% MAGNITUDE is solid and the SIGN is anchor-leg dependent | underlying limit: 30-35% inter-experiment Gaisser-Guan normalization spread, which no in-repo artifact can narrow","neutral | +0.00% vs the LABChico measured survey, which IS the adopted normalization | factor-2 site-dependent band x0.5 .. x2 (the low edge is the flattering one and is not used) | weakest anchor: the U-chain flux rests on an assumed Phi_U = Phi_Th chain balance, not a measured line intensity"
7.498942093e-05,6.797227e+00,6.567632e-03,4.418197e+00,9.176256e+00,1.078060e-01,5.872340e-04,5.390299e-02,2.156120e-01,trigger_probability_regime,"flatters_SB | -20.61% vs PDG Leg A (~1 muon cm^-2 min^-1 x A_top = 1.7204 Hz) | BRACKETING DISCLOSURE: PDG Leg B (I_v ~ 70 m^-2 s^-1 sr^-1 with cos^2 theta -> 1.1350 Hz) puts the same adopted 1.3659 Hz at +20.34%, i.e. penalizes_SB; the two PDG statements BRACKET the adopted rate from opposite sides, so the ~20% MAGNITUDE is solid and the SIGN is anchor-leg dependent | underlying limit: 30-35% inter-experiment Gaisser-Guan normalization spread, which no in-repo artifact can narrow","neutral | +0.00% vs the LABChico measured survey, which IS the adopted normalization | factor-2 site-dependent band x0.5 .. x2 (the low edge is the flattering one and is not used) | weakest anchor: the U-chain flux rests on an assumed Phi_U = Phi_Th chain balance, not a measured line intensity"
8.413951416e-05,5.342681e+00,6.512301e-03,3.472743e+00,7.212620e+00,1.436911e-01,6.640501e-04,7.184557e-02,2.873823e-01,trigger_probability_regime,"flatters_SB | -20.61% vs PDG Leg A (~1 muon cm^-2 min^-1 x A_top = 1.7204 Hz) | BRACKETING DISCLOSURE: PDG Leg B (I_v ~ 70 m^-2 s^-1 sr^-1 with cos^2 theta -> 1.1350 Hz) puts the same adopted 1.3659 Hz at +20.34%, i.e. penalizes_SB; the two PDG statements BRACKET the adopted rate from opposite sides, so the ~20% MAGNITUDE is solid and the SIGN is anchor-leg dependent | underlying limit: 30-35% inter-experiment Gaisser-Guan normalization spread, which no in-repo artifact can narrow","neutral | +0.00% vs the LABChico measured survey, which IS the adopted normalization | factor-2 site-dependent band x0.5 .. x2 (the low edge is the flattering one and is not used) | weakest anchor: the U-chain flux rests on an assumed Phi_U = Phi_Th chain balance, not a measured line intensity"
9.440608763e-05,4.865942e+00,7.373437e-03,3.162863e+00,6.569022e+00,1.965183e-01,7.984080e-04,9.825917e-02,3.930367e-01,trigger_probability_regime,"flatters_SB | -20.61% vs PDG Leg A (~1 muon cm^-2 min^-1 x A_top = 1.7204 Hz) | BRACKETING DISCLOSURE: PDG Leg B (I_v ~ 70 m^-2 s^-1 sr^-1 with cos^2 theta -> 1.1350 Hz) puts the same adopted 1.3659 Hz at +20.34%, i.e. penalizes_SB; the two PDG statements BRACKET the adopted rate from opposite sides, so the ~20% MAGNITUDE is solid and the SIGN is anchor-leg dependent | underlying limit: 30-35% inter-experiment Gaisser-Guan normalization spread, which no in-repo artifact can narrow","neutral | +0.00% vs the LABChico measured survey, which IS the adopted normalization | factor-2 site-dependent band x0.5 .. x2 (the low edge is the flattering one and is not used) | weakest anchor: the U-chain flux rests on an assumed Phi_U = Phi_Th chain balance, not a measured line intensity"
1.059253725e-04,6.866308e+00,1.365408e-02,4.463100e+00,9.269516e+00,3.761670e-01,1.570177e-03,1.880835e-01,7.523341e-01,trigger_probability_regime,"flatters_SB | -20.61% vs PDG Leg A (~1 muon cm^-2 min^-1 x A_top = 1.7204 Hz) | BRACKETING DISCLOSURE: PDG Leg B (I_v ~ 70 m^-2 s^-1 sr^-1 with cos^2 theta -> 1.1350 Hz) puts the same adopted 1.3659 Hz at +20.34%, i.e. penalizes_SB; the two PDG statements BRACKET the adopted rate from opposite sides, so the ~20% MAGNITUDE is solid and the SIGN is anchor-leg dependent | underlying limit: 30-35% inter-experiment Gaisser-Guan normalization spread, which no in-repo artifact can narrow","neutral | +0.00% vs the LABChico measured survey, which IS the adopted normalization | factor-2 site-dependent band x0.5 .. x2 (the low edge is the flattering one and is not used) | weakest anchor: the U-chain flux rests on an assumed Phi_U = Phi_Th chain balance, not a measured line intensity"
1.188502227e-04,9.688818e+00,1.702509e-02,6.297732e+00,1.307990e+01,4.763271e-01,1.740378e-03,2.381635e-01,9.526541e-01,trigger_probability_regime,"flatters_SB | -20.61% vs PDG Leg A (~1 muon cm^-2 min^-1 x A_top = 1.7204 Hz) | BRACKETING DISCLOSURE: PDG Leg B (I_v ~ 70 m^-2 s^-1 sr^-1 with cos^2 theta -> 1.1350 Hz) puts the same adopted 1.3659 Hz at +20.34%, i.e. penalizes_SB; the two PDG statements BRACKET the adopted rate from opposite sides, so the ~20% MAGNITUDE is solid and the SIGN is anchor-leg dependent | underlying limit: 30-35% inter-experiment Gaisser-Guan normalization spread, which no in-repo artifact can narrow","neutral | +0.00% vs the LABChico measured survey, which IS the adopted normalization | factor-2 site-dependent band x0.5 .. x2 (the low edge is the flattering one and is not used) | weakest anchor: the U-chain flux rests on an assumed Phi_U = Phi_Th chain balance, not a measured line intensity"
1.333521432e-04,1.394509e+01,2.731122e-02,9.064306e+00,1.882587e+01,8.672796e-01,2.836231e-03,4.336398e-01,1.734559e+00,trigger_probability_regime,"flatters_SB | -20.61% vs PDG Leg A (~1 muon cm^-2 min^-1 x A_top = 1.7204 Hz) | BRACKETING DISCLOSURE: PDG Leg B (I_v ~ 70 m^-2 s^-1 sr^-1 with cos^2 theta -> 1.1350 Hz) puts the same adopted 1.3659 Hz at +20.34%, i.e. penalizes_SB; the two PDG statements BRACKET the adopted rate from opposite sides, so the ~20% MAGNITUDE is solid and the SIGN is anchor-leg dependent | underlying limit: 30-35% inter-experiment Gaisser-Guan normalization spread, which no in-repo artifact can narrow","neutral | +0.00% vs the LABChico measured survey, which IS the adopted normalization | factor-2 site-dependent band x0.5 .. x2 (the low edge is the flattering one and is not used) | weakest anchor: the U-chain flux rests on an assumed Phi_U = Phi_Th chain balance, not a measured line intensity"
1.496235656e-04,2.039497e+01,4.276268e-02,1.325673e+01,2.753321e+01,1.162589e+00,4.193285e-03,5.812944e-01,2.325178e+00,trigger_probability_regime,"flatters_SB | -20.61% vs PDG Leg A (~1 muon cm^-2 min^-1 x A_top = 1.7204 Hz) | BRACKETING DISCLOSURE: PDG Leg B (I_v ~ 70 m^-2 s^-1 sr^-1 with cos^2 theta -> 1.1350 Hz) puts the same adopted 1.3659 Hz at +20.34%, i.e. penalizes_SB; the two PDG statements BRACKET the adopted rate from opposite sides, so the ~20% MAGNITUDE is solid and the SIGN is anchor-leg dependent | underlying limit: 30-35% inter-experiment Gaisser-Guan normalization spread, which no in-repo artifact can narrow","neutral | +0.00% vs the LABChico measured survey, which IS the adopted normalization | factor-2 site-dependent band x0.5 .. x2 (the low edge is the flattering one and is not used) | weakest anchor: the U-chain flux rests on an assumed Phi_U = Phi_Th chain balance, not a measured line intensity"
1.678804018e-04,2.496524e+01,5.563333e-02,1.622741e+01,3.370307e+01,1.462700e+00,5.244929e-03,7.313502e-01,2.925401e+00,trigger_probability_regime,"flatters_SB | -20.61% vs PDG Leg A (~1 muon cm^-2 min^-1 x A_top = 1.7204 Hz) | BRACKETING DISCLOSURE: PDG Leg B (I_v ~ 70 m^-2 s^-1 sr^-1 with cos^2 theta -> 1.1350 Hz) puts the same adopted 1.3659 Hz at +20.34%, i.e. penalizes_SB; the two PDG statements BRACKET the adopted rate from opposite sides, so the ~20% MAGNITUDE is solid and the SIGN is anchor-leg dependent | underlying limit: 30-35% inter-experiment Gaisser-Guan normalization spread, which no in-repo artifact can narrow","neutral | +0.00% vs the LABChico measured survey, which IS the adopted normalization | factor-2 site-dependent band x0.5 .. x2 (the low edge is the flattering one and is not used) | weakest anchor: the U-chain flux rests on an assumed Phi_U = Phi_Th chain balance, not a measured line intensity"
1.883649089e-04,2.740885e+01,7.161214e-02,1.781575e+01,3.700195e+01,1.599443e+00,6.158061e-03,7.997213e-01,3.198885e+00,trigger_probability_regime,"flatters_SB | -20.61% vs PDG Leg A (~1 muon cm^-2 min^-1 x A_top = 1.7204 Hz) | BRACKETING DISCLOSURE: PDG Leg B (I_v ~ 70 m^-2 s^-1 sr^-1 with cos^2 theta -> 1.1350 Hz) puts the same adopted 1.3659 Hz at +20.34%, i.e. penalizes_SB; the two PDG statements BRACKET the adopted rate from opposite sides, so the ~20% MAGNITUDE is solid and the SIGN is anchor-leg dependent | underlying limit: 30-35% inter-experiment Gaisser-Guan normalization spread, which no in-repo artifact can narrow","neutral | +0.00% vs the LABChico measured survey, which IS the adopted normalization | factor-2 site-dependent band x0.5 .. x2 (the low edge is the flattering one and is not used) | weakest anchor: the U-chain flux rests on an assumed Phi_U = Phi_Th chain balance, not a measured line intensity"
2.113489040e-04,2.648785e+01,8.807542e-02,1.721711e+01,3.575860e+01,1.715402e+00,7.764155e-03,8.577010e-01,3.430804e+00,trigger_probability_regime,"flatters_SB | -20.61% vs PDG Leg A (~1 muon cm^-2 min^-1 x A_top = 1.7204 Hz) | BRACKETING DISCLOSURE: PDG Leg B (I_v ~ 70 m^-2 s^-1 sr^-1 with cos^2 theta -> 1.1350 Hz) puts the same adopted 1.3659 Hz at +20.34%, i.e. penalizes_SB; the two PDG statements BRACKET the adopted rate from opposite sides, so the ~20% MAGNITUDE is solid and the SIGN is anchor-leg dependent | underlying limit: 30-35% inter-experiment Gaisser-Guan normalization spread, which no in-repo artifact can narrow","neutral | +0.00% vs the LABChico measured survey, which IS the adopted normalization | factor-2 site-dependent band x0.5 .. x2 (the low edge is the flattering one and is not used) | weakest anchor: the U-chain flux rests on an assumed Phi_U = Phi_Th chain balance, not a measured line intensity"
2.371373706e-04,2.358157e+01,1.018407e-01,1.532802e+01,3.183511e+01,1.553426e+00,8.037242e-03,7.767129e-01,3.106851e+00,trigger_probability_regime,"flatters_SB | -20.61% vs PDG Leg A (~1 muon cm^-2 min^-1 x A_top = 1.7204 Hz) | BRACKETING DISCLOSURE: PDG Leg B (I_v ~ 70 m^-2 s^-1 sr^-1 with cos^2 theta -> 1.1350 Hz) puts the same adopted 1.3659 Hz at +20.34%, i.e. penalizes_SB; the two PDG statements BRACKET the adopted rate from opposite sides, so the ~20% MAGNITUDE is solid and the SIGN is anchor-leg dependent | underlying limit: 30-35% inter-experiment Gaisser-Guan normalization spread, which no in-repo artifact can narrow","neutral | +0.00% vs the LABChico measured survey, which IS the adopted normalization | factor-2 site-dependent band x0.5 .. x2 (the low edge is the flattering one and is not used) | weakest anchor: the U-chain flux rests on an assumed Phi_U = Phi_Th chain balance, not a measured line intensity"
2.660725060e-04,2.002005e+01,1.178480e-01,1.301303e+01,2.702707e+01,1.400507e+00,8.320730e-03,7.002537e-01,2.801015e+00,trigger_probability_regime,"flatters_SB | -20.61% vs PDG Leg A (~1 muon cm^-2 min^-1 x A_top = 1.7204 Hz) | BRACKETING DISCLOSURE: PDG Leg B (I_v ~ 70 m^-2 s^-1 sr^-1 with cos^2 theta -> 1.1350 Hz) puts the same adopted 1.3659 Hz at +20.34%, i.e. penalizes_SB; the two PDG statements BRACKET the adopted rate from opposite sides, so the ~20% MAGNITUDE is solid and the SIGN is anchor-leg dependent | underlying limit: 30-35% inter-experiment Gaisser-Guan normalization spread, which no in-repo artifact can narrow","neutral | +0.00% vs the LABChico measured survey, which IS the adopted normalization | factor-2 site-dependent band x0.5 .. x2 (the low edge is the flattering one and is not used) | weakest anchor: the U-chain flux rests on an assumed Phi_U = Phi_Th chain balance, not a measured line intensity"
2.985382619e-04,1.748387e+01,1.346225e-01,1.136451e+01,2.360322e+01,1.236606e+00,8.335260e-03,6.183031e-01,2.473212e+00,trigger_probability_regime,"flatters_SB | -20.61% vs PDG Leg A (~1 muon cm^-2 min^-1 x A_top = 1.7204 Hz) | BRACKETING DISCLOSURE: PDG Leg B (I_v ~ 70 m^-2 s^-1 sr^-1 with cos^2 theta -> 1.1350 Hz) puts the same adopted 1.3659 Hz at +20.34%, i.e. penalizes_SB; the two PDG statements BRACKET the adopted rate from opposite sides, so the ~20% MAGNITUDE is solid and the SIGN is anchor-leg dependent | underlying limit: 30-35% inter-experiment Gaisser-Guan normalization spread, which no in-repo artifact can narrow","neutral | +0.00% vs the LABChico measured survey, which IS the adopted normalization | factor-2 site-dependent band x0.5 .. x2 (the low edge is the flattering one and is not used) | weakest anchor: the U-chain flux rests on an assumed Phi_U = Phi_Th chain balance, not a measured line intensity"
3.349654392e-04,1.473446e+01,1.488345e-01,9.577401e+00,1.989153e+01,1.031516e+00,1.133789e-02,5.157579e-01,2.063032e+00,trigger_probability_regime,"flatters_SB | -20.61% vs PDG Leg A (~1 muon cm^-2 min^-1 x A_top = 1.7204 Hz) | BRACKETING DISCLOSURE: PDG Leg B (I_v ~ 70 m^-2 s^-1 sr^-1 with cos^2 theta -> 1.1350 Hz) puts the same adopted 1.3659 Hz at +20.34%, i.e. penalizes_SB; the two PDG statements BRACKET the adopted rate from opposite sides, so the ~20% MAGNITUDE is solid and the SIGN is anchor-leg dependent | underlying limit: 30-35% inter-experiment Gaisser-Guan normalization spread, which no in-repo artifact can narrow","neutral | +0.00% vs the LABChico measured survey, which IS the adopted normalization | factor-2 site-dependent band x0.5 .. x2 (the low edge is the flattering one and is not used) | weakest anchor: the U-chain flux rests on an assumed Phi_U = Phi_Th chain balance, not a measured line intensity"
3.758374043e-04,1.107437e+01,1.857018e-01,7.198342e+00,1.495040e+01,8.684899e-01,1.817424e-02,4.342450e-01,1.736980e+00,trigger_probability_regime,"flatters_SB | -20.61% vs PDG Leg A (~1 muon cm^-2 min^-1 x A_top = 1.7204 Hz) | BRACKETING DISCLOSURE: PDG Leg B (I_v ~ 70 m^-2 s^-1 sr^-1 with cos^2 theta -> 1.1350 Hz) puts the same adopted 1.3659 Hz at +20.34%, i.e. penalizes_SB; the two PDG statements BRACKET the adopted rate from opposite sides, so the ~20% MAGNITUDE is solid and the SIGN is anchor-leg dependent | underlying limit: 30-35% inter-experiment Gaisser-Guan normalization spread, which no in-repo artifact can narrow","neutral | +0.00% vs the LABChico measured survey, which IS the adopted normalization | factor-2 site-dependent band x0.5 .. x2 (the low edge is the flattering one and is not used) | weakest anchor: the U-chain flux rests on an assumed Phi_U = Phi_Th chain balance, not a measured line intensity"
4.216965034e-04,8.411005e+00,2.934884e-01,5.467153e+00,1.135486e+01,9.189702e-01,3.537459e-02,4.594851e-01,1.837940e+00,trigger_probability_regime,"flatters_SB | -20.61% vs PDG Leg A (~1 muon cm^-2 min^-1 x A_top = 1.7204 Hz) | BRACKETING DISCLOSURE: PDG Leg B (I_v ~ 70 m^-2 s^-1 sr^-1 with cos^2 theta -> 1.1350 Hz) puts the same adopted 1.3659 Hz at +20.34%, i.e. penalizes_SB; the two PDG statements BRACKET the adopted rate from opposite sides, so the ~20% MAGNITUDE is solid and the SIGN is anchor-leg dependent | underlying limit: 30-35% inter-experiment Gaisser-Guan normalization spread, which no in-repo artifact can narrow","neutral | +0.00% vs the LABChico measured survey, which IS the adopted normalization | factor-2 site-dependent band x0.5 .. x2 (the low edge is the flattering one and is not used) | weakest anchor: the U-chain flux rests on an assumed Phi_U = Phi_Th chain balance, not a measured line intensity"
4.731512590e-04,8.803490e+00,5.976653e-01,5.722268e+00,1.188471e+01,9.485499e-01,5.673666e-02,4.742750e-01,1.897100e+00,trigger_probability_regime,"flatters_SB | -20.61% vs PDG Leg A (~1 muon cm^-2 min^-1 x A_top = 1.7204 Hz) | BRACKETING DISCLOSURE: PDG Leg B (I_v ~ 70 m^-2 s^-1 sr^-1 with cos^2 theta -> 1.1350 Hz) puts the same adopted 1.3659 Hz at +20.34%, i.e. penalizes_SB; the two PDG statements BRACKET the adopted rate from opposite sides, so the ~20% MAGNITUDE is solid and the SIGN is anchor-leg dependent | underlying limit: 30-35% inter-experiment Gaisser-Guan normalization spread, which no in-repo artifact can narrow","neutral | +0.00% vs the LABChico measured survey, which IS the adopted normalization | factor-2 site-dependent band x0.5 .. x2 (the low edge is the flattering one and is not used) | weakest anchor: the U-chain flux rests on an assumed Phi_U = Phi_Th chain balance, not a measured line intensity"
5.308844442e-04,1.155536e+01,1.119451e+00,7.510984e+00,1.559974e+01,9.905405e-01,9.036622e-02,4.952703e-01,1.981081e+00,trigger_probability_regime,"flatters_SB | -20.61% vs PDG Leg A (~1 muon cm^-2 min^-1 x A_top = 1.7204 Hz) | BRACKETING DISCLOSURE: PDG Leg B (I_v ~ 70 m^-2 s^-1 sr^-1 with cos^2 theta -> 1.1350 Hz) puts the same adopted 1.3659 Hz at +20.34%, i.e. penalizes_SB; the two PDG statements BRACKET the adopted rate from opposite sides, so the ~20% MAGNITUDE is solid and the SIGN is anchor-leg dependent | underlying limit: 30-35% inter-experiment Gaisser-Guan normalization spread, which no in-repo artifact can narrow","neutral | +0.00% vs the LABChico measured survey, which IS the adopted normalization | factor-2 site-dependent band x0.5 .. x2 (the low edge is the flattering one and is not used) | weakest anchor: the U-chain flux rests on an assumed Phi_U = Phi_Th chain balance, not a measured line intensity"
5.956621435e-04,1.365045e+01,1.813376e+00,8.872794e+00,1.842811e+01,1.136183e+00,1.686351e-01,5.680917e-01,2.272367e+00,trigger_probability_regime,"flatters_SB | -20.61% vs PDG Leg A (~1 muon cm^-2 min^-1 x A_top = 1.7204 Hz) | BRACKETING DISCLOSURE: PDG Leg B (I_v ~ 70 m^-2 s^-1 sr^-1 with cos^2 theta -> 1.1350 Hz) puts the same adopted 1.3659 Hz at +20.34%, i.e. penalizes_SB; the two PDG statements BRACKET the adopted rate from opposite sides, so the ~20% MAGNITUDE is solid and the SIGN is anchor-leg dependent | underlying limit: 30-35% inter-experiment Gaisser-Guan normalization spread, which no in-repo artifact can narrow","neutral | +0.00% vs the LABChico measured survey, which IS the adopted normalization | factor-2 site-dependent band x0.5 .. x2 (the low edge is the flattering one and is not used) | weakest anchor: the U-chain flux rests on an assumed Phi_U = Phi_Th chain balance, not a measured line intensity"
6.683439176e-04,1.465243e+01,2.894864e+00,9.524077e+00,1.978077e+01,1.498103e+00,3.708900e-01,7.490515e-01,2.996206e+00,trigger_probability_regime,"flatters_SB | -20.61% vs PDG Leg A (~1 muon cm^-2 min^-1 x A_top = 1.7204 Hz) | BRACKETING DISCLOSURE: PDG Leg B (I_v ~ 70 m^-2 s^-1 sr^-1 with cos^2 theta -> 1.1350 Hz) puts the same adopted 1.3659 Hz at +20.34%, i.e. penalizes_SB; the two PDG statements BRACKET the adopted rate from opposite sides, so the ~20% MAGNITUDE is solid and the SIGN is anchor-leg dependent | underlying limit: 30-35% inter-experiment Gaisser-Guan normalization spread, which no in-repo artifact can narrow","neutral | +0.00% vs the LABChico measured survey, which IS the adopted normalization | factor-2 site-dependent band x0.5 .. x2 (the low edge is the flattering one and is not used) | weakest anchor: the U-chain flux rests on an assumed Phi_U = Phi_Th chain balance, not a measured line intensity"
7.498942093e-04,1.476681e+01,4.051513e+00,9.598429e+00,1.993520e+01,2.655570e+00,1.012878e+00,1.327785e+00,5.311140e+00,trigger_probability_regime,"flatters_SB | -20.61% vs PDG Leg A (~1 muon cm^-2 min^-1 x A_top = 1.7204 Hz) | BRACKETING DISCLOSURE: PDG Leg B (I_v ~ 70 m^-2 s^-1 sr^-1 with cos^2 theta -> 1.1350 Hz) puts the same adopted 1.3659 Hz at +20.34%, i.e. penalizes_SB; the two PDG statements BRACKET the adopted rate from opposite sides, so the ~20% MAGNITUDE is solid and the SIGN is anchor-leg dependent | underlying limit: 30-35% inter-experiment Gaisser-Guan normalization spread, which no in-repo artifact can narrow","neutral | +0.00% vs the LABChico measured survey, which IS the adopted normalization | factor-2 site-dependent band x0.5 .. x2 (the low edge is the flattering one and is not used) | weakest anchor: the U-chain flux rests on an assumed Phi_U = Phi_Th chain balance, not a measured line intensity"
8.413951416e-04,1.545039e+01,5.654700e+00,1.004275e+01,2.085803e+01,6.461589e+00,3.054970e+00,3.230794e+00,1.292318e+01,trigger_probability_regime,"flatters_SB | -20.61% vs PDG Leg A (~1 muon cm^-2 min^-1 x A_top = 1.7204 Hz) | BRACKETING DISCLOSURE: PDG Leg B (I_v ~ 70 m^-2 s^-1 sr^-1 with cos^2 theta -> 1.1350 Hz) puts the same adopted 1.3659 Hz at +20.34%, i.e. penalizes_SB; the two PDG statements BRACKET the adopted rate from opposite sides, so the ~20% MAGNITUDE is solid and the SIGN is anchor-leg dependent | underlying limit: 30-35% inter-experiment Gaisser-Guan normalization spread, which no in-repo artifact can narrow","neutral | +0.00% vs the LABChico measured survey, which IS the adopted normalization | factor-2 site-dependent band x0.5 .. x2 (the low edge is the flattering one and is not used) | weakest anchor: the U-chain flux rests on an assumed Phi_U = Phi_Th chain balance, not a measured line intensity"
9.440608763e-04,1.651286e+01,7.526060e+00,1.073336e+01,2.229236e+01,1.298975e+01,6.942863e+00,6.494877e+00,2.597951e+01,trigger_probability_regime,"flatters_SB | -20.61% vs PDG Leg A (~1 muon cm^-2 min^-1 x A_top = 1.7204 Hz) | BRACKETING DISCLOSURE: PDG Leg B (I_v ~ 70 m^-2 s^-1 sr^-1 with cos^2 theta -> 1.1350 Hz) puts the same adopted 1.3659 Hz at +20.34%, i.e. penalizes_SB; the two PDG statements BRACKET the adopted rate from opposite sides, so the ~20% MAGNITUDE is solid and the SIGN is anchor-leg dependent | underlying limit: 30-35% inter-experiment Gaisser-Guan normalization spread, which no in-repo artifact can narrow","neutral | +0.00% vs the LABChico measured survey, which IS the adopted normalization | factor-2 site-dependent band x0.5 .. x2 (the low edge is the flattering one and is not used) | weakest anchor: the U-chain flux rests on an assumed Phi_U = Phi_Th chain balance, not a measured line intensity"
1.059253725e-03,1.400205e+01,7.373881e+00,9.101333e+00,1.890277e+01,1.852476e+01,1.080898e+01,9.262378e+00,3.704951e+01,differential_rate_regime,"flatters_SB | -20.61% vs PDG Leg A (~1 muon cm^-2 min^-1 x A_top = 1.7204 Hz) | BRACKETING DISCLOSURE: PDG Leg B (I_v ~ 70 m^-2 s^-1 sr^-1 with cos^2 theta -> 1.1350 Hz) puts the same adopted 1.3659 Hz at +20.34%, i.e. penalizes_SB; the two PDG statements BRACKET the adopted rate from opposite sides, so the ~20% MAGNITUDE is solid and the SIGN is anchor-leg dependent | underlying limit: 30-35% inter-experiment Gaisser-Guan normalization spread, which no in-repo artifact can narrow","neutral | +0.00% vs the LABChico measured survey, which IS the adopted normalization | factor-2 site-dependent band x0.5 .. x2 (the low edge is the flattering one and is not used) | weakest anchor: the U-chain flux rests on an assumed Phi_U = Phi_Th chain balance, not a measured line intensity"
1.188502227e-03,8.267281e+00,5.179539e+00,5.373733e+00,1.116083e+01,1.595419e+01,1.003402e+01,7.977095e+00,3.190838e+01,differential_rate_regime,"flatters_SB | -20.61% vs PDG Leg A (~1 muon cm^-2 min^-1 x A_top = 1.7204 Hz) | BRACKETING DISCLOSURE: PDG Leg B (I_v ~ 70 m^-2 s^-1 sr^-1 with cos^2 theta -> 1.1350 Hz) puts the same adopted 1.3659 Hz at +20.34%, i.e. penalizes_SB; the two PDG statements BRACKET the adopted rate from opposite sides, so the ~20% MAGNITUDE is solid and the SIGN is anchor-leg dependent | underlying limit: 30-35% inter-experiment Gaisser-Guan normalization spread, which no in-repo artifact can narrow","neutral | +0.00% vs the LABChico measured survey, which IS the adopted normalization | factor-2 site-dependent band x0.5 .. x2 (the low edge is the flattering one and is not used) | weakest anchor: the U-chain flux rests on an assumed Phi_U = Phi_Th chain balance, not a measured line intensity"
1.333521432e-03,7.456770e+00,5.720603e+00,4.846900e+00,1.006664e+01,8.681856e+00,6.134879e+00,4.340928e+00,1.736371e+01,differential_rate_regime,"flatters_SB | -20.61% vs PDG Leg A (~1 muon cm^-2 min^-1 x A_top = 1.7204 Hz) | BRACKETING DISCLOSURE: PDG Leg B (I_v ~ 70 m^-2 s^-1 sr^-1 with cos^2 theta -> 1.1350 Hz) puts the same adopted 1.3659 Hz at +20.34%, i.e. penalizes_SB; the two PDG statements BRACKET the adopted rate from opposite sides, so the ~20% MAGNITUDE is solid and the SIGN is anchor-leg dependent | underlying limit: 30-35% inter-experiment Gaisser-Guan normalization spread, which no in-repo artifact can narrow","neutral | +0.00% vs the LABChico measured survey, which IS the adopted normalization | factor-2 site-dependent band x0.5 .. x2 (the low edge is the flattering one and is not used) | weakest anchor: the U-chain flux rests on an assumed Phi_U = Phi_Th chain balance, not a measured line intensity"
1.496235656e-03,9.989592e+00,8.421800e+00,6.493235e+00,1.348595e+01,5.717915e+00,4.700772e+00,2.858957e+00,1.143583e+01,differential_rate_regime,"flatters_SB | -20.61% vs PDG Leg A (~1 muon cm^-2 min^-1 x A_top = 1.7204 Hz) | BRACKETING DISCLOSURE: PDG Leg B (I_v ~ 70 m^-2 s^-1 sr^-1 with cos^2 theta -> 1.1350 Hz) puts the same adopted 1.3659 Hz at +20.34%, i.e. penalizes_SB; the two PDG statements BRACKET the adopted rate from opposite sides, so the ~20% MAGNITUDE is solid and the SIGN is anchor-leg dependent | underlying limit: 30-35% inter-experiment Gaisser-Guan normalization spread, which no in-repo artifact can narrow","neutral | +0.00% vs the LABChico measured survey, which IS the adopted normalization | factor-2 site-dependent band x0.5 .. x2 (the low edge is the flattering one and is not used) | weakest anchor: the U-chain flux rests on an assumed Phi_U = Phi_Th chain balance, not a measured line intensity"
1.678804018e-03,1.215707e+01,1.085093e+01,7.902094e+00,1.641204e+01,6.319055e+00,5.651669e+00,3.159527e+00,1.263811e+01,differential_rate_regime,"flatters_SB | -20.61% vs PDG Leg A (~1 muon cm^-2 min^-1 x A_top = 1.7204 Hz) | BRACKETING DISCLOSURE: PDG Leg B (I_v ~ 70 m^-2 s^-1 sr^-1 with cos^2 theta -> 1.1350 Hz) puts the same adopted 1.3659 Hz at +20.34%, i.e. penalizes_SB; the two PDG statements BRACKET the adopted rate from opposite sides, so the ~20% MAGNITUDE is solid and the SIGN is anchor-leg dependent | underlying limit: 30-35% inter-experiment Gaisser-Guan normalization spread, which no in-repo artifact can narrow","neutral | +0.00% vs the LABChico measured survey, which IS the adopted normalization | factor-2 site-dependent band x0.5 .. x2 (the low edge is the flattering one and is not used) | weakest anchor: the U-chain flux rests on an assumed Phi_U = Phi_Th chain balance, not a measured line intensity"
1.883649089e-03,1.024150e+01,9.450867e+00,6.656974e+00,1.382602e+01,8.405345e+00,7.850095e+00,4.202672e+00,1.681069e+01,differential_rate_regime,"flatters_SB | -20.61% vs PDG Leg A (~1 muon cm^-2 min^-1 x A_top = 1.7204 Hz) | BRACKETING DISCLOSURE: PDG Leg B (I_v ~ 70 m^-2 s^-1 sr^-1 with cos^2 theta -> 1.1350 Hz) puts the same adopted 1.3659 Hz at +20.34%, i.e. penalizes_SB; the two PDG statements BRACKET the adopted rate from opposite sides, so the ~20% MAGNITUDE is solid and the SIGN is anchor-leg dependent | underlying limit: 30-35% inter-experiment Gaisser-Guan normalization spread, which no in-repo artifact can narrow","neutral | +0.00% vs the LABChico measured survey, which IS the adopted normalization | factor-2 site-dependent band x0.5 .. x2 (the low edge is the flattering one and is not used) | weakest anchor: the U-chain flux rests on an assumed Phi_U = Phi_Th chain balance, not a measured line intensity"
2.113489040e-03,1.185361e+01,1.136160e+01,7.704847e+00,1.600237e+01,1.282442e+01,1.225280e+01,6.412208e+00,2.564883e+01,differential_rate_regime,"flatters_SB | -20.61% vs PDG Leg A (~1 muon cm^-2 min^-1 x A_top = 1.7204 Hz) | BRACKETING DISCLOSURE: PDG Leg B (I_v ~ 70 m^-2 s^-1 sr^-1 with cos^2 theta -> 1.1350 Hz) puts the same adopted 1.3659 Hz at +20.34%, i.e. penalizes_SB; the two PDG statements BRACKET the adopted rate from opposite sides, so the ~20% MAGNITUDE is solid and the SIGN is anchor-leg dependent | underlying limit: 30-35% inter-experiment Gaisser-Guan normalization spread, which no in-repo artifact can narrow","neutral | +0.00% vs the LABChico measured survey, which IS the adopted normalization | factor-2 site-dependent band x0.5 .. x2 (the low edge is the flattering one and is not used) | weakest anchor: the U-chain flux rests on an assumed Phi_U = Phi_Th chain balance, not a measured line intensity"
2.371373706e-03,2.682032e+01,2.610400e+01,1.743321e+01,3.620744e+01,1.793521e+01,1.745157e+01,8.967605e+00,3.587042e+01,differential_rate_regime,"flatters_SB | -20.61% vs PDG Leg A (~1 muon cm^-2 min^-1 x A_top = 1.7204 Hz) | BRACKETING DISCLOSURE: PDG Leg B (I_v ~ 70 m^-2 s^-1 sr^-1 with cos^2 theta -> 1.1350 Hz) puts the same adopted 1.3659 Hz at +20.34%, i.e. penalizes_SB; the two PDG statements BRACKET the adopted rate from opposite sides, so the ~20% MAGNITUDE is solid and the SIGN is anchor-leg dependent | underlying limit: 30-35% inter-experiment Gaisser-Guan normalization spread, which no in-repo artifact can narrow","neutral | +0.00% vs the LABChico measured survey, which IS the adopted normalization | factor-2 site-dependent band x0.5 .. x2 (the low edge is the flattering one and is not used) | weakest anchor: the U-chain flux rests on an assumed Phi_U = Phi_Th chain balance, not a measured line intensity"
2.660725060e-03,4.795361e+01,4.717608e+01,3.116985e+01,6.473738e+01,2.823204e+01,2.771906e+01,1.411602e+01,5.646408e+01,differential_rate_regime,"flatters_SB | -20.61% vs PDG Leg A (~1 muon cm^-2 min^-1 x A_top = 1.7204 Hz) | BRACKETING DISCLOSURE: PDG Leg B (I_v ~ 70 m^-2 s^-1 sr^-1 with cos^2 theta -> 1.1350 Hz) puts the same adopted 1.3659 Hz at +20.34%, i.e. penalizes_SB; the two PDG statements BRACKET the adopted rate from opposite sides, so the ~20% MAGNITUDE is solid and the SIGN is anchor-leg dependent | underlying limit: 30-35% inter-experiment Gaisser-Guan normalization spread, which no in-repo artifact can narrow","neutral | +0.00% vs the LABChico measured survey, which IS the adopted normalization | factor-2 site-dependent band x0.5 .. x2 (the low edge is the flattering one and is not used) | weakest anchor: the U-chain flux rests on an assumed Phi_U = Phi_Th chain balance, not a measured line intensity"
2.985382619e-03,1.369934e+02,1.355863e+02,8.904571e+01,1.849411e+02,2.581699e+01,2.549861e+01,1.290849e+01,5.163398e+01,differential_rate_regime,"flatters_SB | -20.61% vs PDG Leg A (~1 muon cm^-2 min^-1 x A_top = 1.7204 Hz) | BRACKETING DISCLOSURE: PDG Leg B (I_v ~ 70 m^-2 s^-1 sr^-1 with cos^2 theta -> 1.1350 Hz) puts the same adopted 1.3659 Hz at +20.34%, i.e. penalizes_SB; the two PDG statements BRACKET the adopted rate from opposite sides, so the ~20% MAGNITUDE is solid and the SIGN is anchor-leg dependent | underlying limit: 30-35% inter-experiment Gaisser-Guan normalization spread, which no in-repo artifact can narrow","neutral | +0.00% vs the LABChico measured survey, which IS the adopted normalization | factor-2 site-dependent band x0.5 .. x2 (the low edge is the flattering one and is not used) | weakest anchor: the U-chain flux rests on an assumed Phi_U = Phi_Th chain balance, not a measured line intensity"
3.349654392e-03,1.789247e+02,1.775137e+02,1.163010e+02,2.415483e+02,1.937614e+01,1.922402e+01,9.688072e+00,3.875229e+01,differential_rate_regime,"flatters_SB | -20.61% vs PDG Leg A (~1 muon cm^-2 min^-1 x A_top = 1.7204 Hz) | BRACKETING DISCLOSURE: PDG Leg B (I_v ~ 70 m^-2 s^-1 sr^-1 with cos^2 theta -> 1.1350 Hz) puts the same adopted 1.3659 Hz at +20.34%, i.e. penalizes_SB; the two PDG statements BRACKET the adopted rate from opposite sides, so the ~20% MAGNITUDE is solid and the SIGN is anchor-leg dependent | underlying limit: 30-35% inter-experiment Gaisser-Guan normalization spread, which no in-repo artifact can narrow","neutral | +0.00% vs the LABChico measured survey, which IS the adopted normalization | factor-2 site-dependent band x0.5 .. x2 (the low edge is the flattering one and is not used) | weakest anchor: the U-chain flux rests on an assumed Phi_U = Phi_Th chain balance, not a measured line intensity"
3.758374043e-03,5.327331e+01,5.295845e+01,3.462765e+01,7.191896e+01,1.730166e+01,1.721970e+01,8.650831e+00,3.460332e+01,differential_rate_regime,"flatters_SB | -20.61% vs PDG Leg A (~1 muon cm^-2 min^-1 x A_top = 1.7204 Hz) | BRACKETING DISCLOSURE: PDG Leg B (I_v ~ 70 m^-2 s^-1 sr^-1 with cos^2 theta -> 1.1350 Hz) puts the same adopted 1.3659 Hz at +20.34%, i.e. penalizes_SB; the two PDG statements BRACKET the adopted rate from opposite sides, so the ~20% MAGNITUDE is solid and the SIGN is anchor-leg dependent | underlying limit: 30-35% inter-experiment Gaisser-Guan normalization spread, which no in-repo artifact can narrow","neutral | +0.00% vs the LABChico measured survey, which IS the adopted normalization | factor-2 site-dependent band x0.5 .. x2 (the low edge is the flattering one and is not used) | weakest anchor: the U-chain flux rests on an assumed Phi_U = Phi_Th chain balance, not a measured line intensity"
4.216965034e-03,2.483651e+01,2.477192e+01,1.614373e+01,3.352929e+01,1.977754e+01,1.972167e+01,9.888770e+00,3.955508e+01,differential_rate_regime,"flatters_SB | -20.61% vs PDG Leg A (~1 muon cm^-2 min^-1 x A_top = 1.7204 Hz) | BRACKETING DISCLOSURE: PDG Leg B (I_v ~ 70 m^-2 s^-1 sr^-1 with cos^2 theta -> 1.1350 Hz) puts the same adopted 1.3659 Hz at +20.34%, i.e. penalizes_SB; the two PDG statements BRACKET the adopted rate from opposite sides, so the ~20% MAGNITUDE is solid and the SIGN is anchor-leg dependent | underlying limit: 30-35% inter-experiment Gaisser-Guan normalization spread, which no in-repo artifact can narrow","neutral | +0.00% vs the LABChico measured survey, which IS the adopted normalization | factor-2 site-dependent band x0.5 .. x2 (the low edge is the flattering one and is not used) | weakest anchor: the U-chain flux rests on an assumed Phi_U = Phi_Th chain balance, not a measured line intensity"
4.731512590e-03,4.792205e+01,4.783123e+01,3.114934e+01,6.469477e+01,2.949762e+01,2.944623e+01,1.474881e+01,5.899525e+01,differential_rate_regime,"flatters_SB | -20.61% vs PDG Leg A (~1 muon cm^-2 min^-1 x A_top = 1.7204 Hz) | BRACKETING DISCLOSURE: PDG Leg B (I_v ~ 70 m^-2 s^-1 sr^-1 with cos^2 theta -> 1.1350 Hz) puts the same adopted 1.3659 Hz at +20.34%, i.e. penalizes_SB; the two PDG statements BRACKET the adopted rate from opposite sides, so the ~20% MAGNITUDE is solid and the SIGN is anchor-leg dependent | underlying limit: 30-35% inter-experiment Gaisser-Guan normalization spread, which no in-repo artifact can narrow","neutral | +0.00% vs the LABChico measured survey, which IS the adopted normalization | factor-2 site-dependent band x0.5 .. x2 (the low edge is the flattering one and is not used) | weakest anchor: the U-chain flux rests on an assumed Phi_U = Phi_Th chain balance, not a measured line intensity"
5.308844442e-03,3.727475e+01,3.723322e+01,2.422859e+01,5.032092e+01,4.211268e+01,4.206632e+01,2.105634e+01,8.422535e+01,differential_rate_regime,"flatters_SB | -20.61% vs PDG Leg A (~1 muon cm^-2 min^-1 x A_top = 1.7204 Hz) | BRACKETING DISCLOSURE: PDG Leg B (I_v ~ 70 m^-2 s^-1 sr^-1 with cos^2 theta -> 1.1350 Hz) puts the same adopted 1.3659 Hz at +20.34%, i.e. penalizes_SB; the two PDG statements BRACKET the adopted rate from opposite sides, so the ~20% MAGNITUDE is solid and the SIGN is anchor-leg dependent | underlying limit: 30-35% inter-experiment Gaisser-Guan normalization spread, which no in-repo artifact can narrow","neutral | +0.00% vs the LABChico measured survey, which IS the adopted normalization | factor-2 site-dependent band x0.5 .. x2 (the low edge is the flattering one and is not used) | weakest anchor: the U-chain flux rests on an assumed Phi_U = Phi_Th chain balance, not a measured line intensity"
5.956621435e-03,1.248533e+01,1.247486e+01,8.115465e+00,1.685520e+01,3.572129e+01,3.569534e+01,1.786064e+01,7.144257e+01,differential_rate_regime,"flatters_SB | -20.61% vs PDG Leg A (~1 muon cm^-2 min^-1 x A_top = 1.7204 Hz) | BRACKETING DISCLOSURE: PDG Leg B (I_v ~ 70 m^-2 s^-1 sr^-1 with cos^2 theta -> 1.1350 Hz) puts the same adopted 1.3659 Hz at +20.34%, i.e. penalizes_SB; the two PDG statements BRACKET the adopted rate from opposite sides, so the ~20% MAGNITUDE is solid and the SIGN is anchor-leg dependent | underlying limit: 30-35% inter-experiment Gaisser-Guan normalization spread, which no in-repo artifact can narrow","neutral | +0.00% vs the LABChico measured survey, which IS the adopted normalization | factor-2 site-dependent band x0.5 .. x2 (the low edge is the flattering one and is not used) | weakest anchor: the U-chain flux rests on an assumed Phi_U = Phi_Th chain balance, not a measured line intensity"
6.683439176e-03,1.884528e+01,1.883782e+01,1.224943e+01,2.544113e+01,4.269571e+01,4.267777e+01,2.134786e+01,8.539142e+01,differential_rate_regime,"flatters_SB | -20.61% vs PDG Leg A (~1 muon cm^-2 min^-1 x A_top = 1.7204 Hz) | BRACKETING DISCLOSURE: PDG Leg B (I_v ~ 70 m^-2 s^-1 sr^-1 with cos^2 theta -> 1.1350 Hz) puts the same adopted 1.3659 Hz at +20.34%, i.e. penalizes_SB; the two PDG statements BRACKET the adopted rate from opposite sides, so the ~20% MAGNITUDE is solid and the SIGN is anchor-leg dependent | underlying limit: 30-35% inter-experiment Gaisser-Guan normalization spread, which no in-repo artifact can narrow","neutral | +0.00% vs the LABChico measured survey, which IS the adopted normalization | factor-2 site-dependent band x0.5 .. x2 (the low edge is the flattering one and is not used) | weakest anchor: the U-chain flux rests on an assumed Phi_U = Phi_Th chain balance, not a measured line intensity"
7.498942093e-03,1.983504e+01,1.982966e+01,1.289278e+01,2.677731e+01,5.244953e+01,5.243524e+01,2.622476e+01,1.048991e+02,differential_rate_regime,"flatters_SB | -20.61% vs PDG Leg A (~1 muon cm^-2 min^-1 x A_top = 1.7204 Hz) | BRACKETING DISCLOSURE: PDG Leg B (I_v ~ 70 m^-2 s^-1 sr^-1 with cos^2 theta -> 1.1350 Hz) puts the same adopted 1.3659 Hz at +20.34%, i.e. penalizes_SB; the two PDG statements BRACKET the adopted rate from opposite sides, so the ~20% MAGNITUDE is solid and the SIGN is anchor-leg dependent | underlying limit: 30-35% inter-experiment Gaisser-Guan normalization spread, which no in-repo artifact can narrow","neutral | +0.00% vs the LABChico measured survey, which IS the adopted normalization | factor-2 site-dependent band x0.5 .. x2 (the low edge is the flattering one and is not used) | weakest anchor: the U-chain flux rests on an assumed Phi_U = Phi_Th chain balance, not a measured line intensity"
8.413951416e-03,3.065095e+01,3.064555e+01,1.992312e+01,4.137879e+01,4.314379e+01,4.313635e+01,2.157189e+01,8.628758e+01,differential_rate_regime,"flatters_SB | -20.61% vs PDG Leg A (~1 muon cm^-2 min^-1 x A_top = 1.7204 Hz) | BRACKETING DISCLOSURE: PDG Leg B (I_v ~ 70 m^-2 s^-1 sr^-1 with cos^2 theta -> 1.1350 Hz) puts the same adopted 1.3659 Hz at +20.34%, i.e. penalizes_SB; the two PDG statements BRACKET the adopted rate from opposite sides, so the ~20% MAGNITUDE is solid and the SIGN is anchor-leg dependent | underlying limit: 30-35% inter-experiment Gaisser-Guan normalization spread, which no in-repo artifact can narrow","neutral | +0.00% vs the LABChico measured survey, which IS the adopted normalization | factor-2 site-dependent band x0.5 .. x2 (the low edge is the flattering one and is not used) | weakest anchor: the U-chain flux rests on an assumed Phi_U = Phi_Th chain balance, not a measured line intensity"
9.440608763e-03,1.810773e+01,1.810584e+01,1.177002e+01,2.444543e+01,4.929151e+01,4.928647e+01,2.464575e+01,9.858302e+01,differential_rate_regime,"flatters_SB | -20.61% vs PDG Leg A (~1 muon cm^-2 min^-1 x A_top = 1.7204 Hz) | BRACKETING DISCLOSURE: PDG Leg B (I_v ~ 70 m^-2 s^-1 sr^-1 with cos^2 theta -> 1.1350 Hz) puts the same adopted 1.3659 Hz at +20.34%, i.e. penalizes_SB; the two PDG statements BRACKET the adopted rate from opposite sides, so the ~20% MAGNITUDE is solid and the SIGN is anchor-leg dependent | underlying limit: 30-35% inter-experiment Gaisser-Guan normalization spread, which no in-repo artifact can narrow","neutral | +0.00% vs the LABChico measured survey, which IS the adopted normalization | factor-2 site-dependent band x0.5 .. x2 (the low edge is the flattering one and is not used) | weakest anchor: the U-chain flux rests on an assumed Phi_U = Phi_Th chain balance, not a measured line intensity"
1.059253725e-02,1.504253e+01,1.504158e+01,9.777642e+00,2.030741e+01,5.255440e+01,5.255102e+01,2.627720e+01,1.051088e+02,differential_rate_regime,"flatters_SB | -20.61% vs PDG Leg A (~1 muon cm^-2 min^-1 x A_top = 1.7204 Hz) | BRACKETING DISCLOSURE: PDG Leg B (I_v ~ 70 m^-2 s^-1 sr^-1 with cos^2 theta -> 1.1350 Hz) puts the same adopted 1.3659 Hz at +20.34%, i.e. penalizes_SB; the two PDG statements BRACKET the adopted rate from opposite sides, so the ~20% MAGNITUDE is solid and the SIGN is anchor-leg dependent | underlying limit: 30-35% inter-experiment Gaisser-Guan normalization spread, which no in-repo artifact can narrow","neutral | +0.00% vs the LABChico measured survey, which IS the adopted normalization | factor-2 site-dependent band x0.5 .. x2 (the low edge is the flattering one and is not used) | weakest anchor: the U-chain flux rests on an assumed Phi_U = Phi_Th chain balance, not a measured line intensity"
1.188502227e-02,3.154185e+01,3.154068e+01,2.050220e+01,4.258150e+01,6.037907e+01,6.037670e+01,3.018953e+01,1.207581e+02,differential_rate_regime,"flatters_SB | -20.61% vs PDG Leg A (~1 muon cm^-2 min^-1 x A_top = 1.7204 Hz) | BRACKETING DISCLOSURE: PDG Leg B (I_v ~ 70 m^-2 s^-1 sr^-1 with cos^2 theta -> 1.1350 Hz) puts the same adopted 1.3659 Hz at +20.34%, i.e. penalizes_SB; the two PDG statements BRACKET the adopted rate from opposite sides, so the ~20% MAGNITUDE is solid and the SIGN is anchor-leg dependent | underlying limit: 30-35% inter-experiment Gaisser-Guan normalization spread, which no in-repo artifact can narrow","neutral | +0.00% vs the LABChico measured survey, which IS the adopted normalization | factor-2 site-dependent band x0.5 .. x2 (the low edge is the flattering one and is not used) | weakest anchor: the U-chain flux rests on an assumed Phi_U = Phi_Th chain balance, not a measured line intensity"
1.333521432e-02,6.530386e+01,6.530228e+01,4.244751e+01,8.816022e+01,7.389349e+01,7.389171e+01,3.694674e+01,1.477870e+02,differential_rate_regime,"flatters_SB | -20.61% vs PDG Leg A (~1 muon cm^-2 min^-1 x A_top = 1.7204 Hz) | BRACKETING DISCLOSURE: PDG Leg B (I_v ~ 70 m^-2 s^-1 sr^-1 with cos^2 theta -> 1.1350 Hz) puts the same adopted 1.3659 Hz at +20.34%, i.e. penalizes_SB; the two PDG statements BRACKET the adopted rate from opposite sides, so the ~20% MAGNITUDE is solid and the SIGN is anchor-leg dependent | underlying limit: 30-35% inter-experiment Gaisser-Guan normalization spread, which no in-repo artifact can narrow","neutral | +0.00% vs the LABChico measured survey, which IS the adopted normalization | factor-2 site-dependent band x0.5 .. x2 (the low edge is the flattering one and is not used) | weakest anchor: the U-chain flux rests on an assumed Phi_U = Phi_Th chain balance, not a measured line intensity"
1.496235656e-02,5.694538e+01,5.694451e+01,3.701450e+01,7.687627e+01,6.789360e+01,6.789256e+01,3.394680e+01,1.357872e+02,differential_rate_regime,"flatters_SB | -20.61% vs PDG Leg A (~1 muon cm^-2 min^-1 x A_top = 1.7204 Hz) | BRACKETING DISCLOSURE: PDG Leg B (I_v ~ 70 m^-2 s^-1 sr^-1 with cos^2 theta -> 1.1350 Hz) puts the same adopted 1.3659 Hz at +20.34%, i.e. penalizes_SB; the two PDG statements BRACKET the adopted rate from opposite sides, so the ~20% MAGNITUDE is solid and the SIGN is anchor-leg dependent | underlying limit: 30-35% inter-experiment Gaisser-Guan normalization spread, which no in-repo artifact can narrow","neutral | +0.00% vs the LABChico measured survey, which IS the adopted normalization | factor-2 site-dependent band x0.5 .. x2 (the low edge is the flattering one and is not used) | weakest anchor: the U-chain flux rests on an assumed Phi_U = Phi_Th chain balance, not a measured line intensity"
1.678804018e-02,1.707237e+01,1.707222e+01,1.109704e+01,2.304770e+01,7.113706e+01,7.113640e+01,3.556853e+01,1.422741e+02,differential_rate_regime,"flatters_SB | -20.61% vs PDG Leg A (~1 muon cm^-2 min^-1 x A_top = 1.7204 Hz) | BRACKETING DISCLOSURE: PDG Leg B (I_v ~ 70 m^-2 s^-1 sr^-1 with cos^2 theta -> 1.1350 Hz) puts the same adopted 1.3659 Hz at +20.34%, i.e. penalizes_SB; the two PDG statements BRACKET the adopted rate from opposite sides, so the ~20% MAGNITUDE is solid and the SIGN is anchor-leg dependent | underlying limit: 30-35% inter-experiment Gaisser-Guan normalization spread, which no in-repo artifact can narrow","neutral | +0.00% vs the LABChico measured survey, which IS the adopted normalization | factor-2 site-dependent band x0.5 .. x2 (the low edge is the flattering one and is not used) | weakest anchor: the U-chain flux rests on an assumed Phi_U = Phi_Th chain balance, not a measured line intensity"
1.883649089e-02,2.067294e+01,2.067282e+01,1.343741e+01,2.790847e+01,7.539559e+01,7.539517e+01,3.769779e+01,1.507912e+02,differential_rate_regime,"flatters_SB | -20.61% vs PDG Leg A (~1 muon cm^-2 min^-1 x A_top = 1.7204 Hz) | BRACKETING DISCLOSURE: PDG Leg B (I_v ~ 70 m^-2 s^-1 sr^-1 with cos^2 theta -> 1.1350 Hz) puts the same adopted 1.3659 Hz at +20.34%, i.e. penalizes_SB; the two PDG statements BRACKET the adopted rate from opposite sides, so the ~20% MAGNITUDE is solid and the SIGN is anchor-leg dependent | underlying limit: 30-35% inter-experiment Gaisser-Guan normalization spread, which no in-repo artifact can narrow","neutral | +0.00% vs the LABChico measured survey, which IS the adopted normalization | factor-2 site-dependent band x0.5 .. x2 (the low edge is the flattering one and is not used) | weakest anchor: the U-chain flux rests on an assumed Phi_U = Phi_Th chain balance, not a measured line intensity"
2.113489040e-02,3.887676e+01,3.887662e+01,2.526989e+01,5.248362e+01,7.369998e+01,7.369973e+01,3.684999e+01,1.474000e+02,differential_rate_regime,"flatters_SB | -20.61% vs PDG Leg A (~1 muon cm^-2 min^-1 x A_top = 1.7204 Hz) | BRACKETING DISCLOSURE: PDG Leg B (I_v ~ 70 m^-2 s^-1 sr^-1 with cos^2 theta -> 1.1350 Hz) puts the same adopted 1.3659 Hz at +20.34%, i.e. penalizes_SB; the two PDG statements BRACKET the adopted rate from opposite sides, so the ~20% MAGNITUDE is solid and the SIGN is anchor-leg dependent | underlying limit: 30-35% inter-experiment Gaisser-Guan normalization spread, which no in-repo artifact can narrow","neutral | +0.00% vs the LABChico measured survey, which IS the adopted normalization | factor-2 site-dependent band x0.5 .. x2 (the low edge is the flattering one and is not used) | weakest anchor: the U-chain flux rests on an assumed Phi_U = Phi_Th chain balance, not a measured line intensity"
2.371373706e-02,1.756744e+01,1.756740e+01,1.141884e+01,2.371604e+01,7.923444e+01,7.923428e+01,3.961722e+01,1.584689e+02,differential_rate_regime,"flatters_SB | -20.61% vs PDG Leg A (~1 muon cm^-2 min^-1 x A_top = 1.7204 Hz) | BRACKETING DISCLOSURE: PDG Leg B (I_v ~ 70 m^-2 s^-1 sr^-1 with cos^2 theta -> 1.1350 Hz) puts the same adopted 1.3659 Hz at +20.34%, i.e. penalizes_SB; the two PDG statements BRACKET the adopted rate from opposite sides, so the ~20% MAGNITUDE is solid and the SIGN is anchor-leg dependent | underlying limit: 30-35% inter-experiment Gaisser-Guan normalization spread, which no in-repo artifact can narrow","neutral | +0.00% vs the LABChico measured survey, which IS the adopted normalization | factor-2 site-dependent band x0.5 .. x2 (the low edge is the flattering one and is not used) | weakest anchor: the U-chain flux rests on an assumed Phi_U = Phi_Th chain balance, not a measured line intensity"
2.660725060e-02,2.080105e+01,2.080102e+01,1.352068e+01,2.808142e+01,9.085168e+01,9.085156e+01,4.542584e+01,1.817034e+02,differential_rate_regime,"flatters_SB | -20.61% vs PDG Leg A (~1 muon cm^-2 min^-1 x A_top = 1.7204 Hz) | BRACKETING DISCLOSURE: PDG Leg B (I_v ~ 70 m^-2 s^-1 sr^-1 with cos^2 theta -> 1.1350 Hz) puts the same adopted 1.3659 Hz at +20.34%, i.e. penalizes_SB; the two PDG statements BRACKET the adopted rate from opposite sides, so the ~20% MAGNITUDE is solid and the SIGN is anchor-leg dependent | underlying limit: 30-35% inter-experiment Gaisser-Guan normalization spread, which no in-repo artifact can narrow","neutral | +0.00% vs the LABChico measured survey, which IS the adopted normalization | factor-2 site-dependent band x0.5 .. x2 (the low edge is the flattering one and is not used) | weakest anchor: the U-chain flux rests on an assumed Phi_U = Phi_Th chain balance, not a measured line intensity"
2.985382619e-02,3.444241e+01,3.444239e+01,2.238757e+01,4.649726e+01,1.124481e+02,1.124480e+02,5.622407e+01,2.248963e+02,differential_rate_regime,"flatters_SB | -20.61% vs PDG Leg A (~1 muon cm^-2 min^-1 x A_top = 1.7204 Hz) | BRACKETING DISCLOSURE: PDG Leg B (I_v ~ 70 m^-2 s^-1 sr^-1 with cos^2 theta -> 1.1350 Hz) puts the same adopted 1.3659 Hz at +20.34%, i.e. penalizes_SB; the two PDG statements BRACKET the adopted rate from opposite sides, so the ~20% MAGNITUDE is solid and the SIGN is anchor-leg dependent | underlying limit: 30-35% inter-experiment Gaisser-Guan normalization spread, which no in-repo artifact can narrow","neutral | +0.00% vs the LABChico measured survey, which IS the adopted normalization | factor-2 site-dependent band x0.5 .. x2 (the low edge is the flattering one and is not used) | weakest anchor: the U-chain flux rests on an assumed Phi_U = Phi_Th chain balance, not a measured line intensity"
3.349654392e-02,3.654927e+01,3.654925e+01,2.375703e+01,4.934152e+01,1.139263e+02,1.139262e+02,5.696313e+01,2.278525e+02,differential_rate_regime,"flatters_SB | -20.61% vs PDG Leg A (~1 muon cm^-2 min^-1 x A_top = 1.7204 Hz) | BRACKETING DISCLOSURE: PDG Leg B (I_v ~ 70 m^-2 s^-1 sr^-1 with cos^2 theta -> 1.1350 Hz) puts the same adopted 1.3659 Hz at +20.34%, i.e. penalizes_SB; the two PDG statements BRACKET the adopted rate from opposite sides, so the ~20% MAGNITUDE is solid and the SIGN is anchor-leg dependent | underlying limit: 30-35% inter-experiment Gaisser-Guan normalization spread, which no in-repo artifact can narrow","neutral | +0.00% vs the LABChico measured survey, which IS the adopted normalization | factor-2 site-dependent band x0.5 .. x2 (the low edge is the flattering one and is not used) | weakest anchor: the U-chain flux rests on an assumed Phi_U = Phi_Th chain balance, not a measured line intensity"
3.758374043e-02,6.101848e+01,6.101846e+01,3.966201e+01,8.237495e+01,1.204982e+02,1.204981e+02,6.024909e+01,2.409964e+02,differential_rate_regime,"flatters_SB | -20.61% vs PDG Leg A (~1 muon cm^-2 min^-1 x A_top = 1.7204 Hz) | BRACKETING DISCLOSURE: PDG Leg B (I_v ~ 70 m^-2 s^-1 sr^-1 with cos^2 theta -> 1.1350 Hz) puts the same adopted 1.3659 Hz at +20.34%, i.e. penalizes_SB; the two PDG statements BRACKET the adopted rate from opposite sides, so the ~20% MAGNITUDE is solid and the SIGN is anchor-leg dependent | underlying limit: 30-35% inter-experiment Gaisser-Guan normalization spread, which no in-repo artifact can narrow","neutral | +0.00% vs the LABChico measured survey, which IS the adopted normalization | factor-2 site-dependent band x0.5 .. x2 (the low edge is the flattering one and is not used) | weakest anchor: the U-chain flux rests on an assumed Phi_U = Phi_Th chain balance, not a measured line intensity"
4.216965034e-02,4.045503e+01,4.045502e+01,2.629577e+01,5.461429e+01,1.321966e+02,1.321966e+02,6.609832e+01,2.643933e+02,differential_rate_regime,"flatters_SB | -20.61% vs PDG Leg A (~1 muon cm^-2 min^-1 x A_top = 1.7204 Hz) | BRACKETING DISCLOSURE: PDG Leg B (I_v ~ 70 m^-2 s^-1 sr^-1 with cos^2 theta -> 1.1350 Hz) puts the same adopted 1.3659 Hz at +20.34%, i.e. penalizes_SB; the two PDG statements BRACKET the adopted rate from opposite sides, so the ~20% MAGNITUDE is solid and the SIGN is anchor-leg dependent | underlying limit: 30-35% inter-experiment Gaisser-Guan normalization spread, which no in-repo artifact can narrow","neutral | +0.00% vs the LABChico measured survey, which IS the adopted normalization | factor-2 site-dependent band x0.5 .. x2 (the low edge is the flattering one and is not used) | weakest anchor: the U-chain flux rests on an assumed Phi_U = Phi_Th chain balance, not a measured line intensity"
4.731512590e-02,4.279128e+01,4.279128e+01,2.781433e+01,5.776823e+01,1.333796e+02,1.333796e+02,6.668982e+01,2.667593e+02,differential_rate_regime,"flatters_SB | -20.61% vs PDG Leg A (~1 muon cm^-2 min^-1 x A_top = 1.7204 Hz) | BRACKETING DISCLOSURE: PDG Leg B (I_v ~ 70 m^-2 s^-1 sr^-1 with cos^2 theta -> 1.1350 Hz) puts the same adopted 1.3659 Hz at +20.34%, i.e. penalizes_SB; the two PDG statements BRACKET the adopted rate from opposite sides, so the ~20% MAGNITUDE is solid and the SIGN is anchor-leg dependent | underlying limit: 30-35% inter-experiment Gaisser-Guan normalization spread, which no in-repo artifact can narrow","neutral | +0.00% vs the LABChico measured survey, which IS the adopted normalization | factor-2 site-dependent band x0.5 .. x2 (the low edge is the flattering one and is not used) | weakest anchor: the U-chain flux rests on an assumed Phi_U = Phi_Th chain balance, not a measured line intensity"
5.308844442e-02,4.833286e+01,4.833286e+01,3.141636e+01,6.524936e+01,1.491567e+02,1.491567e+02,7.457836e+01,2.983135e+02,differential_rate_regime,"flatters_SB | -20.61% vs PDG Leg A (~1 muon cm^-2 min^-1 x A_top = 1.7204 Hz) | BRACKETING DISCLOSURE: PDG Leg B (I_v ~ 70 m^-2 s^-1 sr^-1 with cos^2 theta -> 1.1350 Hz) puts the same adopted 1.3659 Hz at +20.34%, i.e. penalizes_SB; the two PDG statements BRACKET the adopted rate from opposite sides, so the ~20% MAGNITUDE is solid and the SIGN is anchor-leg dependent | underlying limit: 30-35% inter-experiment Gaisser-Guan normalization spread, which no in-repo artifact can narrow","neutral | +0.00% vs the LABChico measured survey, which IS the adopted normalization | factor-2 site-dependent band x0.5 .. x2 (the low edge is the flattering one and is not used) | weakest anchor: the U-chain flux rests on an assumed Phi_U = Phi_Th chain balance, not a measured line intensity"
5.956621435e-02,5.174305e+01,5.174304e+01,3.363298e+01,6.985311e+01,1.556134e+02,1.556134e+02,7.780671e+01,3.112268e+02,differential_rate_regime,"flatters_SB | -20.61% vs PDG Leg A (~1 muon cm^-2 min^-1 x A_top = 1.7204 Hz) | BRACKETING DISCLOSURE: PDG Leg B (I_v ~ 70 m^-2 s^-1 sr^-1 with cos^2 theta -> 1.1350 Hz) puts the same adopted 1.3659 Hz at +20.34%, i.e. penalizes_SB; the two PDG statements BRACKET the adopted rate from opposite sides, so the ~20% MAGNITUDE is solid and the SIGN is anchor-leg dependent | underlying limit: 30-35% inter-experiment Gaisser-Guan normalization spread, which no in-repo artifact can narrow","neutral | +0.00% vs the LABChico measured survey, which IS the adopted normalization | factor-2 site-dependent band x0.5 .. x2 (the low edge is the flattering one and is not used) | weakest anchor: the U-chain flux rests on an assumed Phi_U = Phi_Th chain balance, not a measured line intensity"
6.683439176e-02,3.384297e+01,3.384297e+01,2.199793e+01,4.568800e+01,1.598998e+02,1.598998e+02,7.994989e+01,3.197996e+02,differential_rate_regime,"flatters_SB | -20.61% vs PDG Leg A (~1 muon cm^-2 min^-1 x A_top = 1.7204 Hz) | BRACKETING DISCLOSURE: PDG Leg B (I_v ~ 70 m^-2 s^-1 sr^-1 with cos^2 theta -> 1.1350 Hz) puts the same adopted 1.3659 Hz at +20.34%, i.e. penalizes_SB; the two PDG statements BRACKET the adopted rate from opposite sides, so the ~20% MAGNITUDE is solid and the SIGN is anchor-leg dependent | underlying limit: 30-35% inter-experiment Gaisser-Guan normalization spread, which no in-repo artifact can narrow","neutral | +0.00% vs the LABChico measured survey, which IS the adopted normalization | factor-2 site-dependent band x0.5 .. x2 (the low edge is the flattering one and is not used) | weakest anchor: the U-chain flux rests on an assumed Phi_U = Phi_Th chain balance, not a measured line intensity"
7.498942093e-02,4.237375e+01,4.237375e+01,2.754294e+01,5.720457e+01,1.705001e+02,1.705001e+02,8.525005e+01,3.410002e+02,differential_rate_regime,"flatters_SB | -20.61% vs PDG Leg A (~1 muon cm^-2 min^-1 x A_top = 1.7204 Hz) | BRACKETING DISCLOSURE: PDG Leg B (I_v ~ 70 m^-2 s^-1 sr^-1 with cos^2 theta -> 1.1350 Hz) puts the same adopted 1.3659 Hz at +20.34%, i.e. penalizes_SB; the two PDG statements BRACKET the adopted rate from opposite sides, so the ~20% MAGNITUDE is solid and the SIGN is anchor-leg dependent | underlying limit: 30-35% inter-experiment Gaisser-Guan normalization spread, which no in-repo artifact can narrow","neutral | +0.00% vs the LABChico measured survey, which IS the adopted normalization | factor-2 site-dependent band x0.5 .. x2 (the low edge is the flattering one and is not used) | weakest anchor: the U-chain flux rests on an assumed Phi_U = Phi_Th chain balance, not a measured line intensity"
8.413951416e-02,4.115680e+01,4.115680e+01,2.675192e+01,5.556168e+01,1.791412e+02,1.791412e+02,8.957059e+01,3.582824e+02,differential_rate_regime,"flatters_SB | -20.61% vs PDG Leg A (~1 muon cm^-2 min^-1 x A_top = 1.7204 Hz) | BRACKETING DISCLOSURE: PDG Leg B (I_v ~ 70 m^-2 s^-1 sr^-1 with cos^2 theta -> 1.1350 Hz) puts the same adopted 1.3659 Hz at +20.34%, i.e. penalizes_SB; the two PDG statements BRACKET the adopted rate from opposite sides, so the ~20% MAGNITUDE is solid and the SIGN is anchor-leg dependent | underlying limit: 30-35% inter-experiment Gaisser-Guan normalization spread, which no in-repo artifact can narrow","neutral | +0.00% vs the LABChico measured survey, which IS the adopted normalization | factor-2 site-dependent band x0.5 .. x2 (the low edge is the flattering one and is not used) | weakest anchor: the U-chain flux rests on an assumed Phi_U = Phi_Th chain balance, not a measured line intensity"
9.440608763e-02,4.217544e+01,4.217544e+01,2.741403e+01,5.693684e+01,1.911236e+02,1.911236e+02,9.556179e+01,3.822472e+02,differential_rate_regime,"flatters_SB | -20.61% vs PDG Leg A (~1 muon cm^-2 min^-1 x A_top = 1.7204 Hz) | BRACKETING DISCLOSURE: PDG Leg B (I_v ~ 70 m^-2 s^-1 sr^-1 with cos^2 theta -> 1.1350 Hz) puts the same adopted 1.3659 Hz at +20.34%, i.e. penalizes_SB; the two PDG statements BRACKET the adopted rate from opposite sides, so the ~20% MAGNITUDE is solid and the SIGN is anchor-leg dependent | underlying limit: 30-35% inter-experiment Gaisser-Guan normalization spread, which no in-repo artifact can narrow","neutral | +0.00% vs the LABChico measured survey, which IS the adopted normalization | factor-2 site-dependent band x0.5 .. x2 (the low edge is the flattering one and is not used) | weakest anchor: the U-chain flux rests on an assumed Phi_U = Phi_Th chain balance, not a measured line intensity"
1.059253725e-01,4.081761e+01,4.081761e+01,2.653145e+01,5.510377e+01,1.979152e+02,1.979152e+02,9.895761e+01,3.958305e+02,differential_rate_regime,"flatters_SB | -20.61% vs PDG Leg A (~1 muon cm^-2 min^-1 x A_top = 1.7204 Hz) | BRACKETING DISCLOSURE: PDG Leg B (I_v ~ 70 m^-2 s^-1 sr^-1 with cos^2 theta -> 1.1350 Hz) puts the same adopted 1.3659 Hz at +20.34%, i.e. penalizes_SB; the two PDG statements BRACKET the adopted rate from opposite sides, so the ~20% MAGNITUDE is solid and the SIGN is anchor-leg dependent | underlying limit: 30-35% inter-experiment Gaisser-Guan normalization spread, which no in-repo artifact can narrow","neutral | +0.00% vs the LABChico measured survey, which IS the adopted normalization | factor-2 site-dependent band x0.5 .. x2 (the low edge is the flattering one and is not used) | weakest anchor: the U-chain flux rests on an assumed Phi_U = Phi_Th chain balance, not a measured line intensity"
1.188502227e-01,5.549131e+01,5.549131e+01,3.606935e+01,7.491327e+01,2.108631e+02,2.108631e+02,1.054316e+02,4.217262e+02,differential_rate_regime,"flatters_SB | -20.61% vs PDG Leg A (~1 muon cm^-2 min^-1 x A_top = 1.7204 Hz) | BRACKETING DISCLOSURE: PDG Leg B (I_v ~ 70 m^-2 s^-1 sr^-1 with cos^2 theta -> 1.1350 Hz) puts the same adopted 1.3659 Hz at +20.34%, i.e. penalizes_SB; the two PDG statements BRACKET the adopted rate from opposite sides, so the ~20% MAGNITUDE is solid and the SIGN is anchor-leg dependent | underlying limit: 30-35% inter-experiment Gaisser-Guan normalization spread, which no in-repo artifact can narrow","neutral | +0.00% vs the LABChico measured survey, which IS the adopted normalization | factor-2 site-dependent band x0.5 .. x2 (the low edge is the flattering one and is not used) | weakest anchor: the U-chain flux rests on an assumed Phi_U = Phi_Th chain balance, not a measured line intensity"
1.333521432e-01,3.259307e+01,3.259307e+01,2.118549e+01,4.400064e+01,2.343176e+02,2.343176e+02,1.171588e+02,4.686352e+02,differential_rate_regime,"flatters_SB | -20.61% vs PDG Leg A (~1 muon cm^-2 min^-1 x A_top = 1.7204 Hz) | BRACKETING DISCLOSURE: PDG Leg B (I_v ~ 70 m^-2 s^-1 sr^-1 with cos^2 theta -> 1.1350 Hz) puts the same adopted 1.3659 Hz at +20.34%, i.e. penalizes_SB; the two PDG statements BRACKET the adopted rate from opposite sides, so the ~20% MAGNITUDE is solid and the SIGN is anchor-leg dependent | underlying limit: 30-35% inter-experiment Gaisser-Guan normalization spread, which no in-repo artifact can narrow","neutral | +0.00% vs the LABChico measured survey, which IS the adopted normalization | factor-2 site-dependent band x0.5 .. x2 (the low edge is the flattering one and is not used) | weakest anchor: the U-chain flux rests on an assumed Phi_U = Phi_Th chain balance, not a measured line intensity"
1.496235656e-01,4.631932e+01,4.631932e+01,3.010756e+01,6.253108e+01,2.353221e+02,2.353221e+02,1.176610e+02,4.706441e+02,differential_rate_regime,"flatters_SB | -20.61% vs PDG Leg A (~1 muon cm^-2 min^-1 x A_top = 1.7204 Hz) | BRACKETING DISCLOSURE: PDG Leg B (I_v ~ 70 m^-2 s^-1 sr^-1 with cos^2 theta -> 1.1350 Hz) puts the same adopted 1.3659 Hz at +20.34%, i.e. penalizes_SB; the two PDG statements BRACKET the adopted rate from opposite sides, so the ~20% MAGNITUDE is solid and the SIGN is anchor-leg dependent | underlying limit: 30-35% inter-experiment Gaisser-Guan normalization spread, which no in-repo artifact can narrow","neutral | +0.00% vs the LABChico measured survey, which IS the adopted normalization | factor-2 site-dependent band x0.5 .. x2 (the low edge is the flattering one and is not used) | weakest anchor: the U-chain flux rests on an assumed Phi_U = Phi_Th chain balance, not a measured line intensity"
1.678804018e-01,4.595862e+01,4.595862e+01,2.987310e+01,6.204414e+01,2.534952e+02,2.534952e+02,1.267476e+02,5.069904e+02,differential_rate_regime,"flatters_SB | -20.61% vs PDG Leg A (~1 muon cm^-2 min^-1 x A_top = 1.7204 Hz) | BRACKETING DISCLOSURE: PDG Leg B (I_v ~ 70 m^-2 s^-1 sr^-1 with cos^2 theta -> 1.1350 Hz) puts the same adopted 1.3659 Hz at +20.34%, i.e. penalizes_SB; the two PDG statements BRACKET the adopted rate from opposite sides, so the ~20% MAGNITUDE is solid and the SIGN is anchor-leg dependent | underlying limit: 30-35% inter-experiment Gaisser-Guan normalization spread, which no in-repo artifact can narrow","neutral | +0.00% vs the LABChico measured survey, which IS the adopted normalization | factor-2 site-dependent band x0.5 .. x2 (the low edge is the flattering one and is not used) | weakest anchor: the U-chain flux rests on an assumed Phi_U = Phi_Th chain balance, not a measured line intensity"
1.883649089e-01,4.465154e+01,4.465154e+01,2.902350e+01,6.027958e+01,2.772380e+02,2.772380e+02,1.386190e+02,5.544759e+02,differential_rate_regime,"flatters_SB | -20.61% vs PDG Leg A (~1 muon cm^-2 min^-1 x A_top = 1.7204 Hz) | BRACKETING DISCLOSURE: PDG Leg B (I_v ~ 70 m^-2 s^-1 sr^-1 with cos^2 theta -> 1.1350 Hz) puts the same adopted 1.3659 Hz at +20.34%, i.e. penalizes_SB; the two PDG statements BRACKET the adopted rate from opposite sides, so the ~20% MAGNITUDE is solid and the SIGN is anchor-leg dependent | underlying limit: 30-35% inter-experiment Gaisser-Guan normalization spread, which no in-repo artifact can narrow","neutral | +0.00% vs the LABChico measured survey, which IS the adopted normalization | factor-2 site-dependent band x0.5 .. x2 (the low edge is the flattering one and is not used) | weakest anchor: the U-chain flux rests on an assumed Phi_U = Phi_Th chain balance, not a measured line intensity"
2.113489040e-01,3.117746e+01,3.117746e+01,2.026535e+01,4.208957e+01,2.783777e+02,2.783777e+02,1.391889e+02,5.567554e+02,differential_rate_regime,"flatters_SB | -20.61% vs PDG Leg A (~1 muon cm^-2 min^-1 x A_top = 1.7204 Hz) | BRACKETING DISCLOSURE: PDG Leg B (I_v ~ 70 m^-2 s^-1 sr^-1 with cos^2 theta -> 1.1350 Hz) puts the same adopted 1.3659 Hz at +20.34%, i.e. penalizes_SB; the two PDG statements BRACKET the adopted rate from opposite sides, so the ~20% MAGNITUDE is solid and the SIGN is anchor-leg dependent | underlying limit: 30-35% inter-experiment Gaisser-Guan normalization spread, which no in-repo artifact can narrow","neutral | +0.00% vs the LABChico measured survey, which IS the adopted normalization | factor-2 site-dependent band x0.5 .. x2 (the low edge is the flattering one and is not used) | weakest anchor: the U-chain flux rests on an assumed Phi_U = Phi_Th chain balance, not a measured line intensity"
2.371373706e-01,5.707031e+01,5.707031e+01,3.709570e+01,7.704492e+01,2.924268e+02,2.924268e+02,1.462134e+02,5.848535e+02,differential_rate_regime,"flatters_SB | -20.61% vs PDG Leg A (~1 muon cm^-2 min^-1 x A_top = 1.7204 Hz) | BRACKETING DISCLOSURE: PDG Leg B (I_v ~ 70 m^-2 s^-1 sr^-1 with cos^2 theta -> 1.1350 Hz) puts the same adopted 1.3659 Hz at +20.34%, i.e. penalizes_SB; the two PDG statements BRACKET the adopted rate from opposite sides, so the ~20% MAGNITUDE is solid and the SIGN is anchor-leg dependent | underlying limit: 30-35% inter-experiment Gaisser-Guan normalization spread, which no in-repo artifact can narrow","neutral | +0.00% vs the LABChico measured survey, which IS the adopted normalization | factor-2 site-dependent band x0.5 .. x2 (the low edge is the flattering one and is not used) | weakest anchor: the U-chain flux rests on an assumed Phi_U = Phi_Th chain balance, not a measured line intensity"
2.660725060e-01,4.614640e+01,4.614640e+01,2.999516e+01,6.229764e+01,3.258508e+02,3.258508e+02,1.629254e+02,6.517015e+02,differential_rate_regime,"flatters_SB | -20.61% vs PDG Leg A (~1 muon cm^-2 min^-1 x A_top = 1.7204 Hz) | BRACKETING DISCLOSURE: PDG Leg B (I_v ~ 70 m^-2 s^-1 sr^-1 with cos^2 theta -> 1.1350 Hz) puts the same adopted 1.3659 Hz at +20.34%, i.e. penalizes_SB; the two PDG statements BRACKET the adopted rate from opposite sides, so the ~20% MAGNITUDE is solid and the SIGN is anchor-leg dependent | underlying limit: 30-35% inter-experiment Gaisser-Guan normalization spread, which no in-repo artifact can narrow","neutral | +0.00% vs the LABChico measured survey, which IS the adopted normalization | factor-2 site-dependent band x0.5 .. x2 (the low edge is the flattering one and is not used) | weakest anchor: the U-chain flux rests on an assumed Phi_U = Phi_Th chain balance, not a measured line intensity"
2.985382619e-01,4.515836e+01,4.515836e+01,2.935293e+01,6.096378e+01,3.186104e+02,3.186104e+02,1.593052e+02,6.372209e+02,differential_rate_regime,"flatters_SB | -20.61% vs PDG Leg A (~1 muon cm^-2 min^-1 x A_top = 1.7204 Hz) | BRACKETING DISCLOSURE: PDG Leg B (I_v ~ 70 m^-2 s^-1 sr^-1 with cos^2 theta -> 1.1350 Hz) puts the same adopted 1.3659 Hz at +20.34%, i.e. penalizes_SB; the two PDG statements BRACKET the adopted rate from opposite sides, so the ~20% MAGNITUDE is solid and the SIGN is anchor-leg dependent | underlying limit: 30-35% inter-experiment Gaisser-Guan normalization spread, which no in-repo artifact can narrow","neutral | +0.00% vs the LABChico measured survey, which IS the adopted normalization | factor-2 site-dependent band x0.5 .. x2 (the low edge is the flattering one and is not used) | weakest anchor: the U-chain flux rests on an assumed Phi_U = Phi_Th chain balance, not a measured line intensity"
3.349654392e-01,2.869334e+01,2.869334e+01,1.865067e+01,3.873601e+01,3.246080e+02,3.246080e+02,1.623040e+02,6.492159e+02,differential_rate_regime,"flatters_SB | -20.61% vs PDG Leg A (~1 muon cm^-2 min^-1 x A_top = 1.7204 Hz) | BRACKETING DISCLOSURE: PDG Leg B (I_v ~ 70 m^-2 s^-1 sr^-1 with cos^2 theta -> 1.1350 Hz) puts the same adopted 1.3659 Hz at +20.34%, i.e. penalizes_SB; the two PDG statements BRACKET the adopted rate from opposite sides, so the ~20% MAGNITUDE is solid and the SIGN is anchor-leg dependent | underlying limit: 30-35% inter-experiment Gaisser-Guan normalization spread, which no in-repo artifact can narrow","neutral | +0.00% vs the LABChico measured survey, which IS the adopted normalization | factor-2 site-dependent band x0.5 .. x2 (the low edge is the flattering one and is not used) | weakest anchor: the U-chain flux rests on an assumed Phi_U = Phi_Th chain balance, not a measured line intensity"
3.758374043e-01,5.393240e+01,5.393240e+01,3.505606e+01,7.280875e+01,3.685640e+02,3.685640e+02,1.842820e+02,7.371280e+02,differential_rate_regime,"flatters_SB | -20.61% vs PDG Leg A (~1 muon cm^-2 min^-1 x A_top = 1.7204 Hz) | BRACKETING DISCLOSURE: PDG Leg B (I_v ~ 70 m^-2 s^-1 sr^-1 with cos^2 theta -> 1.1350 Hz) puts the same adopted 1.3659 Hz at +20.34%, i.e. penalizes_SB; the two PDG statements BRACKET the adopted rate from opposite sides, so the ~20% MAGNITUDE is solid and the SIGN is anchor-leg dependent | underlying limit: 30-35% inter-experiment Gaisser-Guan normalization spread, which no in-repo artifact can narrow","neutral | +0.00% vs the LABChico measured survey, which IS the adopted normalization | factor-2 site-dependent band x0.5 .. x2 (the low edge is the flattering one and is not used) | weakest anchor: the U-chain flux rests on an assumed Phi_U = Phi_Th chain balance, not a measured line intensity"
4.216965034e-01,4.672335e+01,4.672335e+01,3.037018e+01,6.307653e+01,3.796562e+02,3.796562e+02,1.898281e+02,7.593124e+02,differential_rate_regime,"flatters_SB | -20.61% vs PDG Leg A (~1 muon cm^-2 min^-1 x A_top = 1.7204 Hz) | BRACKETING DISCLOSURE: PDG Leg B (I_v ~ 70 m^-2 s^-1 sr^-1 with cos^2 theta -> 1.1350 Hz) puts the same adopted 1.3659 Hz at +20.34%, i.e. penalizes_SB; the two PDG statements BRACKET the adopted rate from opposite sides, so the ~20% MAGNITUDE is solid and the SIGN is anchor-leg dependent | underlying limit: 30-35% inter-experiment Gaisser-Guan normalization spread, which no in-repo artifact can narrow","neutral | +0.00% vs the LABChico measured survey, which IS the adopted normalization | factor-2 site-dependent band x0.5 .. x2 (the low edge is the flattering one and is not used) | weakest anchor: the U-chain flux rests on an assumed Phi_U = Phi_Th chain balance, not a measured line intensity"
4.731512590e-01,5.210732e+01,5.210732e+01,3.386975e+01,7.034488e+01,3.567466e+02,3.567466e+02,1.783733e+02,7.134933e+02,differential_rate_regime,"flatters_SB | -20.61% vs PDG Leg A (~1 muon cm^-2 min^-1 x A_top = 1.7204 Hz) | BRACKETING DISCLOSURE: PDG Leg B (I_v ~ 70 m^-2 s^-1 sr^-1 with cos^2 theta -> 1.1350 Hz) puts the same adopted 1.3659 Hz at +20.34%, i.e. penalizes_SB; the two PDG statements BRACKET the adopted rate from opposite sides, so the ~20% MAGNITUDE is solid and the SIGN is anchor-leg dependent | underlying limit: 30-35% inter-experiment Gaisser-Guan normalization spread, which no in-repo artifact can narrow","neutral | +0.00% vs the LABChico measured survey, which IS the adopted normalization | factor-2 site-dependent band x0.5 .. x2 (the low edge is the flattering one and is not used) | weakest anchor: the U-chain flux rests on an assumed Phi_U = Phi_Th chain balance, not a measured line intensity"
5.308844442e-01,3.753661e+01,3.753661e+01,2.439879e+01,5.067442e+01,3.938590e+02,3.938590e+02,1.969295e+02,7.877180e+02,differential_rate_regime,"flatters_SB | -20.61% vs PDG Leg A (~1 muon cm^-2 min^-1 x A_top = 1.7204 Hz) | BRACKETING DISCLOSURE: PDG Leg B (I_v ~ 70 m^-2 s^-1 sr^-1 with cos^2 theta -> 1.1350 Hz) puts the same adopted 1.3659 Hz at +20.34%, i.e. penalizes_SB; the two PDG statements BRACKET the adopted rate from opposite sides, so the ~20% MAGNITUDE is solid and the SIGN is anchor-leg dependent | underlying limit: 30-35% inter-experiment Gaisser-Guan normalization spread, which no in-repo artifact can narrow","neutral | +0.00% vs the LABChico measured survey, which IS the adopted normalization | factor-2 site-dependent band x0.5 .. x2 (the low edge is the flattering one and is not used) | weakest anchor: the U-chain flux rests on an assumed Phi_U = Phi_Th chain balance, not a measured line intensity"
5.956621435e-01,5.842978e+01,5.842978e+01,3.797936e+01,7.888021e+01,4.468254e+02,4.468254e+02,2.234127e+02,8.936509e+02,differential_rate_regime,"flatters_SB | -20.61% vs PDG Leg A (~1 muon cm^-2 min^-1 x A_top = 1.7204 Hz) | BRACKETING DISCLOSURE: PDG Leg B (I_v ~ 70 m^-2 s^-1 sr^-1 with cos^2 theta -> 1.1350 Hz) puts the same adopted 1.3659 Hz at +20.34%, i.e. penalizes_SB; the two PDG statements BRACKET the adopted rate from opposite sides, so the ~20% MAGNITUDE is solid and the SIGN is anchor-leg dependent | underlying limit: 30-35% inter-experiment Gaisser-Guan normalization spread, which no in-repo artifact can narrow","neutral | +0.00% vs the LABChico measured survey, which IS the adopted normalization | factor-2 site-dependent band x0.5 .. x2 (the low edge is the flattering one and is not used) | weakest anchor: the U-chain flux rests on an assumed Phi_U = Phi_Th chain balance, not a measured line intensity"
6.683439176e-01,3.440910e+01,3.440910e+01,2.236591e+01,4.645228e+01,4.009011e+02,4.009011e+02,2.004505e+02,8.018021e+02,differential_rate_regime,"flatters_SB | -20.61% vs PDG Leg A (~1 muon cm^-2 min^-1 x A_top = 1.7204 Hz) | BRACKETING DISCLOSURE: PDG Leg B (I_v ~ 70 m^-2 s^-1 sr^-1 with cos^2 theta -> 1.1350 Hz) puts the same adopted 1.3659 Hz at +20.34%, i.e. penalizes_SB; the two PDG statements BRACKET the adopted rate from opposite sides, so the ~20% MAGNITUDE is solid and the SIGN is anchor-leg dependent | underlying limit: 30-35% inter-experiment Gaisser-Guan normalization spread, which no in-repo artifact can narrow","neutral | +0.00% vs the LABChico measured survey, which IS the adopted normalization | factor-2 site-dependent band x0.5 .. x2 (the low edge is the flattering one and is not used) | weakest anchor: the U-chain flux rests on an assumed Phi_U = Phi_Th chain balance, not a measured line intensity"
7.498942093e-01,4.888414e+01,4.888414e+01,3.177469e+01,6.599359e+01,4.315596e+02,4.315596e+02,2.157798e+02,8.631192e+02,differential_rate_regime,"flatters_SB | -20.61% vs PDG Leg A (~1 muon cm^-2 min^-1 x A_top = 1.7204 Hz) | BRACKETING DISCLOSURE: PDG Leg B (I_v ~ 70 m^-2 s^-1 sr^-1 with cos^2 theta -> 1.1350 Hz) puts the same adopted 1.3659 Hz at +20.34%, i.e. penalizes_SB; the two PDG statements BRACKET the adopted rate from opposite sides, so the ~20% MAGNITUDE is solid and the SIGN is anchor-leg dependent | underlying limit: 30-35% inter-experiment Gaisser-Guan normalization spread, which no in-repo artifact can narrow","neutral | +0.00% vs the LABChico measured survey, which IS the adopted normalization | factor-2 site-dependent band x0.5 .. x2 (the low edge is the flattering one and is not used) | weakest anchor: the U-chain flux rests on an assumed Phi_U = Phi_Th chain balance, not a measured line intensity"
8.413951416e-01,5.269468e+01,5.269468e+01,3.425154e+01,7.113782e+01,5.010816e+02,5.010816e+02,2.505408e+02,1.002163e+03,differential_rate_regime,"flatters_SB | -20.61% vs PDG Leg A (~1 muon cm^-2 min^-1 x A_top = 1.7204 Hz) | BRACKETING DISCLOSURE: PDG Leg B (I_v ~ 70 m^-2 s^-1 sr^-1 with cos^2 theta -> 1.1350 Hz) puts the same adopted 1.3659 Hz at +20.34%, i.e. penalizes_SB; the two PDG statements BRACKET the adopted rate from opposite sides, so the ~20% MAGNITUDE is solid and the SIGN is anchor-leg dependent | underlying limit: 30-35% inter-experiment Gaisser-Guan normalization spread, which no in-repo artifact can narrow","neutral | +0.00% vs the LABChico measured survey, which IS the adopted normalization | factor-2 site-dependent band x0.5 .. x2 (the low edge is the flattering one and is not used) | weakest anchor: the U-chain flux rests on an assumed Phi_U = Phi_Th chain balance, not a measured line intensity"
9.440608763e-01,4.681314e+01,4.681314e+01,3.042854e+01,6.319774e+01,4.380081e+02,4.380081e+02,2.190041e+02,8.760163e+02,differential_rate_regime,"flatters_SB | -20.61% vs PDG Leg A (~1 muon cm^-2 min^-1 x A_top = 1.7204 Hz) | BRACKETING DISCLOSURE: PDG Leg B (I_v ~ 70 m^-2 s^-1 sr^-1 with cos^2 theta -> 1.1350 Hz) puts the same adopted 1.3659 Hz at +20.34%, i.e. penalizes_SB; the two PDG statements BRACKET the adopted rate from opposite sides, so the ~20% MAGNITUDE is solid and the SIGN is anchor-leg dependent | underlying limit: 30-35% inter-experiment Gaisser-Guan normalization spread, which no in-repo artifact can narrow","neutral | +0.00% vs the LABChico measured survey, which IS the adopted normalization | factor-2 site-dependent band x0.5 .. x2 (the low edge is the flattering one and is not used) | weakest anchor: the U-chain flux rests on an assumed Phi_U = Phi_Th chain balance, not a measured line intensity"
1.059253725e+00,5.502982e+01,5.502982e+01,3.576939e+01,7.429026e+01,5.553656e+02,5.553656e+02,2.776828e+02,1.110731e+03,differential_rate_regime,"flatters_SB | -20.61% vs PDG Leg A (~1 muon cm^-2 min^-1 x A_top = 1.7204 Hz) | BRACKETING DISCLOSURE: PDG Leg B (I_v ~ 70 m^-2 s^-1 sr^-1 with cos^2 theta -> 1.1350 Hz) puts the same adopted 1.3659 Hz at +20.34%, i.e. penalizes_SB; the two PDG statements BRACKET the adopted rate from opposite sides, so the ~20% MAGNITUDE is solid and the SIGN is anchor-leg dependent | underlying limit: 30-35% inter-experiment Gaisser-Guan normalization spread, which no in-repo artifact can narrow","neutral | +0.00% vs the LABChico measured survey, which IS the adopted normalization | factor-2 site-dependent band x0.5 .. x2 (the low edge is the flattering one and is not used) | weakest anchor: the U-chain flux rests on an assumed Phi_U = Phi_Th chain balance, not a measured line intensity"
1.188502227e+00,4.007552e+01,4.007552e+01,2.604908e+01,5.410195e+01,4.743288e+02,4.743288e+02,2.371644e+02,9.486576e+02,differential_rate_regime,"flatters_SB | -20.61% vs PDG Leg A (~1 muon cm^-2 min^-1 x A_top = 1.7204 Hz) | BRACKETING DISCLOSURE: PDG Leg B (I_v ~ 70 m^-2 s^-1 sr^-1 with cos^2 theta -> 1.1350 Hz) puts the same adopted 1.3659 Hz at +20.34%, i.e. penalizes_SB; the two PDG statements BRACKET the adopted rate from opposite sides, so the ~20% MAGNITUDE is solid and the SIGN is anchor-leg dependent | underlying limit: 30-35% inter-experiment Gaisser-Guan normalization spread, which no in-repo artifact can narrow","neutral | +0.00% vs the LABChico measured survey, which IS the adopted normalization | factor-2 site-dependent band x0.5 .. x2 (the low edge is the flattering one and is not used) | weakest anchor: the U-chain flux rests on an assumed Phi_U = Phi_Th chain balance, not a measured line intensity"
1.333521432e+00,5.371981e+01,5.371981e+01,3.491788e+01,7.252174e+01,5.886697e+02,5.886697e+02,2.943348e+02,1.177339e+03,differential_rate_regime,"flatters_SB | -20.61% vs PDG Leg A (~1 muon cm^-2 min^-1 x A_top = 1.7204 Hz) | BRACKETING DISCLOSURE: PDG Leg B (I_v ~ 70 m^-2 s^-1 sr^-1 with cos^2 theta -> 1.1350 Hz) puts the same adopted 1.3659 Hz at +20.34%, i.e. penalizes_SB; the two PDG statements BRACKET the adopted rate from opposite sides, so the ~20% MAGNITUDE is solid and the SIGN is anchor-leg dependent | underlying limit: 30-35% inter-experiment Gaisser-Guan normalization spread, which no in-repo artifact can narrow","neutral | +0.00% vs the LABChico measured survey, which IS the adopted normalization | factor-2 site-dependent band x0.5 .. x2 (the low edge is the flattering one and is not used) | weakest anchor: the U-chain flux rests on an assumed Phi_U = Phi_Th chain balance, not a measured line intensity"
1.496235656e+00,4.603853e+01,4.603853e+01,2.992504e+01,6.215201e+01,4.998149e+02,4.998149e+02,2.499075e+02,9.996299e+02,differential_rate_regime,"flatters_SB | -20.61% vs PDG Leg A (~1 muon cm^-2 min^-1 x A_top = 1.7204 Hz) | BRACKETING DISCLOSURE: PDG Leg B (I_v ~ 70 m^-2 s^-1 sr^-1 with cos^2 theta -> 1.1350 Hz) puts the same adopted 1.3659 Hz at +20.34%, i.e. penalizes_SB; the two PDG statements BRACKET the adopted rate from opposite sides, so the ~20% MAGNITUDE is solid and the SIGN is anchor-leg dependent | underlying limit: 30-35% inter-experiment Gaisser-Guan normalization spread, which no in-repo artifact can narrow","neutral | +0.00% vs the LABChico measured survey, which IS the adopted normalization | factor-2 site-dependent band x0.5 .. x2 (the low edge is the flattering one and is not used) | weakest anchor: the U-chain flux rests on an assumed Phi_U = Phi_Th chain balance, not a measured line intensity"
1.678804018e+00,5.018363e+01,5.018363e+01,3.261936e+01,6.774790e+01,6.376447e+02,6.376447e+02,3.188223e+02,1.275289e+03,differential_rate_regime,"flatters_SB | -20.61% vs PDG Leg A (~1 muon cm^-2 min^-1 x A_top = 1.7204 Hz) | BRACKETING DISCLOSURE: PDG Leg B (I_v ~ 70 m^-2 s^-1 sr^-1 with cos^2 theta -> 1.1350 Hz) puts the same adopted 1.3659 Hz at +20.34%, i.e. penalizes_SB; the two PDG statements BRACKET the adopted rate from opposite sides, so the ~20% MAGNITUDE is solid and the SIGN is anchor-leg dependent | underlying limit: 30-35% inter-experiment Gaisser-Guan normalization spread, which no in-repo artifact can narrow","neutral | +0.00% vs the LABChico measured survey, which IS the adopted normalization | factor-2 site-dependent band x0.5 .. x2 (the low edge is the flattering one and is not used) | weakest anchor: the U-chain flux rests on an assumed Phi_U = Phi_Th chain balance, not a measured line intensity"
1.883649089e+00,5.400535e+01,5.400535e+01,3.510347e+01,7.290722e+01,6.382356e+02,6.382356e+02,3.191178e+02,1.276471e+03,differential_rate_regime,"flatters_SB | -20.61% vs PDG Leg A (~1 muon cm^-2 min^-1 x A_top = 1.7204 Hz) | BRACKETING DISCLOSURE: PDG Leg B (I_v ~ 70 m^-2 s^-1 sr^-1 with cos^2 theta -> 1.1350 Hz) puts the same adopted 1.3659 Hz at +20.34%, i.e. penalizes_SB; the two PDG statements BRACKET the adopted rate from opposite sides, so the ~20% MAGNITUDE is solid and the SIGN is anchor-leg dependent | underlying limit: 30-35% inter-experiment Gaisser-Guan normalization spread, which no in-repo artifact can narrow","neutral | +0.00% vs the LABChico measured survey, which IS the adopted normalization | factor-2 site-dependent band x0.5 .. x2 (the low edge is the flattering one and is not used) | weakest anchor: the U-chain flux rests on an assumed Phi_U = Phi_Th chain balance, not a measured line intensity"
2.113489040e+00,4.859638e+01,4.859638e+01,3.158764e+01,6.560511e+01,5.727082e+02,5.727082e+02,2.863541e+02,1.145416e+03,differential_rate_regime,"flatters_SB | -20.61% vs PDG Leg A (~1 muon cm^-2 min^-1 x A_top = 1.7204 Hz) | BRACKETING DISCLOSURE: PDG Leg B (I_v ~ 70 m^-2 s^-1 sr^-1 with cos^2 theta -> 1.1350 Hz) puts the same adopted 1.3659 Hz at +20.34%, i.e. penalizes_SB; the two PDG statements BRACKET the adopted rate from opposite sides, so the ~20% MAGNITUDE is solid and the SIGN is anchor-leg dependent | underlying limit: 30-35% inter-experiment Gaisser-Guan normalization spread, which no in-repo artifact can narrow","neutral | +0.00% vs the LABChico measured survey, which IS the adopted normalization | factor-2 site-dependent band x0.5 .. x2 (the low edge is the flattering one and is not used) | weakest anchor: the U-chain flux rests on an assumed Phi_U = Phi_Th chain balance, not a measured line intensity"
2.371373706e+00,5.434326e+01,5.434326e+01,3.532312e+01,7.336340e+01,6.968705e+02,6.968705e+02,3.484353e+02,1.393741e+03,differential_rate_regime,"flatters_SB | -20.61% vs PDG Leg A (~1 muon cm^-2 min^-1 x A_top = 1.7204 Hz) | BRACKETING DISCLOSURE: PDG Leg B (I_v ~ 70 m^-2 s^-1 sr^-1 with cos^2 theta -> 1.1350 Hz) puts the same adopted 1.3659 Hz at +20.34%, i.e. penalizes_SB; the two PDG statements BRACKET the adopted rate from opposite sides, so the ~20% MAGNITUDE is solid and the SIGN is anchor-leg dependent | underlying limit: 30-35% inter-experiment Gaisser-Guan normalization spread, which no in-repo artifact can narrow","neutral | +0.00% vs the LABChico measured survey, which IS the adopted normalization | factor-2 site-dependent band x0.5 .. x2 (the low edge is the flattering one and is not used) | weakest anchor: the U-chain flux rests on an assumed Phi_U = Phi_Th chain balance, not a measured line intensity"
2.660725060e+00,5.952100e+01,5.952100e+01,3.868865e+01,8.035335e+01,7.288187e+02,7.288187e+02,3.644093e+02,1.457637e+03,differential_rate_regime,"flatters_SB | -20.61% vs PDG Leg A (~1 muon cm^-2 min^-1 x A_top = 1.7204 Hz) | BRACKETING DISCLOSURE: PDG Leg B (I_v ~ 70 m^-2 s^-1 sr^-1 with cos^2 theta -> 1.1350 Hz) puts the same adopted 1.3659 Hz at +20.34%, i.e. penalizes_SB; the two PDG statements BRACKET the adopted rate from opposite sides, so the ~20% MAGNITUDE is solid and the SIGN is anchor-leg dependent | underlying limit: 30-35% inter-experiment Gaisser-Guan normalization spread, which no in-repo artifact can narrow","neutral | +0.00% vs the LABChico measured survey, which IS the adopted normalization | factor-2 site-dependent band x0.5 .. x2 (the low edge is the flattering one and is not used) | weakest anchor: the U-chain flux rests on an assumed Phi_U = Phi_Th chain balance, not a measured line intensity"
2.985382619e+00,6.292928e+01,6.292928e+01,4.090403e+01,8.495453e+01,7.582716e+02,7.582716e+02,3.791358e+02,1.516543e+03,differential_rate_regime,"flatters_SB | -20.61% vs PDG Leg A (~1 muon cm^-2 min^-1 x A_top = 1.7204 Hz) | BRACKETING DISCLOSURE: PDG Leg B (I_v ~ 70 m^-2 s^-1 sr^-1 with cos^2 theta -> 1.1350 Hz) puts the same adopted 1.3659 Hz at +20.34%, i.e. penalizes_SB; the two PDG statements BRACKET the adopted rate from opposite sides, so the ~20% MAGNITUDE is solid and the SIGN is anchor-leg dependent | underlying limit: 30-35% inter-experiment Gaisser-Guan normalization spread, which no in-repo artifact can narrow","neutral | +0.00% vs the LABChico measured survey, which IS the adopted normalization | factor-2 site-dependent band x0.5 .. x2 (the low edge is the flattering one and is not used) | weakest anchor: the U-chain flux rests on an assumed Phi_U = Phi_Th chain balance, not a measured line intensity"
3.349654392e+00,6.706152e+01,6.706152e+01,4.358999e+01,9.053305e+01,9.525222e+02,9.525222e+02,4.762611e+02,1.905044e+03,differential_rate_regime,"flatters_SB | -20.61% vs PDG Leg A (~1 muon cm^-2 min^-1 x A_top = 1.7204 Hz) | BRACKETING DISCLOSURE: PDG Leg B (I_v ~ 70 m^-2 s^-1 sr^-1 with cos^2 theta -> 1.1350 Hz) puts the same adopted 1.3659 Hz at +20.34%, i.e. penalizes_SB; the two PDG statements BRACKET the adopted rate from opposite sides, so the ~20% MAGNITUDE is solid and the SIGN is anchor-leg dependent | underlying limit: 30-35% inter-experiment Gaisser-Guan normalization spread, which no in-repo artifact can narrow","neutral | +0.00% vs the LABChico measured survey, which IS the adopted normalization | factor-2 site-dependent band x0.5 .. x2 (the low edge is the flattering one and is not used) | weakest anchor: the U-chain flux rests on an assumed Phi_U = Phi_Th chain balance, not a measured line intensity"
3.758374043e+00,6.375859e+01,6.375859e+01,4.144308e+01,8.607409e+01,8.335520e+02,8.335520e+02,4.167760e+02,1.667104e+03,differential_rate_regime,"flatters_SB | -20.61% vs PDG Leg A (~1 muon cm^-2 min^-1 x A_top = 1.7204 Hz) | BRACKETING DISCLOSURE: PDG Leg B (I_v ~ 70 m^-2 s^-1 sr^-1 with cos^2 theta -> 1.1350 Hz) puts the same adopted 1.3659 Hz at +20.34%, i.e. penalizes_SB; the two PDG statements BRACKET the adopted rate from opposite sides, so the ~20% MAGNITUDE is solid and the SIGN is anchor-leg dependent | underlying limit: 30-35% inter-experiment Gaisser-Guan normalization spread, which no in-repo artifact can narrow","neutral | +0.00% vs the LABChico measured survey, which IS the adopted normalization | factor-2 site-dependent band x0.5 .. x2 (the low edge is the flattering one and is not used) | weakest anchor: the U-chain flux rests on an assumed Phi_U = Phi_Th chain balance, not a measured line intensity"
4.216965034e+00,7.555522e+01,7.555522e+01,4.911089e+01,1.019995e+02,1.051535e+03,1.051535e+03,5.257675e+02,2.103070e+03,differential_rate_regime,"flatters_SB | -20.61% vs PDG Leg A (~1 muon cm^-2 min^-1 x A_top = 1.7204 Hz) | BRACKETING DISCLOSURE: PDG Leg B (I_v ~ 70 m^-2 s^-1 sr^-1 with cos^2 theta -> 1.1350 Hz) puts the same adopted 1.3659 Hz at +20.34%, i.e. penalizes_SB; the two PDG statements BRACKET the adopted rate from opposite sides, so the ~20% MAGNITUDE is solid and the SIGN is anchor-leg dependent | underlying limit: 30-35% inter-experiment Gaisser-Guan normalization spread, which no in-repo artifact can narrow","neutral | +0.00% vs the LABChico measured survey, which IS the adopted normalization | factor-2 site-dependent band x0.5 .. x2 (the low edge is the flattering one and is not used) | weakest anchor: the U-chain flux rests on an assumed Phi_U = Phi_Th chain balance, not a measured line intensity"
4.731512590e+00,7.766047e+01,7.766047e+01,5.047931e+01,1.048416e+02,1.107304e+03,1.107304e+03,5.536518e+02,2.214607e+03,differential_rate_regime,"flatters_SB | -20.61% vs PDG Leg A (~1 muon cm^-2 min^-1 x A_top = 1.7204 Hz) | BRACKETING DISCLOSURE: PDG Leg B (I_v ~ 70 m^-2 s^-1 sr^-1 with cos^2 theta -> 1.1350 Hz) puts the same adopted 1.3659 Hz at +20.34%, i.e. penalizes_SB; the two PDG statements BRACKET the adopted rate from opposite sides, so the ~20% MAGNITUDE is solid and the SIGN is anchor-leg dependent | underlying limit: 30-35% inter-experiment Gaisser-Guan normalization spread, which no in-repo artifact can narrow","neutral | +0.00% vs the LABChico measured survey, which IS the adopted normalization | factor-2 site-dependent band x0.5 .. x2 (the low edge is the flattering one and is not used) | weakest anchor: the U-chain flux rests on an assumed Phi_U = Phi_Th chain balance, not a measured line intensity"
5.308844442e+00,8.140761e+01,8.140761e+01,5.291494e+01,1.099003e+02,1.188995e+03,1.188995e+03,5.944974e+02,2.377990e+03,differential_rate_regime,"flatters_SB | -20.61% vs PDG Leg A (~1 muon cm^-2 min^-1 x A_top = 1.7204 Hz) | BRACKETING DISCLOSURE: PDG Leg B (I_v ~ 70 m^-2 s^-1 sr^-1 with cos^2 theta -> 1.1350 Hz) puts the same adopted 1.3659 Hz at +20.34%, i.e. penalizes_SB; the two PDG statements BRACKET the adopted rate from opposite sides, so the ~20% MAGNITUDE is solid and the SIGN is anchor-leg dependent | underlying limit: 30-35% inter-experiment Gaisser-Guan normalization spread, which no in-repo artifact can narrow","neutral | +0.00% vs the LABChico measured survey, which IS the adopted normalization | factor-2 site-dependent band x0.5 .. x2 (the low edge is the flattering one and is not used) | weakest anchor: the U-chain flux rests on an assumed Phi_U = Phi_Th chain balance, not a measured line intensity"
5.956621435e+00,9.567867e+01,9.567867e+01,6.219113e+01,1.291662e+02,1.250779e+03,1.250779e+03,6.253894e+02,2.501558e+03,differential_rate_regime,"flatters_SB | -20.61% vs PDG Leg A (~1 muon cm^-2 min^-1 x A_top = 1.7204 Hz) | BRACKETING DISCLOSURE: PDG Leg B (I_v ~ 70 m^-2 s^-1 sr^-1 with cos^2 theta -> 1.1350 Hz) puts the same adopted 1.3659 Hz at +20.34%, i.e. penalizes_SB; the two PDG statements BRACKET the adopted rate from opposite sides, so the ~20% MAGNITUDE is solid and the SIGN is anchor-leg dependent | underlying limit: 30-35% inter-experiment Gaisser-Guan normalization spread, which no in-repo artifact can narrow","neutral | +0.00% vs the LABChico measured survey, which IS the adopted normalization | factor-2 site-dependent band x0.5 .. x2 (the low edge is the flattering one and is not used) | weakest anchor: the U-chain flux rests on an assumed Phi_U = Phi_Th chain balance, not a measured line intensity"
6.683439176e+00,1.090858e+02,1.090858e+02,7.090574e+01,1.472658e+02,1.562888e+03,1.562888e+03,7.814441e+02,3.125776e+03,differential_rate_regime,"flatters_SB | -20.61% vs PDG Leg A (~1 muon cm^-2 min^-1 x A_top = 1.7204 Hz) | BRACKETING DISCLOSURE: PDG Leg B (I_v ~ 70 m^-2 s^-1 sr^-1 with cos^2 theta -> 1.1350 Hz) puts the same adopted 1.3659 Hz at +20.34%, i.e. penalizes_SB; the two PDG statements BRACKET the adopted rate from opposite sides, so the ~20% MAGNITUDE is solid and the SIGN is anchor-leg dependent | underlying limit: 30-35% inter-experiment Gaisser-Guan normalization spread, which no in-repo artifact can narrow","neutral | +0.00% vs the LABChico measured survey, which IS the adopted normalization | factor-2 site-dependent band x0.5 .. x2 (the low edge is the flattering one and is not used) | weakest anchor: the U-chain flux rests on an assumed Phi_U = Phi_Th chain balance, not a measured line intensity"
7.498942093e+00,1.195338e+02,1.195338e+02,7.769699e+01,1.613707e+02,1.694217e+03,1.694217e+03,8.471087e+02,3.388435e+03,differential_rate_regime,"flatters_SB | -20.61% vs PDG Leg A (~1 muon cm^-2 min^-1 x A_top = 1.7204 Hz) | BRACKETING DISCLOSURE: PDG Leg B (I_v ~ 70 m^-2 s^-1 sr^-1 with cos^2 theta -> 1.1350 Hz) puts the same adopted 1.3659 Hz at +20.34%, i.e. penalizes_SB; the two PDG statements BRACKET the adopted rate from opposite sides, so the ~20% MAGNITUDE is solid and the SIGN is anchor-leg dependent | underlying limit: 30-35% inter-experiment Gaisser-Guan normalization spread, which no in-repo artifact can narrow","neutral | +0.00% vs the LABChico measured survey, which IS the adopted normalization | factor-2 site-dependent band x0.5 .. x2 (the low edge is the flattering one and is not used) | weakest anchor: the U-chain flux rests on an assumed Phi_U = Phi_Th chain balance, not a measured line intensity"
8.413951416e+00,1.486253e+02,1.486253e+02,9.660643e+01,2.006441e+02,2.119339e+03,2.119339e+03,1.059670e+03,4.238678e+03,differential_rate_regime,"flatters_SB | -20.61% vs PDG Leg A (~1 muon cm^-2 min^-1 x A_top = 1.7204 Hz) | BRACKETING DISCLOSURE: PDG Leg B (I_v ~ 70 m^-2 s^-1 sr^-1 with cos^2 theta -> 1.1350 Hz) puts the same adopted 1.3659 Hz at +20.34%, i.e. penalizes_SB; the two PDG statements BRACKET the adopted rate from opposite sides, so the ~20% MAGNITUDE is solid and the SIGN is anchor-leg dependent | underlying limit: 30-35% inter-experiment Gaisser-Guan normalization spread, which no in-repo artifact can narrow","neutral | +0.00% vs the LABChico measured survey, which IS the adopted normalization | factor-2 site-dependent band x0.5 .. x2 (the low edge is the flattering one and is not used) | weakest anchor: the U-chain flux rests on an assumed Phi_U = Phi_Th chain balance, not a measured line intensity"
9.440608763e+00,1.638668e+02,1.638668e+02,1.065134e+02,2.212202e+02,2.338190e+03,2.338190e+03,1.169095e+03,4.676381e+03,differential_rate_regime,"flatters_SB | -20.61% vs PDG Leg A (~1 muon cm^-2 min^-1 x A_top = 1.7204 Hz) | BRACKETING DISCLOSURE: PDG Leg B (I_v ~ 70 m^-2 s^-1 sr^-1 with cos^2 theta -> 1.1350 Hz) puts the same adopted 1.3659 Hz at +20.34%, i.e. penalizes_SB; the two PDG statements BRACKET the adopted rate from opposite sides, so the ~20% MAGNITUDE is solid and the SIGN is anchor-leg dependent | underlying limit: 30-35% inter-experiment Gaisser-Guan normalization spread, which no in-repo artifact can narrow","neutral | +0.00% vs the LABChico measured survey, which IS the adopted normalization | factor-2 site-dependent band x0.5 .. x2 (the low edge is the flattering one and is not used) | weakest anchor: the U-chain flux rests on an assumed Phi_U = Phi_Th chain balance, not a measured line intensity"
1.059253725e+01,1.965087e+02,1.965087e+02,1.277307e+02,2.652868e+02,2.920945e+03,2.920945e+03,1.460472e+03,5.841890e+03,differential_rate_regime,"flatters_SB | -20.61% vs PDG Leg A (~1 muon cm^-2 min^-1 x A_top = 1.7204 Hz) | BRACKETING DISCLOSURE: PDG Leg B (I_v ~ 70 m^-2 s^-1 sr^-1 with cos^2 theta -> 1.1350 Hz) puts the same adopted 1.3659 Hz at +20.34%, i.e. penalizes_SB; the two PDG statements BRACKET the adopted rate from opposite sides, so the ~20% MAGNITUDE is solid and the SIGN is anchor-leg dependent | underlying limit: 30-35% inter-experiment Gaisser-Guan normalization spread, which no in-repo artifact can narrow","neutral | +0.00% vs the LABChico measured survey, which IS the adopted normalization | factor-2 site-dependent band x0.5 .. x2 (the low edge is the flattering one and is not used) | weakest anchor: the U-chain flux rests on an assumed Phi_U = Phi_Th chain balance, not a measured line intensity"
1.188502227e+01,2.644200e+02,2.644200e+02,1.718730e+02,3.569671e+02,3.663649e+03,3.663649e+03,1.831824e+03,7.327297e+03,differential_rate_regime,"flatters_SB | -20.61% vs PDG Leg A (~1 muon cm^-2 min^-1 x A_top = 1.7204 Hz) | BRACKETING DISCLOSURE: PDG Leg B (I_v ~ 70 m^-2 s^-1 sr^-1 with cos^2 theta -> 1.1350 Hz) puts the same adopted 1.3659 Hz at +20.34%, i.e. penalizes_SB; the two PDG statements BRACKET the adopted rate from opposite sides, so the ~20% MAGNITUDE is solid and the SIGN is anchor-leg dependent | underlying limit: 30-35% inter-experiment Gaisser-Guan normalization spread, which no in-repo artifact can narrow","neutral | +0.00% vs the LABChico measured survey, which IS the adopted normalization | factor-2 site-dependent band x0.5 .. x2 (the low edge is the flattering one and is not used) | weakest anchor: the U-chain flux rests on an assumed Phi_U = Phi_Th chain balance, not a measured line intensity"
1.333521432e+01,3.519556e+02,3.519556e+02,2.287712e+02,4.751401e+02,4.652147e+03,4.652147e+03,2.326073e+03,9.304293e+03,differential_rate_regime,"flatters_SB | -20.61% vs PDG Leg A (~1 muon cm^-2 min^-1 x A_top = 1.7204 Hz) | BRACKETING DISCLOSURE: PDG Leg B (I_v ~ 70 m^-2 s^-1 sr^-1 with cos^2 theta -> 1.1350 Hz) puts the same adopted 1.3659 Hz at +20.34%, i.e. penalizes_SB; the two PDG statements BRACKET the adopted rate from opposite sides, so the ~20% MAGNITUDE is solid and the SIGN is anchor-leg dependent | underlying limit: 30-35% inter-experiment Gaisser-Guan normalization spread, which no in-repo artifact can narrow","neutral | +0.00% vs the LABChico measured survey, which IS the adopted normalization | factor-2 site-dependent band x0.5 .. x2 (the low edge is the flattering one and is not used) | weakest anchor: the U-chain flux rests on an assumed Phi_U = Phi_Th chain balance, not a measured line intensity"
1.496235656e+01,4.572099e+02,4.572099e+02,2.971864e+02,6.172334e+02,6.143382e+03,6.143382e+03,3.071691e+03,1.228676e+04,differential_rate_regime,"flatters_SB | -20.61% vs PDG Leg A (~1 muon cm^-2 min^-1 x A_top = 1.7204 Hz) | BRACKETING DISCLOSURE: PDG Leg B (I_v ~ 70 m^-2 s^-1 sr^-1 with cos^2 theta -> 1.1350 Hz) puts the same adopted 1.3659 Hz at +20.34%, i.e. penalizes_SB; the two PDG statements BRACKET the adopted rate from opposite sides, so the ~20% MAGNITUDE is solid and the SIGN is anchor-leg dependent | underlying limit: 30-35% inter-experiment Gaisser-Guan normalization spread, which no in-repo artifact can narrow","neutral | +0.00% vs the LABChico measured survey, which IS the adopted normalization | factor-2 site-dependent band x0.5 .. x2 (the low edge is the flattering one and is not used) | weakest anchor: the U-chain flux rests on an assumed Phi_U = Phi_Th chain balance, not a measured line intensity"
1.678804018e+01,6.172532e+02,6.172532e+02,4.012146e+02,8.332919e+02,7.820829e+03,7.820829e+03,3.910414e+03,1.564166e+04,differential_rate_regime,"flatters_SB | -20.61% vs PDG Leg A (~1 muon cm^-2 min^-1 x A_top = 1.7204 Hz) | BRACKETING DISCLOSURE: PDG Leg B (I_v ~ 70 m^-2 s^-1 sr^-1 with cos^2 theta -> 1.1350 Hz) puts the same adopted 1.3659 Hz at +20.34%, i.e. penalizes_SB; the two PDG statements BRACKET the adopted rate from opposite sides, so the ~20% MAGNITUDE is solid and the SIGN is anchor-leg dependent | underlying limit: 30-35% inter-experiment Gaisser-Guan normalization spread, which no in-repo artifact can narrow","neutral | +0.00% vs the LABChico measured survey, which IS the adopted normalization | factor-2 site-dependent band x0.5 .. x2 (the low edge is the flattering one and is not used) | weakest anchor: the U-chain flux rests on an assumed Phi_U = Phi_Th chain balance, not a measured line intensity"
1.883649089e+01,9.391445e+02,9.391445e+02,6.104439e+02,1.267845e+03,8.066905e+03,8.066905e+03,4.033452e+03,1.613381e+04,differential_rate_regime,"flatters_SB | -20.61% vs PDG Leg A (~1 muon cm^-2 min^-1 x A_top = 1.7204 Hz) | BRACKETING DISCLOSURE: PDG Leg B (I_v ~ 70 m^-2 s^-1 sr^-1 with cos^2 theta -> 1.1350 Hz) puts the same adopted 1.3659 Hz at +20.34%, i.e. penalizes_SB; the two PDG statements BRACKET the adopted rate from opposite sides, so the ~20% MAGNITUDE is solid and the SIGN is anchor-leg dependent | underlying limit: 30-35% inter-experiment Gaisser-Guan normalization spread, which no in-repo artifact can narrow","neutral | +0.00% vs the LABChico measured survey, which IS the adopted normalization | factor-2 site-dependent band x0.5 .. x2 (the low edge is the flattering one and is not used) | weakest anchor: the U-chain flux rests on an assumed Phi_U = Phi_Th chain balance, not a measured line intensity"
2.113489040e+01,1.362400e+03,1.362400e+03,8.855598e+02,1.839240e+03,1.079507e+04,1.079507e+04,5.397537e+03,2.159015e+04,differential_rate_regime,"flatters_SB | -20.61% vs PDG Leg A (~1 muon cm^-2 min^-1 x A_top = 1.7204 Hz) | BRACKETING DISCLOSURE: PDG Leg B (I_v ~ 70 m^-2 s^-1 sr^-1 with cos^2 theta -> 1.1350 Hz) puts the same adopted 1.3659 Hz at +20.34%, i.e. penalizes_SB; the two PDG statements BRACKET the adopted rate from opposite sides, so the ~20% MAGNITUDE is solid and the SIGN is anchor-leg dependent | underlying limit: 30-35% inter-experiment Gaisser-Guan normalization spread, which no in-repo artifact can narrow","neutral | +0.00% vs the LABChico measured survey, which IS the adopted normalization | factor-2 site-dependent band x0.5 .. x2 (the low edge is the flattering one and is not used) | weakest anchor: the U-chain flux rests on an assumed Phi_U = Phi_Th chain balance, not a measured line intensity"
2.371373706e+01,2.298769e+03,2.298769e+03,1.494200e+03,3.103338e+03,1.316776e+04,1.316776e+04,6.583879e+03,2.633551e+04,differential_rate_regime,"flatters_SB | -20.61% vs PDG Leg A (~1 muon cm^-2 min^-1 x A_top = 1.7204 Hz) | BRACKETING DISCLOSURE: PDG Leg B (I_v ~ 70 m^-2 s^-1 sr^-1 with cos^2 theta -> 1.1350 Hz) puts the same adopted 1.3659 Hz at +20.34%, i.e. penalizes_SB; the two PDG statements BRACKET the adopted rate from opposite sides, so the ~20% MAGNITUDE is solid and the SIGN is anchor-leg dependent | underlying limit: 30-35% inter-experiment Gaisser-Guan normalization spread, which no in-repo artifact can narrow","neutral | +0.00% vs the LABChico measured survey, which IS the adopted normalization | factor-2 site-dependent band x0.5 .. x2 (the low edge is the flattering one and is not used) | weakest anchor: the U-chain flux rests on an assumed Phi_U = Phi_Th chain balance, not a measured line intensity"
2.660725060e+01,7.691963e+04,7.691963e+04,4.999776e+04,1.038415e+05,2.381740e+04,2.381740e+04,1.190870e+04,4.763480e+04,differential_rate_regime,"flatters_SB | -20.61% vs PDG Leg A (~1 muon cm^-2 min^-1 x A_top = 1.7204 Hz) | BRACKETING DISCLOSURE: PDG Leg B (I_v ~ 70 m^-2 s^-1 sr^-1 with cos^2 theta -> 1.1350 Hz) puts the same adopted 1.3659 Hz at +20.34%, i.e. penalizes_SB; the two PDG statements BRACKET the adopted rate from opposite sides, so the ~20% MAGNITUDE is solid and the SIGN is anchor-leg dependent | underlying limit: 30-35% inter-experiment Gaisser-Guan normalization spread, which no in-repo artifact can narrow","neutral | +0.00% vs the LABChico measured survey, which IS the adopted normalization | factor-2 site-dependent band x0.5 .. x2 (the low edge is the flattering one and is not used) | weakest anchor: the U-chain flux rests on an assumed Phi_U = Phi_Th chain balance, not a measured line intensity"
2.985382619e+01,1.933541e+05,1.933541e+05,1.256802e+05,2.610281e+05,1.061036e+03,1.061036e+03,5.305178e+02,2.122071e+03,differential_rate_regime,"flatters_SB | -20.61% vs PDG Leg A (~1 muon cm^-2 min^-1 x A_top = 1.7204 Hz) | BRACKETING DISCLOSURE: PDG Leg B (I_v ~ 70 m^-2 s^-1 sr^-1 with cos^2 theta -> 1.1350 Hz) puts the same adopted 1.3659 Hz at +20.34%, i.e. penalizes_SB; the two PDG statements BRACKET the adopted rate from opposite sides, so the ~20% MAGNITUDE is solid and the SIGN is anchor-leg dependent | underlying limit: 30-35% inter-experiment Gaisser-Guan normalization spread, which no in-repo artifact can narrow","neutral | +0.00% vs the LABChico measured survey, which IS the adopted normalization | factor-2 site-dependent band x0.5 .. x2 (the low edge is the flattering one and is not used) | weakest anchor: the U-chain flux rests on an assumed Phi_U = Phi_Th chain balance, not a measured line intensity"
3.349654392e+01,3.236514e+04,3.236514e+04,2.103734e+04,4.369293e+04,0.000000e+00,0.000000e+00,0.000000e+00,0.000000e+00,differential_rate_regime,"flatters_SB | -20.61% vs PDG Leg A (~1 muon cm^-2 min^-1 x A_top = 1.7204 Hz) | BRACKETING DISCLOSURE: PDG Leg B (I_v ~ 70 m^-2 s^-1 sr^-1 with cos^2 theta -> 1.1350 Hz) puts the same adopted 1.3659 Hz at +20.34%, i.e. penalizes_SB; the two PDG statements BRACKET the adopted rate from opposite sides, so the ~20% MAGNITUDE is solid and the SIGN is anchor-leg dependent | underlying limit: 30-35% inter-experiment Gaisser-Guan normalization spread, which no in-repo artifact can narrow","neutral | +0.00% vs the LABChico measured survey, which IS the adopted normalization | factor-2 site-dependent band x0.5 .. x2 (the low edge is the flattering one and is not used) | weakest anchor: the U-chain flux rests on an assumed Phi_U = Phi_Th chain balance, not a measured line intensity"
3.758374043e+01,5.300998e+03,5.300998e+03,3.445649e+03,7.156347e+03,0.000000e+00,0.000000e+00,0.000000e+00,0.000000e+00,differential_rate_regime,"flatters_SB | -20.61% vs PDG Leg A (~1 muon cm^-2 min^-1 x A_top = 1.7204 Hz) | BRACKETING DISCLOSURE: PDG Leg B (I_v ~ 70 m^-2 s^-1 sr^-1 with cos^2 theta -> 1.1350 Hz) puts the same adopted 1.3659 Hz at +20.34%, i.e. penalizes_SB; the two PDG statements BRACKET the adopted rate from opposite sides, so the ~20% MAGNITUDE is solid and the SIGN is anchor-leg dependent | underlying limit: 30-35% inter-experiment Gaisser-Guan normalization spread, which no in-repo artifact can narrow","neutral | +0.00% vs the LABChico measured survey, which IS the adopted normalization | factor-2 site-dependent band x0.5 .. x2 (the low edge is the flattering one and is not used) | weakest anchor: the U-chain flux rests on an assumed Phi_U = Phi_Th chain balance, not a measured line intensity"
4.216965034e+01,1.178709e+03,1.178709e+03,7.661606e+02,1.591257e+03,0.000000e+00,0.000000e+00,0.000000e+00,0.000000e+00,differential_rate_regime,"flatters_SB | -20.61% vs PDG Leg A (~1 muon cm^-2 min^-1 x A_top = 1.7204 Hz) | BRACKETING DISCLOSURE: PDG Leg B (I_v ~ 70 m^-2 s^-1 sr^-1 with cos^2 theta -> 1.1350 Hz) puts the same adopted 1.3659 Hz at +20.34%, i.e. penalizes_SB; the two PDG statements BRACKET the adopted rate from opposite sides, so the ~20% MAGNITUDE is solid and the SIGN is anchor-leg dependent | underlying limit: 30-35% inter-experiment Gaisser-Guan normalization spread, which no in-repo artifact can narrow","neutral | +0.00% vs the LABChico measured survey, which IS the adopted normalization | factor-2 site-dependent band x0.5 .. x2 (the low edge is the flattering one and is not used) | weakest anchor: the U-chain flux rests on an assumed Phi_U = Phi_Th chain balance, not a measured line intensity"
4.731512590e+01,4.689967e+02,4.689967e+02,3.048478e+02,6.331455e+02,0.000000e+00,0.000000e+00,0.000000e+00,0.000000e+00,differential_rate_regime,"flatters_SB | -20.61% vs PDG Leg A (~1 muon cm^-2 min^-1 x A_top = 1.7204 Hz) | BRACKETING DISCLOSURE: PDG Leg B (I_v ~ 70 m^-2 s^-1 sr^-1 with cos^2 theta -> 1.1350 Hz) puts the same adopted 1.3659 Hz at +20.34%, i.e. penalizes_SB; the two PDG statements BRACKET the adopted rate from opposite sides, so the ~20% MAGNITUDE is solid and the SIGN is anchor-leg dependent | underlying limit: 30-35% inter-experiment Gaisser-Guan normalization spread, which no in-repo artifact can narrow","neutral | +0.00% vs the LABChico measured survey, which IS the adopted normalization | factor-2 site-dependent band x0.5 .. x2 (the low edge is the flattering one and is not used) | weakest anchor: the U-chain flux rests on an assumed Phi_U = Phi_Th chain balance, not a measured line intensity"
5.308844442e+01,1.182645e+02,1.182645e+02,7.687190e+01,1.596570e+02,0.000000e+00,0.000000e+00,0.000000e+00,0.000000e+00,differential_rate_regime,"flatters_SB | -20.61% vs PDG Leg A (~1 muon cm^-2 min^-1 x A_top = 1.7204 Hz) | BRACKETING DISCLOSURE: PDG Leg B (I_v ~ 70 m^-2 s^-1 sr^-1 with cos^2 theta -> 1.1350 Hz) puts the same adopted 1.3659 Hz at +20.34%, i.e. penalizes_SB; the two PDG statements BRACKET the adopted rate from opposite sides, so the ~20% MAGNITUDE is solid and the SIGN is anchor-leg dependent | underlying limit: 30-35% inter-experiment Gaisser-Guan normalization spread, which no in-repo artifact can narrow","neutral | +0.00% vs the LABChico measured survey, which IS the adopted normalization | factor-2 site-dependent band x0.5 .. x2 (the low edge is the flattering one and is not used) | weakest anchor: the U-chain flux rests on an assumed Phi_U = Phi_Th chain balance, not a measured line intensity"
5.956621435e+01,0.000000e+00,0.000000e+00,0.000000e+00,0.000000e+00,0.000000e+00,0.000000e+00,0.000000e+00,0.000000e+00,differential_rate_regime,"flatters_SB | -20.61% vs PDG Leg A (~1 muon cm^-2 min^-1 x A_top = 1.7204 Hz) | BRACKETING DISCLOSURE: PDG Leg B (I_v ~ 70 m^-2 s^-1 sr^-1 with cos^2 theta -> 1.1350 Hz) puts the same adopted 1.3659 Hz at +20.34%, i.e. penalizes_SB; the two PDG statements BRACKET the adopted rate from opposite sides, so the ~20% MAGNITUDE is solid and the SIGN is anchor-leg dependent | underlying limit: 30-35% inter-experiment Gaisser-Guan normalization spread, which no in-repo artifact can narrow","neutral | +0.00% vs the LABChico measured survey, which IS the adopted normalization | factor-2 site-dependent band x0.5 .. x2 (the low edge is the flattering one and is not used) | weakest anchor: the U-chain flux rests on an assumed Phi_U = Phi_Th chain balance, not a measured line intensity"
6.683439176e+01,0.000000e+00,0.000000e+00,0.000000e+00,0.000000e+00,0.000000e+00,0.000000e+00,0.000000e+00,0.000000e+00,differential_rate_regime,"flatters_SB | -20.61% vs PDG Leg A (~1 muon cm^-2 min^-1 x A_top = 1.7204 Hz) | BRACKETING DISCLOSURE: PDG Leg B (I_v ~ 70 m^-2 s^-1 sr^-1 with cos^2 theta -> 1.1350 Hz) puts the same adopted 1.3659 Hz at +20.34%, i.e. penalizes_SB; the two PDG statements BRACKET the adopted rate from opposite sides, so the ~20% MAGNITUDE is solid and the SIGN is anchor-leg dependent | underlying limit: 30-35% inter-experiment Gaisser-Guan normalization spread, which no in-repo artifact can narrow","neutral | +0.00% vs the LABChico measured survey, which IS the adopted normalization | factor-2 site-dependent band x0.5 .. x2 (the low edge is the flattering one and is not used) | weakest anchor: the U-chain flux rests on an assumed Phi_U = Phi_Th chain balance, not a measured line intensity"
7.498942093e+01,0.000000e+00,0.000000e+00,0.000000e+00,0.000000e+00,0.000000e+00,0.000000e+00,0.000000e+00,0.000000e+00,differential_rate_regime,"flatters_SB | -20.61% vs PDG Leg A (~1 muon cm^-2 min^-1 x A_top = 1.7204 Hz) | BRACKETING DISCLOSURE: PDG Leg B (I_v ~ 70 m^-2 s^-1 sr^-1 with cos^2 theta -> 1.1350 Hz) puts the same adopted 1.3659 Hz at +20.34%, i.e. penalizes_SB; the two PDG statements BRACKET the adopted rate from opposite sides, so the ~20% MAGNITUDE is solid and the SIGN is anchor-leg dependent | underlying limit: 30-35% inter-experiment Gaisser-Guan normalization spread, which no in-repo artifact can narrow","neutral | +0.00% vs the LABChico measured survey, which IS the adopted normalization | factor-2 site-dependent band x0.5 .. x2 (the low edge is the flattering one and is not used) | weakest anchor: the U-chain flux rests on an assumed Phi_U = Phi_Th chain balance, not a measured line intensity"
8.413951416e+01,0.000000e+00,0.000000e+00,0.000000e+00,0.000000e+00,0.000000e+00,0.000000e+00,0.000000e+00,0.000000e+00,differential_rate_regime,"flatters_SB | -20.61% vs PDG Leg A (~1 muon cm^-2 min^-1 x A_top = 1.7204 Hz) | BRACKETING DISCLOSURE: PDG Leg B (I_v ~ 70 m^-2 s^-1 sr^-1 with cos^2 theta -> 1.1350 Hz) puts the same adopted 1.3659 Hz at +20.34%, i.e. penalizes_SB; the two PDG statements BRACKET the adopted rate from opposite sides, so the ~20% MAGNITUDE is solid and the SIGN is anchor-leg dependent | underlying limit: 30-35% inter-experiment Gaisser-Guan normalization spread, which no in-repo artifact can narrow","neutral | +0.00% vs the LABChico measured survey, which IS the adopted normalization | factor-2 site-dependent band x0.5 .. x2 (the low edge is the flattering one and is not used) | weakest anchor: the U-chain flux rests on an assumed Phi_U = Phi_Th chain balance, not a measured line intensity"
9.440608763e+01,0.000000e+00,0.000000e+00,0.000000e+00,0.000000e+00,0.000000e+00,0.000000e+00,0.000000e+00,0.000000e+00,differential_rate_regime,"flatters_SB | -20.61% vs PDG Leg A (~1 muon cm^-2 min^-1 x A_top = 1.7204 Hz) | BRACKETING DISCLOSURE: PDG Leg B (I_v ~ 70 m^-2 s^-1 sr^-1 with cos^2 theta -> 1.1350 Hz) puts the same adopted 1.3659 Hz at +20.34%, i.e. penalizes_SB; the two PDG statements BRACKET the adopted rate from opposite sides, so the ~20% MAGNITUDE is solid and the SIGN is anchor-leg dependent | underlying limit: 30-35% inter-experiment Gaisser-Guan normalization spread, which no in-repo artifact can narrow","neutral | +0.00% vs the LABChico measured survey, which IS the adopted normalization | factor-2 site-dependent band x0.5 .. x2 (the low edge is the flattering one and is not used) | weakest anchor: the U-chain flux rests on an assumed Phi_U = Phi_Th chain balance, not a measured line intensity"
