# Phase-15 Plan 15-03: ELECTRON-RECOIL reconstructed-energy spectra, design Ta->Al.
# response_matrix = artifacts/v2.0/response_matrix_TaAl_ext.npz (744 columns, columns sum to 1)
# repo_HEAD_at_execution = 53ed2d6; interpreter /opt/anaconda3/bin/python3
# deposit tables = muon_dRdEdep_ext.csv, compton_dRdEdep_ext.csv (Plan 15-02)
#
# broadening_verdict_applied = does_not_apply (Plan 15-01, read from em_recoil AT FOLD TIME)
#   NO broadening of any kind was applied to either channel; no rate was ever
#   multiplied by exp(-2W) (milestone-wide prohibition, CONVENTIONS Section J).
#   Because no broadening is applied there is no kernel leakage, so
#   residual_retained_plus_leaked and residual_retained_only COINCIDE BY
#   CONSTRUCTION and are ONE statement, not two independent confirmations.
#
# trigger k = 4.0 (DEFAULT); E50 = 0.5 eV exactly.
#   k is fixed by NO project artifact and no trigger threshold has ever been
#   measured for this device. Every triggered number here is a one-parameter family,
#   and its sensitivity over the declared range k in (1.0, 12.0) is frozen in
#   artifacts/v2.0/em_trigger_k_sensitivity.csv. A triggered quantity quoted
#   without its k or its k range is a fabricated device property (fp-hardcoded-width).
#   P_trig MULTIPLIES eps ~ 0.5 on the DEPOSIT axis; it never replaces it.
#
# no_support_policy = exclude_and_record; excluded bins: muon 35, compton 69
#   Those deposit bins carried NaN in the Plan 15-02 tables because the Monte
#   Carlo had no support there. R is DENSE, so one NaN would poison every
#   reconstructed bin; they are EXCLUDED and counted, never zero-filled.
#   np.nan_to_num appears nowhere in this path (fp-nan-to-num).
#
# regime boundary = trigger.SUBEV_REGIME_BOUNDARY_eV = 1 eV DEPOSITED,
#   imaged onto this design's reconstructed axis at 0.497240 eV by the response
#   matrix's OWN median mapping curve (fold.subev_boundary_Erec_eV) -- never assumed
#   to be 0.5 x anything. Below 1 eV deposited energy the reported observable is the trigger probability P_trig(E_dep), not the differential rate dR/dE_rec: at that scale dR/dE_rec presupposes the lumped eps ~= 0.5 collection efficiency (CONVENTIONS Section E), which is not defensible for a deposit of a few optical-phonon quanta in Ge (USER DECISION 2026-07-22).
#
# BANDS. muon_band = x0.65 .. x1.35, the 30-35% inter-experiment Gaisser-Guan
#   normalization spread named in the v1.0 manuscript as this channel's weakest
#   anchor. It ENCLOSES the PDG Leg A / Leg B bracket x0.8310 .. x1.2595,
#   so it narrows nothing. compton_band = x0.5 .. x2, the factor-2 site band.
# NORMALIZATION: v1.0 sea-level, ZERO overburden, no shield, no veto; veto credit
#   exactly 1.0 BY CONSTRUCTION. Every multiplicative factor is exactly 1.0.
#
# counts budget, muon:    deposit 1073206.424523, reconstructed 1073206.424523, residual_fold 0.000e+00
# counts budget, compton: deposit 210277.108948, reconstructed 210277.108948, residual_fold 1.384e-16
#
# columns: E_rec_keV[keV], muon_dRdErec_untriggered[counts/kg/day/keV], muon_dRdErec_triggered[counts/kg/day/keV], muon_band_lo[counts/kg/day/keV], muon_band_hi[counts/kg/day/keV], compton_dRdErec_untriggered[counts/kg/day/keV], compton_dRdErec_triggered[counts/kg/day/keV], compton_band_lo[counts/kg/day/keV], compton_band_hi[counts/kg/day/keV], regime_flag, muon_accuracy_label, gamma_accuracy_label
# TRIGGER COLUMNS REGENERATED 2026-07-23 at E50 = 1.0 eV
#   (was 0.5 eV). Untriggered and band columns are UNCHANGED -- the trigger is an
#   analysis efficiency multiplied on top, so only the *_triggered columns move.
#   Fold: fold.run_em_fold_extended(no_support_policy='exclude_and_record').
E_rec_keV[keV],muon_dRdErec_untriggered[counts/kg/day/keV],muon_dRdErec_triggered[counts/kg/day/keV],muon_band_lo[counts/kg/day/keV],muon_band_hi[counts/kg/day/keV],compton_dRdErec_untriggered[counts/kg/day/keV],compton_dRdErec_triggered[counts/kg/day/keV],compton_band_lo[counts/kg/day/keV],compton_band_hi[counts/kg/day/keV],regime_flag,muon_accuracy_label,gamma_accuracy_label
5.000000000e-07,1.468471e+01,1.149403e-02,9.545065e+00,1.982437e+01,0.000000e+00,0.000000e+00,0.000000e+00,0.000000e+00,trigger_probability_regime,"flatters_SB | -20.61% vs PDG Leg A (~1 muon cm^-2 min^-1 x A_top = 1.7204 Hz) | BRACKETING DISCLOSURE: PDG Leg B (I_v ~ 70 m^-2 s^-1 sr^-1 with cos^2 theta -> 1.1350 Hz) puts the same adopted 1.3659 Hz at +20.34%, i.e. penalizes_SB; the two PDG statements BRACKET the adopted rate from opposite sides, so the ~20% MAGNITUDE is solid and the SIGN is anchor-leg dependent | underlying limit: 30-35% inter-experiment Gaisser-Guan normalization spread, which no in-repo artifact can narrow","neutral | +0.00% vs the LABChico measured survey, which IS the adopted normalization | factor-2 site-dependent band x0.5 .. x2 (the low edge is the flattering one and is not used) | weakest anchor: the U-chain flux rests on an assumed Phi_U = Phi_Th chain balance, not a measured line intensity"
1.059253725e-06,0.000000e+00,0.000000e+00,0.000000e+00,0.000000e+00,0.000000e+00,0.000000e+00,0.000000e+00,0.000000e+00,trigger_probability_regime,"flatters_SB | -20.61% vs PDG Leg A (~1 muon cm^-2 min^-1 x A_top = 1.7204 Hz) | BRACKETING DISCLOSURE: PDG Leg B (I_v ~ 70 m^-2 s^-1 sr^-1 with cos^2 theta -> 1.1350 Hz) puts the same adopted 1.3659 Hz at +20.34%, i.e. penalizes_SB; the two PDG statements BRACKET the adopted rate from opposite sides, so the ~20% MAGNITUDE is solid and the SIGN is anchor-leg dependent | underlying limit: 30-35% inter-experiment Gaisser-Guan normalization spread, which no in-repo artifact can narrow","neutral | +0.00% vs the LABChico measured survey, which IS the adopted normalization | factor-2 site-dependent band x0.5 .. x2 (the low edge is the flattering one and is not used) | weakest anchor: the U-chain flux rests on an assumed Phi_U = Phi_Th chain balance, not a measured line intensity"
1.188502227e-06,0.000000e+00,0.000000e+00,0.000000e+00,0.000000e+00,0.000000e+00,0.000000e+00,0.000000e+00,0.000000e+00,trigger_probability_regime,"flatters_SB | -20.61% vs PDG Leg A (~1 muon cm^-2 min^-1 x A_top = 1.7204 Hz) | BRACKETING DISCLOSURE: PDG Leg B (I_v ~ 70 m^-2 s^-1 sr^-1 with cos^2 theta -> 1.1350 Hz) puts the same adopted 1.3659 Hz at +20.34%, i.e. penalizes_SB; the two PDG statements BRACKET the adopted rate from opposite sides, so the ~20% MAGNITUDE is solid and the SIGN is anchor-leg dependent | underlying limit: 30-35% inter-experiment Gaisser-Guan normalization spread, which no in-repo artifact can narrow","neutral | +0.00% vs the LABChico measured survey, which IS the adopted normalization | factor-2 site-dependent band x0.5 .. x2 (the low edge is the flattering one and is not used) | weakest anchor: the U-chain flux rests on an assumed Phi_U = Phi_Th chain balance, not a measured line intensity"
1.333521432e-06,0.000000e+00,0.000000e+00,0.000000e+00,0.000000e+00,0.000000e+00,0.000000e+00,0.000000e+00,0.000000e+00,trigger_probability_regime,"flatters_SB | -20.61% vs PDG Leg A (~1 muon cm^-2 min^-1 x A_top = 1.7204 Hz) | BRACKETING DISCLOSURE: PDG Leg B (I_v ~ 70 m^-2 s^-1 sr^-1 with cos^2 theta -> 1.1350 Hz) puts the same adopted 1.3659 Hz at +20.34%, i.e. penalizes_SB; the two PDG statements BRACKET the adopted rate from opposite sides, so the ~20% MAGNITUDE is solid and the SIGN is anchor-leg dependent | underlying limit: 30-35% inter-experiment Gaisser-Guan normalization spread, which no in-repo artifact can narrow","neutral | +0.00% vs the LABChico measured survey, which IS the adopted normalization | factor-2 site-dependent band x0.5 .. x2 (the low edge is the flattering one and is not used) | weakest anchor: the U-chain flux rests on an assumed Phi_U = Phi_Th chain balance, not a measured line intensity"
1.496235656e-06,0.000000e+00,0.000000e+00,0.000000e+00,0.000000e+00,0.000000e+00,0.000000e+00,0.000000e+00,0.000000e+00,trigger_probability_regime,"flatters_SB | -20.61% vs PDG Leg A (~1 muon cm^-2 min^-1 x A_top = 1.7204 Hz) | BRACKETING DISCLOSURE: PDG Leg B (I_v ~ 70 m^-2 s^-1 sr^-1 with cos^2 theta -> 1.1350 Hz) puts the same adopted 1.3659 Hz at +20.34%, i.e. penalizes_SB; the two PDG statements BRACKET the adopted rate from opposite sides, so the ~20% MAGNITUDE is solid and the SIGN is anchor-leg dependent | underlying limit: 30-35% inter-experiment Gaisser-Guan normalization spread, which no in-repo artifact can narrow","neutral | +0.00% vs the LABChico measured survey, which IS the adopted normalization | factor-2 site-dependent band x0.5 .. x2 (the low edge is the flattering one and is not used) | weakest anchor: the U-chain flux rests on an assumed Phi_U = Phi_Th chain balance, not a measured line intensity"
1.678804018e-06,0.000000e+00,0.000000e+00,0.000000e+00,0.000000e+00,0.000000e+00,0.000000e+00,0.000000e+00,0.000000e+00,trigger_probability_regime,"flatters_SB | -20.61% vs PDG Leg A (~1 muon cm^-2 min^-1 x A_top = 1.7204 Hz) | BRACKETING DISCLOSURE: PDG Leg B (I_v ~ 70 m^-2 s^-1 sr^-1 with cos^2 theta -> 1.1350 Hz) puts the same adopted 1.3659 Hz at +20.34%, i.e. penalizes_SB; the two PDG statements BRACKET the adopted rate from opposite sides, so the ~20% MAGNITUDE is solid and the SIGN is anchor-leg dependent | underlying limit: 30-35% inter-experiment Gaisser-Guan normalization spread, which no in-repo artifact can narrow","neutral | +0.00% vs the LABChico measured survey, which IS the adopted normalization | factor-2 site-dependent band x0.5 .. x2 (the low edge is the flattering one and is not used) | weakest anchor: the U-chain flux rests on an assumed Phi_U = Phi_Th chain balance, not a measured line intensity"
1.883649089e-06,0.000000e+00,0.000000e+00,0.000000e+00,0.000000e+00,0.000000e+00,0.000000e+00,0.000000e+00,0.000000e+00,trigger_probability_regime,"flatters_SB | -20.61% vs PDG Leg A (~1 muon cm^-2 min^-1 x A_top = 1.7204 Hz) | BRACKETING DISCLOSURE: PDG Leg B (I_v ~ 70 m^-2 s^-1 sr^-1 with cos^2 theta -> 1.1350 Hz) puts the same adopted 1.3659 Hz at +20.34%, i.e. penalizes_SB; the two PDG statements BRACKET the adopted rate from opposite sides, so the ~20% MAGNITUDE is solid and the SIGN is anchor-leg dependent | underlying limit: 30-35% inter-experiment Gaisser-Guan normalization spread, which no in-repo artifact can narrow","neutral | +0.00% vs the LABChico measured survey, which IS the adopted normalization | factor-2 site-dependent band x0.5 .. x2 (the low edge is the flattering one and is not used) | weakest anchor: the U-chain flux rests on an assumed Phi_U = Phi_Th chain balance, not a measured line intensity"
2.113489040e-06,0.000000e+00,0.000000e+00,0.000000e+00,0.000000e+00,0.000000e+00,0.000000e+00,0.000000e+00,0.000000e+00,trigger_probability_regime,"flatters_SB | -20.61% vs PDG Leg A (~1 muon cm^-2 min^-1 x A_top = 1.7204 Hz) | BRACKETING DISCLOSURE: PDG Leg B (I_v ~ 70 m^-2 s^-1 sr^-1 with cos^2 theta -> 1.1350 Hz) puts the same adopted 1.3659 Hz at +20.34%, i.e. penalizes_SB; the two PDG statements BRACKET the adopted rate from opposite sides, so the ~20% MAGNITUDE is solid and the SIGN is anchor-leg dependent | underlying limit: 30-35% inter-experiment Gaisser-Guan normalization spread, which no in-repo artifact can narrow","neutral | +0.00% vs the LABChico measured survey, which IS the adopted normalization | factor-2 site-dependent band x0.5 .. x2 (the low edge is the flattering one and is not used) | weakest anchor: the U-chain flux rests on an assumed Phi_U = Phi_Th chain balance, not a measured line intensity"
2.371373706e-06,0.000000e+00,0.000000e+00,0.000000e+00,0.000000e+00,0.000000e+00,0.000000e+00,0.000000e+00,0.000000e+00,trigger_probability_regime,"flatters_SB | -20.61% vs PDG Leg A (~1 muon cm^-2 min^-1 x A_top = 1.7204 Hz) | BRACKETING DISCLOSURE: PDG Leg B (I_v ~ 70 m^-2 s^-1 sr^-1 with cos^2 theta -> 1.1350 Hz) puts the same adopted 1.3659 Hz at +20.34%, i.e. penalizes_SB; the two PDG statements BRACKET the adopted rate from opposite sides, so the ~20% MAGNITUDE is solid and the SIGN is anchor-leg dependent | underlying limit: 30-35% inter-experiment Gaisser-Guan normalization spread, which no in-repo artifact can narrow","neutral | +0.00% vs the LABChico measured survey, which IS the adopted normalization | factor-2 site-dependent band x0.5 .. x2 (the low edge is the flattering one and is not used) | weakest anchor: the U-chain flux rests on an assumed Phi_U = Phi_Th chain balance, not a measured line intensity"
2.660725060e-06,0.000000e+00,0.000000e+00,0.000000e+00,0.000000e+00,0.000000e+00,0.000000e+00,0.000000e+00,0.000000e+00,trigger_probability_regime,"flatters_SB | -20.61% vs PDG Leg A (~1 muon cm^-2 min^-1 x A_top = 1.7204 Hz) | BRACKETING DISCLOSURE: PDG Leg B (I_v ~ 70 m^-2 s^-1 sr^-1 with cos^2 theta -> 1.1350 Hz) puts the same adopted 1.3659 Hz at +20.34%, i.e. penalizes_SB; the two PDG statements BRACKET the adopted rate from opposite sides, so the ~20% MAGNITUDE is solid and the SIGN is anchor-leg dependent | underlying limit: 30-35% inter-experiment Gaisser-Guan normalization spread, which no in-repo artifact can narrow","neutral | +0.00% vs the LABChico measured survey, which IS the adopted normalization | factor-2 site-dependent band x0.5 .. x2 (the low edge is the flattering one and is not used) | weakest anchor: the U-chain flux rests on an assumed Phi_U = Phi_Th chain balance, not a measured line intensity"
2.985382619e-06,0.000000e+00,0.000000e+00,0.000000e+00,0.000000e+00,0.000000e+00,0.000000e+00,0.000000e+00,0.000000e+00,trigger_probability_regime,"flatters_SB | -20.61% vs PDG Leg A (~1 muon cm^-2 min^-1 x A_top = 1.7204 Hz) | BRACKETING DISCLOSURE: PDG Leg B (I_v ~ 70 m^-2 s^-1 sr^-1 with cos^2 theta -> 1.1350 Hz) puts the same adopted 1.3659 Hz at +20.34%, i.e. penalizes_SB; the two PDG statements BRACKET the adopted rate from opposite sides, so the ~20% MAGNITUDE is solid and the SIGN is anchor-leg dependent | underlying limit: 30-35% inter-experiment Gaisser-Guan normalization spread, which no in-repo artifact can narrow","neutral | +0.00% vs the LABChico measured survey, which IS the adopted normalization | factor-2 site-dependent band x0.5 .. x2 (the low edge is the flattering one and is not used) | weakest anchor: the U-chain flux rests on an assumed Phi_U = Phi_Th chain balance, not a measured line intensity"
3.349654392e-06,9.049800e+00,8.590081e-03,5.882370e+00,1.221723e+01,0.000000e+00,0.000000e+00,0.000000e+00,0.000000e+00,trigger_probability_regime,"flatters_SB | -20.61% vs PDG Leg A (~1 muon cm^-2 min^-1 x A_top = 1.7204 Hz) | BRACKETING DISCLOSURE: PDG Leg B (I_v ~ 70 m^-2 s^-1 sr^-1 with cos^2 theta -> 1.1350 Hz) puts the same adopted 1.3659 Hz at +20.34%, i.e. penalizes_SB; the two PDG statements BRACKET the adopted rate from opposite sides, so the ~20% MAGNITUDE is solid and the SIGN is anchor-leg dependent | underlying limit: 30-35% inter-experiment Gaisser-Guan normalization spread, which no in-repo artifact can narrow","neutral | +0.00% vs the LABChico measured survey, which IS the adopted normalization | factor-2 site-dependent band x0.5 .. x2 (the low edge is the flattering one and is not used) | weakest anchor: the U-chain flux rests on an assumed Phi_U = Phi_Th chain balance, not a measured line intensity"
3.758374043e-06,2.226198e+00,6.966001e-04,1.447029e+00,3.005367e+00,0.000000e+00,0.000000e+00,0.000000e+00,0.000000e+00,trigger_probability_regime,"flatters_SB | -20.61% vs PDG Leg A (~1 muon cm^-2 min^-1 x A_top = 1.7204 Hz) | BRACKETING DISCLOSURE: PDG Leg B (I_v ~ 70 m^-2 s^-1 sr^-1 with cos^2 theta -> 1.1350 Hz) puts the same adopted 1.3659 Hz at +20.34%, i.e. penalizes_SB; the two PDG statements BRACKET the adopted rate from opposite sides, so the ~20% MAGNITUDE is solid and the SIGN is anchor-leg dependent | underlying limit: 30-35% inter-experiment Gaisser-Guan normalization spread, which no in-repo artifact can narrow","neutral | +0.00% vs the LABChico measured survey, which IS the adopted normalization | factor-2 site-dependent band x0.5 .. x2 (the low edge is the flattering one and is not used) | weakest anchor: the U-chain flux rests on an assumed Phi_U = Phi_Th chain balance, not a measured line intensity"
4.216965034e-06,0.000000e+00,0.000000e+00,0.000000e+00,0.000000e+00,0.000000e+00,0.000000e+00,0.000000e+00,0.000000e+00,trigger_probability_regime,"flatters_SB | -20.61% vs PDG Leg A (~1 muon cm^-2 min^-1 x A_top = 1.7204 Hz) | BRACKETING DISCLOSURE: PDG Leg B (I_v ~ 70 m^-2 s^-1 sr^-1 with cos^2 theta -> 1.1350 Hz) puts the same adopted 1.3659 Hz at +20.34%, i.e. penalizes_SB; the two PDG statements BRACKET the adopted rate from opposite sides, so the ~20% MAGNITUDE is solid and the SIGN is anchor-leg dependent | underlying limit: 30-35% inter-experiment Gaisser-Guan normalization spread, which no in-repo artifact can narrow","neutral | +0.00% vs the LABChico measured survey, which IS the adopted normalization | factor-2 site-dependent band x0.5 .. x2 (the low edge is the flattering one and is not used) | weakest anchor: the U-chain flux rests on an assumed Phi_U = Phi_Th chain balance, not a measured line intensity"
4.731512590e-06,0.000000e+00,0.000000e+00,0.000000e+00,0.000000e+00,0.000000e+00,0.000000e+00,0.000000e+00,0.000000e+00,trigger_probability_regime,"flatters_SB | -20.61% vs PDG Leg A (~1 muon cm^-2 min^-1 x A_top = 1.7204 Hz) | BRACKETING DISCLOSURE: PDG Leg B (I_v ~ 70 m^-2 s^-1 sr^-1 with cos^2 theta -> 1.1350 Hz) puts the same adopted 1.3659 Hz at +20.34%, i.e. penalizes_SB; the two PDG statements BRACKET the adopted rate from opposite sides, so the ~20% MAGNITUDE is solid and the SIGN is anchor-leg dependent | underlying limit: 30-35% inter-experiment Gaisser-Guan normalization spread, which no in-repo artifact can narrow","neutral | +0.00% vs the LABChico measured survey, which IS the adopted normalization | factor-2 site-dependent band x0.5 .. x2 (the low edge is the flattering one and is not used) | weakest anchor: the U-chain flux rests on an assumed Phi_U = Phi_Th chain balance, not a measured line intensity"
5.308844442e-06,0.000000e+00,0.000000e+00,0.000000e+00,0.000000e+00,0.000000e+00,0.000000e+00,0.000000e+00,0.000000e+00,trigger_probability_regime,"flatters_SB | -20.61% vs PDG Leg A (~1 muon cm^-2 min^-1 x A_top = 1.7204 Hz) | BRACKETING DISCLOSURE: PDG Leg B (I_v ~ 70 m^-2 s^-1 sr^-1 with cos^2 theta -> 1.1350 Hz) puts the same adopted 1.3659 Hz at +20.34%, i.e. penalizes_SB; the two PDG statements BRACKET the adopted rate from opposite sides, so the ~20% MAGNITUDE is solid and the SIGN is anchor-leg dependent | underlying limit: 30-35% inter-experiment Gaisser-Guan normalization spread, which no in-repo artifact can narrow","neutral | +0.00% vs the LABChico measured survey, which IS the adopted normalization | factor-2 site-dependent band x0.5 .. x2 (the low edge is the flattering one and is not used) | weakest anchor: the U-chain flux rests on an assumed Phi_U = Phi_Th chain balance, not a measured line intensity"
5.956621435e-06,7.428044e+01,7.044152e-02,4.828229e+01,1.002786e+02,0.000000e+00,0.000000e+00,0.000000e+00,0.000000e+00,trigger_probability_regime,"flatters_SB | -20.61% vs PDG Leg A (~1 muon cm^-2 min^-1 x A_top = 1.7204 Hz) | BRACKETING DISCLOSURE: PDG Leg B (I_v ~ 70 m^-2 s^-1 sr^-1 with cos^2 theta -> 1.1350 Hz) puts the same adopted 1.3659 Hz at +20.34%, i.e. penalizes_SB; the two PDG statements BRACKET the adopted rate from opposite sides, so the ~20% MAGNITUDE is solid and the SIGN is anchor-leg dependent | underlying limit: 30-35% inter-experiment Gaisser-Guan normalization spread, which no in-repo artifact can narrow","neutral | +0.00% vs the LABChico measured survey, which IS the adopted normalization | factor-2 site-dependent band x0.5 .. x2 (the low edge is the flattering one and is not used) | weakest anchor: the U-chain flux rests on an assumed Phi_U = Phi_Th chain balance, not a measured line intensity"
6.683439176e-06,1.569249e+01,5.476898e-03,1.020012e+01,2.118486e+01,1.920261e-02,2.027297e-05,9.601307e-03,3.840523e-02,trigger_probability_regime,"flatters_SB | -20.61% vs PDG Leg A (~1 muon cm^-2 min^-1 x A_top = 1.7204 Hz) | BRACKETING DISCLOSURE: PDG Leg B (I_v ~ 70 m^-2 s^-1 sr^-1 with cos^2 theta -> 1.1350 Hz) puts the same adopted 1.3659 Hz at +20.34%, i.e. penalizes_SB; the two PDG statements BRACKET the adopted rate from opposite sides, so the ~20% MAGNITUDE is solid and the SIGN is anchor-leg dependent | underlying limit: 30-35% inter-experiment Gaisser-Guan normalization spread, which no in-repo artifact can narrow","neutral | +0.00% vs the LABChico measured survey, which IS the adopted normalization | factor-2 site-dependent band x0.5 .. x2 (the low edge is the flattering one and is not used) | weakest anchor: the U-chain flux rests on an assumed Phi_U = Phi_Th chain balance, not a measured line intensity"
7.498942093e-06,1.915128e-01,5.546063e-05,1.244833e-01,2.585423e-01,0.000000e+00,0.000000e+00,0.000000e+00,0.000000e+00,trigger_probability_regime,"flatters_SB | -20.61% vs PDG Leg A (~1 muon cm^-2 min^-1 x A_top = 1.7204 Hz) | BRACKETING DISCLOSURE: PDG Leg B (I_v ~ 70 m^-2 s^-1 sr^-1 with cos^2 theta -> 1.1350 Hz) puts the same adopted 1.3659 Hz at +20.34%, i.e. penalizes_SB; the two PDG statements BRACKET the adopted rate from opposite sides, so the ~20% MAGNITUDE is solid and the SIGN is anchor-leg dependent | underlying limit: 30-35% inter-experiment Gaisser-Guan normalization spread, which no in-repo artifact can narrow","neutral | +0.00% vs the LABChico measured survey, which IS the adopted normalization | factor-2 site-dependent band x0.5 .. x2 (the low edge is the flattering one and is not used) | weakest anchor: the U-chain flux rests on an assumed Phi_U = Phi_Th chain balance, not a measured line intensity"
8.413951416e-06,3.294420e-02,6.256186e-06,2.141373e-02,4.447467e-02,0.000000e+00,0.000000e+00,0.000000e+00,0.000000e+00,trigger_probability_regime,"flatters_SB | -20.61% vs PDG Leg A (~1 muon cm^-2 min^-1 x A_top = 1.7204 Hz) | BRACKETING DISCLOSURE: PDG Leg B (I_v ~ 70 m^-2 s^-1 sr^-1 with cos^2 theta -> 1.1350 Hz) puts the same adopted 1.3659 Hz at +20.34%, i.e. penalizes_SB; the two PDG statements BRACKET the adopted rate from opposite sides, so the ~20% MAGNITUDE is solid and the SIGN is anchor-leg dependent | underlying limit: 30-35% inter-experiment Gaisser-Guan normalization spread, which no in-repo artifact can narrow","neutral | +0.00% vs the LABChico measured survey, which IS the adopted normalization | factor-2 site-dependent band x0.5 .. x2 (the low edge is the flattering one and is not used) | weakest anchor: the U-chain flux rests on an assumed Phi_U = Phi_Th chain balance, not a measured line intensity"
9.440608763e-06,1.610659e+01,1.482723e-02,1.046929e+01,2.174390e+01,0.000000e+00,0.000000e+00,0.000000e+00,0.000000e+00,trigger_probability_regime,"flatters_SB | -20.61% vs PDG Leg A (~1 muon cm^-2 min^-1 x A_top = 1.7204 Hz) | BRACKETING DISCLOSURE: PDG Leg B (I_v ~ 70 m^-2 s^-1 sr^-1 with cos^2 theta -> 1.1350 Hz) puts the same adopted 1.3659 Hz at +20.34%, i.e. penalizes_SB; the two PDG statements BRACKET the adopted rate from opposite sides, so the ~20% MAGNITUDE is solid and the SIGN is anchor-leg dependent | underlying limit: 30-35% inter-experiment Gaisser-Guan normalization spread, which no in-repo artifact can narrow","neutral | +0.00% vs the LABChico measured survey, which IS the adopted normalization | factor-2 site-dependent band x0.5 .. x2 (the low edge is the flattering one and is not used) | weakest anchor: the U-chain flux rests on an assumed Phi_U = Phi_Th chain balance, not a measured line intensity"
1.059253725e-05,2.157819e+00,8.758635e-04,1.402582e+00,2.913055e+00,0.000000e+00,0.000000e+00,0.000000e+00,0.000000e+00,trigger_probability_regime,"flatters_SB | -20.61% vs PDG Leg A (~1 muon cm^-2 min^-1 x A_top = 1.7204 Hz) | BRACKETING DISCLOSURE: PDG Leg B (I_v ~ 70 m^-2 s^-1 sr^-1 with cos^2 theta -> 1.1350 Hz) puts the same adopted 1.3659 Hz at +20.34%, i.e. penalizes_SB; the two PDG statements BRACKET the adopted rate from opposite sides, so the ~20% MAGNITUDE is solid and the SIGN is anchor-leg dependent | underlying limit: 30-35% inter-experiment Gaisser-Guan normalization spread, which no in-repo artifact can narrow","neutral | +0.00% vs the LABChico measured survey, which IS the adopted normalization | factor-2 site-dependent band x0.5 .. x2 (the low edge is the flattering one and is not used) | weakest anchor: the U-chain flux rests on an assumed Phi_U = Phi_Th chain balance, not a measured line intensity"
1.188502227e-05,7.812275e+01,7.394991e-02,5.077979e+01,1.054657e+02,1.079842e-02,1.140033e-05,5.399212e-03,2.159685e-02,trigger_probability_regime,"flatters_SB | -20.61% vs PDG Leg A (~1 muon cm^-2 min^-1 x A_top = 1.7204 Hz) | BRACKETING DISCLOSURE: PDG Leg B (I_v ~ 70 m^-2 s^-1 sr^-1 with cos^2 theta -> 1.1350 Hz) puts the same adopted 1.3659 Hz at +20.34%, i.e. penalizes_SB; the two PDG statements BRACKET the adopted rate from opposite sides, so the ~20% MAGNITUDE is solid and the SIGN is anchor-leg dependent | underlying limit: 30-35% inter-experiment Gaisser-Guan normalization spread, which no in-repo artifact can narrow","neutral | +0.00% vs the LABChico measured survey, which IS the adopted normalization | factor-2 site-dependent band x0.5 .. x2 (the low edge is the flattering one and is not used) | weakest anchor: the U-chain flux rests on an assumed Phi_U = Phi_Th chain balance, not a measured line intensity"
1.333521432e-05,1.272304e+01,5.767573e-03,8.269978e+00,1.717611e+01,2.887231e-02,3.048167e-05,1.443616e-02,5.774463e-02,trigger_probability_regime,"flatters_SB | -20.61% vs PDG Leg A (~1 muon cm^-2 min^-1 x A_top = 1.7204 Hz) | BRACKETING DISCLOSURE: PDG Leg B (I_v ~ 70 m^-2 s^-1 sr^-1 with cos^2 theta -> 1.1350 Hz) puts the same adopted 1.3659 Hz at +20.34%, i.e. penalizes_SB; the two PDG statements BRACKET the adopted rate from opposite sides, so the ~20% MAGNITUDE is solid and the SIGN is anchor-leg dependent | underlying limit: 30-35% inter-experiment Gaisser-Guan normalization spread, which no in-repo artifact can narrow","neutral | +0.00% vs the LABChico measured survey, which IS the adopted normalization | factor-2 site-dependent band x0.5 .. x2 (the low edge is the flattering one and is not used) | weakest anchor: the U-chain flux rests on an assumed Phi_U = Phi_Th chain balance, not a measured line intensity"
1.496235656e-05,2.223999e+01,2.090018e-02,1.445599e+01,3.002399e+01,0.000000e+00,0.000000e+00,0.000000e+00,0.000000e+00,trigger_probability_regime,"flatters_SB | -20.61% vs PDG Leg A (~1 muon cm^-2 min^-1 x A_top = 1.7204 Hz) | BRACKETING DISCLOSURE: PDG Leg B (I_v ~ 70 m^-2 s^-1 sr^-1 with cos^2 theta -> 1.1350 Hz) puts the same adopted 1.3659 Hz at +20.34%, i.e. penalizes_SB; the two PDG statements BRACKET the adopted rate from opposite sides, so the ~20% MAGNITUDE is solid and the SIGN is anchor-leg dependent | underlying limit: 30-35% inter-experiment Gaisser-Guan normalization spread, which no in-repo artifact can narrow","neutral | +0.00% vs the LABChico measured survey, which IS the adopted normalization | factor-2 site-dependent band x0.5 .. x2 (the low edge is the flattering one and is not used) | weakest anchor: the U-chain flux rests on an assumed Phi_U = Phi_Th chain balance, not a measured line intensity"
1.678804018e-05,4.108701e+00,1.954877e-03,2.670656e+00,5.546747e+00,1.528940e-02,1.614163e-05,7.644698e-03,3.057879e-02,trigger_probability_regime,"flatters_SB | -20.61% vs PDG Leg A (~1 muon cm^-2 min^-1 x A_top = 1.7204 Hz) | BRACKETING DISCLOSURE: PDG Leg B (I_v ~ 70 m^-2 s^-1 sr^-1 with cos^2 theta -> 1.1350 Hz) puts the same adopted 1.3659 Hz at +20.34%, i.e. penalizes_SB; the two PDG statements BRACKET the adopted rate from opposite sides, so the ~20% MAGNITUDE is solid and the SIGN is anchor-leg dependent | underlying limit: 30-35% inter-experiment Gaisser-Guan normalization spread, which no in-repo artifact can narrow","neutral | +0.00% vs the LABChico measured survey, which IS the adopted normalization | factor-2 site-dependent band x0.5 .. x2 (the low edge is the flattering one and is not used) | weakest anchor: the U-chain flux rests on an assumed Phi_U = Phi_Th chain balance, not a measured line intensity"
1.883649089e-05,7.230673e+01,6.382159e-02,4.699937e+01,9.761408e+01,1.294535e-01,1.366693e-04,6.472677e-02,2.589071e-01,trigger_probability_regime,"flatters_SB | -20.61% vs PDG Leg A (~1 muon cm^-2 min^-1 x A_top = 1.7204 Hz) | BRACKETING DISCLOSURE: PDG Leg B (I_v ~ 70 m^-2 s^-1 sr^-1 with cos^2 theta -> 1.1350 Hz) puts the same adopted 1.3659 Hz at +20.34%, i.e. penalizes_SB; the two PDG statements BRACKET the adopted rate from opposite sides, so the ~20% MAGNITUDE is solid and the SIGN is anchor-leg dependent | underlying limit: 30-35% inter-experiment Gaisser-Guan normalization spread, which no in-repo artifact can narrow","neutral | +0.00% vs the LABChico measured survey, which IS the adopted normalization | factor-2 site-dependent band x0.5 .. x2 (the low edge is the flattering one and is not used) | weakest anchor: the U-chain flux rests on an assumed Phi_U = Phi_Th chain balance, not a measured line intensity"
2.113489040e-05,2.050017e+01,1.839291e-02,1.332511e+01,2.767523e+01,4.250680e-02,4.487614e-05,2.125340e-02,8.501360e-02,trigger_probability_regime,"flatters_SB | -20.61% vs PDG Leg A (~1 muon cm^-2 min^-1 x A_top = 1.7204 Hz) | BRACKETING DISCLOSURE: PDG Leg B (I_v ~ 70 m^-2 s^-1 sr^-1 with cos^2 theta -> 1.1350 Hz) puts the same adopted 1.3659 Hz at +20.34%, i.e. penalizes_SB; the two PDG statements BRACKET the adopted rate from opposite sides, so the ~20% MAGNITUDE is solid and the SIGN is anchor-leg dependent | underlying limit: 30-35% inter-experiment Gaisser-Guan normalization spread, which no in-repo artifact can narrow","neutral | +0.00% vs the LABChico measured survey, which IS the adopted normalization | factor-2 site-dependent band x0.5 .. x2 (the low edge is the flattering one and is not used) | weakest anchor: the U-chain flux rests on an assumed Phi_U = Phi_Th chain balance, not a measured line intensity"
2.371373706e-05,5.633679e+01,5.161792e-02,3.661891e+01,7.605467e+01,4.329626e-02,4.570960e-05,2.164813e-02,8.659251e-02,trigger_probability_regime,"flatters_SB | -20.61% vs PDG Leg A (~1 muon cm^-2 min^-1 x A_top = 1.7204 Hz) | BRACKETING DISCLOSURE: PDG Leg B (I_v ~ 70 m^-2 s^-1 sr^-1 with cos^2 theta -> 1.1350 Hz) puts the same adopted 1.3659 Hz at +20.34%, i.e. penalizes_SB; the two PDG statements BRACKET the adopted rate from opposite sides, so the ~20% MAGNITUDE is solid and the SIGN is anchor-leg dependent | underlying limit: 30-35% inter-experiment Gaisser-Guan normalization spread, which no in-repo artifact can narrow","neutral | +0.00% vs the LABChico measured survey, which IS the adopted normalization | factor-2 site-dependent band x0.5 .. x2 (the low edge is the flattering one and is not used) | weakest anchor: the U-chain flux rests on an assumed Phi_U = Phi_Th chain balance, not a measured line intensity"
2.660725060e-05,2.533142e+01,2.022138e-02,1.646542e+01,3.419741e+01,1.784687e-01,1.884166e-04,8.923435e-02,3.569374e-01,trigger_probability_regime,"flatters_SB | -20.61% vs PDG Leg A (~1 muon cm^-2 min^-1 x A_top = 1.7204 Hz) | BRACKETING DISCLOSURE: PDG Leg B (I_v ~ 70 m^-2 s^-1 sr^-1 with cos^2 theta -> 1.1350 Hz) puts the same adopted 1.3659 Hz at +20.34%, i.e. penalizes_SB; the two PDG statements BRACKET the adopted rate from opposite sides, so the ~20% MAGNITUDE is solid and the SIGN is anchor-leg dependent | underlying limit: 30-35% inter-experiment Gaisser-Guan normalization spread, which no in-repo artifact can narrow","neutral | +0.00% vs the LABChico measured survey, which IS the adopted normalization | factor-2 site-dependent band x0.5 .. x2 (the low edge is the flattering one and is not used) | weakest anchor: the U-chain flux rests on an assumed Phi_U = Phi_Th chain balance, not a measured line intensity"
2.985382619e-05,4.254525e+01,3.898157e-02,2.765441e+01,5.743609e+01,1.547615e-01,1.633879e-04,7.738074e-02,3.095229e-01,trigger_probability_regime,"flatters_SB | -20.61% vs PDG Leg A (~1 muon cm^-2 min^-1 x A_top = 1.7204 Hz) | BRACKETING DISCLOSURE: PDG Leg B (I_v ~ 70 m^-2 s^-1 sr^-1 with cos^2 theta -> 1.1350 Hz) puts the same adopted 1.3659 Hz at +20.34%, i.e. penalizes_SB; the two PDG statements BRACKET the adopted rate from opposite sides, so the ~20% MAGNITUDE is solid and the SIGN is anchor-leg dependent | underlying limit: 30-35% inter-experiment Gaisser-Guan normalization spread, which no in-repo artifact can narrow","neutral | +0.00% vs the LABChico measured survey, which IS the adopted normalization | factor-2 site-dependent band x0.5 .. x2 (the low edge is the flattering one and is not used) | weakest anchor: the U-chain flux rests on an assumed Phi_U = Phi_Th chain balance, not a measured line intensity"
3.349654392e-05,2.351284e+01,1.720018e-02,1.528334e+01,3.174233e+01,1.609199e-01,1.698896e-04,8.045993e-02,3.218397e-01,trigger_probability_regime,"flatters_SB | -20.61% vs PDG Leg A (~1 muon cm^-2 min^-1 x A_top = 1.7204 Hz) | BRACKETING DISCLOSURE: PDG Leg B (I_v ~ 70 m^-2 s^-1 sr^-1 with cos^2 theta -> 1.1350 Hz) puts the same adopted 1.3659 Hz at +20.34%, i.e. penalizes_SB; the two PDG statements BRACKET the adopted rate from opposite sides, so the ~20% MAGNITUDE is solid and the SIGN is anchor-leg dependent | underlying limit: 30-35% inter-experiment Gaisser-Guan normalization spread, which no in-repo artifact can narrow","neutral | +0.00% vs the LABChico measured survey, which IS the adopted normalization | factor-2 site-dependent band x0.5 .. x2 (the low edge is the flattering one and is not used) | weakest anchor: the U-chain flux rests on an assumed Phi_U = Phi_Th chain balance, not a measured line intensity"
3.758374043e-05,3.176195e+01,2.571472e-02,2.064527e+01,4.287863e+01,2.879963e-01,3.495383e-04,1.439981e-01,5.759925e-01,trigger_probability_regime,"flatters_SB | -20.61% vs PDG Leg A (~1 muon cm^-2 min^-1 x A_top = 1.7204 Hz) | BRACKETING DISCLOSURE: PDG Leg B (I_v ~ 70 m^-2 s^-1 sr^-1 with cos^2 theta -> 1.1350 Hz) puts the same adopted 1.3659 Hz at +20.34%, i.e. penalizes_SB; the two PDG statements BRACKET the adopted rate from opposite sides, so the ~20% MAGNITUDE is solid and the SIGN is anchor-leg dependent | underlying limit: 30-35% inter-experiment Gaisser-Guan normalization spread, which no in-repo artifact can narrow","neutral | +0.00% vs the LABChico measured survey, which IS the adopted normalization | factor-2 site-dependent band x0.5 .. x2 (the low edge is the flattering one and is not used) | weakest anchor: the U-chain flux rests on an assumed Phi_U = Phi_Th chain balance, not a measured line intensity"
4.216965034e-05,3.402455e+01,2.661779e-02,2.211595e+01,4.593314e+01,3.358056e-01,3.950656e-04,1.679028e-01,6.716112e-01,trigger_probability_regime,"flatters_SB | -20.61% vs PDG Leg A (~1 muon cm^-2 min^-1 x A_top = 1.7204 Hz) | BRACKETING DISCLOSURE: PDG Leg B (I_v ~ 70 m^-2 s^-1 sr^-1 with cos^2 theta -> 1.1350 Hz) puts the same adopted 1.3659 Hz at +20.34%, i.e. penalizes_SB; the two PDG statements BRACKET the adopted rate from opposite sides, so the ~20% MAGNITUDE is solid and the SIGN is anchor-leg dependent | underlying limit: 30-35% inter-experiment Gaisser-Guan normalization spread, which no in-repo artifact can narrow","neutral | +0.00% vs the LABChico measured survey, which IS the adopted normalization | factor-2 site-dependent band x0.5 .. x2 (the low edge is the flattering one and is not used) | weakest anchor: the U-chain flux rests on an assumed Phi_U = Phi_Th chain balance, not a measured line intensity"
4.731512590e-05,2.418796e+01,2.054207e-02,1.572217e+01,3.265374e+01,3.745090e-01,4.489784e-04,1.872545e-01,7.490180e-01,trigger_probability_regime,"flatters_SB | -20.61% vs PDG Leg A (~1 muon cm^-2 min^-1 x A_top = 1.7204 Hz) | BRACKETING DISCLOSURE: PDG Leg B (I_v ~ 70 m^-2 s^-1 sr^-1 with cos^2 theta -> 1.1350 Hz) puts the same adopted 1.3659 Hz at +20.34%, i.e. penalizes_SB; the two PDG statements BRACKET the adopted rate from opposite sides, so the ~20% MAGNITUDE is solid and the SIGN is anchor-leg dependent | underlying limit: 30-35% inter-experiment Gaisser-Guan normalization spread, which no in-repo artifact can narrow","neutral | +0.00% vs the LABChico measured survey, which IS the adopted normalization | factor-2 site-dependent band x0.5 .. x2 (the low edge is the flattering one and is not used) | weakest anchor: the U-chain flux rests on an assumed Phi_U = Phi_Th chain balance, not a measured line intensity"
5.308844442e-05,2.555853e+01,2.204140e-02,1.661304e+01,3.450402e+01,6.998087e-01,8.665517e-04,3.499043e-01,1.399617e+00,trigger_probability_regime,"flatters_SB | -20.61% vs PDG Leg A (~1 muon cm^-2 min^-1 x A_top = 1.7204 Hz) | BRACKETING DISCLOSURE: PDG Leg B (I_v ~ 70 m^-2 s^-1 sr^-1 with cos^2 theta -> 1.1350 Hz) puts the same adopted 1.3659 Hz at +20.34%, i.e. penalizes_SB; the two PDG statements BRACKET the adopted rate from opposite sides, so the ~20% MAGNITUDE is solid and the SIGN is anchor-leg dependent | underlying limit: 30-35% inter-experiment Gaisser-Guan normalization spread, which no in-repo artifact can narrow","neutral | +0.00% vs the LABChico measured survey, which IS the adopted normalization | factor-2 site-dependent band x0.5 .. x2 (the low edge is the flattering one and is not used) | weakest anchor: the U-chain flux rests on an assumed Phi_U = Phi_Th chain balance, not a measured line intensity"
5.956621435e-05,2.550835e+01,2.639202e-02,1.658042e+01,3.443627e+01,7.358445e-01,1.247070e-03,3.679223e-01,1.471689e+00,trigger_probability_regime,"flatters_SB | -20.61% vs PDG Leg A (~1 muon cm^-2 min^-1 x A_top = 1.7204 Hz) | BRACKETING DISCLOSURE: PDG Leg B (I_v ~ 70 m^-2 s^-1 sr^-1 with cos^2 theta -> 1.1350 Hz) puts the same adopted 1.3659 Hz at +20.34%, i.e. penalizes_SB; the two PDG statements BRACKET the adopted rate from opposite sides, so the ~20% MAGNITUDE is solid and the SIGN is anchor-leg dependent | underlying limit: 30-35% inter-experiment Gaisser-Guan normalization spread, which no in-repo artifact can narrow","neutral | +0.00% vs the LABChico measured survey, which IS the adopted normalization | factor-2 site-dependent band x0.5 .. x2 (the low edge is the flattering one and is not used) | weakest anchor: the U-chain flux rests on an assumed Phi_U = Phi_Th chain balance, not a measured line intensity"
6.683439176e-05,3.093031e+01,3.758340e-02,2.010470e+01,4.175591e+01,7.813800e-01,1.587200e-03,3.906900e-01,1.562760e+00,trigger_probability_regime,"flatters_SB | -20.61% vs PDG Leg A (~1 muon cm^-2 min^-1 x A_top = 1.7204 Hz) | BRACKETING DISCLOSURE: PDG Leg B (I_v ~ 70 m^-2 s^-1 sr^-1 with cos^2 theta -> 1.1350 Hz) puts the same adopted 1.3659 Hz at +20.34%, i.e. penalizes_SB; the two PDG statements BRACKET the adopted rate from opposite sides, so the ~20% MAGNITUDE is solid and the SIGN is anchor-leg dependent | underlying limit: 30-35% inter-experiment Gaisser-Guan normalization spread, which no in-repo artifact can narrow","neutral | +0.00% vs the LABChico measured survey, which IS the adopted normalization | factor-2 site-dependent band x0.5 .. x2 (the low edge is the flattering one and is not used) | weakest anchor: the U-chain flux rests on an assumed Phi_U = Phi_Th chain balance, not a measured line intensity"
7.498942093e-05,2.918269e+01,4.811276e-02,1.896875e+01,3.939663e+01,1.069039e+00,2.756364e-03,5.345195e-01,2.138078e+00,trigger_probability_regime,"flatters_SB | -20.61% vs PDG Leg A (~1 muon cm^-2 min^-1 x A_top = 1.7204 Hz) | BRACKETING DISCLOSURE: PDG Leg B (I_v ~ 70 m^-2 s^-1 sr^-1 with cos^2 theta -> 1.1350 Hz) puts the same adopted 1.3659 Hz at +20.34%, i.e. penalizes_SB; the two PDG statements BRACKET the adopted rate from opposite sides, so the ~20% MAGNITUDE is solid and the SIGN is anchor-leg dependent | underlying limit: 30-35% inter-experiment Gaisser-Guan normalization spread, which no in-repo artifact can narrow","neutral | +0.00% vs the LABChico measured survey, which IS the adopted normalization | factor-2 site-dependent band x0.5 .. x2 (the low edge is the flattering one and is not used) | weakest anchor: the U-chain flux rests on an assumed Phi_U = Phi_Th chain balance, not a measured line intensity"
8.413951416e-05,3.387842e+01,7.814751e-02,2.202098e+01,4.573587e+01,1.601532e+00,4.841126e-03,8.007660e-01,3.203064e+00,trigger_probability_regime,"flatters_SB | -20.61% vs PDG Leg A (~1 muon cm^-2 min^-1 x A_top = 1.7204 Hz) | BRACKETING DISCLOSURE: PDG Leg B (I_v ~ 70 m^-2 s^-1 sr^-1 with cos^2 theta -> 1.1350 Hz) puts the same adopted 1.3659 Hz at +20.34%, i.e. penalizes_SB; the two PDG statements BRACKET the adopted rate from opposite sides, so the ~20% MAGNITUDE is solid and the SIGN is anchor-leg dependent | underlying limit: 30-35% inter-experiment Gaisser-Guan normalization spread, which no in-repo artifact can narrow","neutral | +0.00% vs the LABChico measured survey, which IS the adopted normalization | factor-2 site-dependent band x0.5 .. x2 (the low edge is the flattering one and is not used) | weakest anchor: the U-chain flux rests on an assumed Phi_U = Phi_Th chain balance, not a measured line intensity"
9.440608763e-05,3.589471e+01,1.072532e-01,2.333156e+01,4.845786e+01,2.006345e+00,7.954238e-03,1.003172e+00,4.012689e+00,trigger_probability_regime,"flatters_SB | -20.61% vs PDG Leg A (~1 muon cm^-2 min^-1 x A_top = 1.7204 Hz) | BRACKETING DISCLOSURE: PDG Leg B (I_v ~ 70 m^-2 s^-1 sr^-1 with cos^2 theta -> 1.1350 Hz) puts the same adopted 1.3659 Hz at +20.34%, i.e. penalizes_SB; the two PDG statements BRACKET the adopted rate from opposite sides, so the ~20% MAGNITUDE is solid and the SIGN is anchor-leg dependent | underlying limit: 30-35% inter-experiment Gaisser-Guan normalization spread, which no in-repo artifact can narrow","neutral | +0.00% vs the LABChico measured survey, which IS the adopted normalization | factor-2 site-dependent band x0.5 .. x2 (the low edge is the flattering one and is not used) | weakest anchor: the U-chain flux rests on an assumed Phi_U = Phi_Th chain balance, not a measured line intensity"
1.059253725e-04,3.990360e+01,1.721623e-01,2.593734e+01,5.386986e+01,3.021531e+00,1.586732e-02,1.510766e+00,6.043063e+00,trigger_probability_regime,"flatters_SB | -20.61% vs PDG Leg A (~1 muon cm^-2 min^-1 x A_top = 1.7204 Hz) | BRACKETING DISCLOSURE: PDG Leg B (I_v ~ 70 m^-2 s^-1 sr^-1 with cos^2 theta -> 1.1350 Hz) puts the same adopted 1.3659 Hz at +20.34%, i.e. penalizes_SB; the two PDG statements BRACKET the adopted rate from opposite sides, so the ~20% MAGNITUDE is solid and the SIGN is anchor-leg dependent | underlying limit: 30-35% inter-experiment Gaisser-Guan normalization spread, which no in-repo artifact can narrow","neutral | +0.00% vs the LABChico measured survey, which IS the adopted normalization | factor-2 site-dependent band x0.5 .. x2 (the low edge is the flattering one and is not used) | weakest anchor: the U-chain flux rests on an assumed Phi_U = Phi_Th chain balance, not a measured line intensity"
1.188502227e-04,4.757896e+01,2.500843e-01,3.092633e+01,6.423160e+01,4.174856e+00,2.445775e-02,2.087428e+00,8.349712e+00,trigger_probability_regime,"flatters_SB | -20.61% vs PDG Leg A (~1 muon cm^-2 min^-1 x A_top = 1.7204 Hz) | BRACKETING DISCLOSURE: PDG Leg B (I_v ~ 70 m^-2 s^-1 sr^-1 with cos^2 theta -> 1.1350 Hz) puts the same adopted 1.3659 Hz at +20.34%, i.e. penalizes_SB; the two PDG statements BRACKET the adopted rate from opposite sides, so the ~20% MAGNITUDE is solid and the SIGN is anchor-leg dependent | underlying limit: 30-35% inter-experiment Gaisser-Guan normalization spread, which no in-repo artifact can narrow","neutral | +0.00% vs the LABChico measured survey, which IS the adopted normalization | factor-2 site-dependent band x0.5 .. x2 (the low edge is the flattering one and is not used) | weakest anchor: the U-chain flux rests on an assumed Phi_U = Phi_Th chain balance, not a measured line intensity"
1.333521432e-04,4.961040e+01,3.025208e-01,3.224676e+01,6.697404e+01,4.724812e+00,2.953864e-02,2.362406e+00,9.449624e+00,trigger_probability_regime,"flatters_SB | -20.61% vs PDG Leg A (~1 muon cm^-2 min^-1 x A_top = 1.7204 Hz) | BRACKETING DISCLOSURE: PDG Leg B (I_v ~ 70 m^-2 s^-1 sr^-1 with cos^2 theta -> 1.1350 Hz) puts the same adopted 1.3659 Hz at +20.34%, i.e. penalizes_SB; the two PDG statements BRACKET the adopted rate from opposite sides, so the ~20% MAGNITUDE is solid and the SIGN is anchor-leg dependent | underlying limit: 30-35% inter-experiment Gaisser-Guan normalization spread, which no in-repo artifact can narrow","neutral | +0.00% vs the LABChico measured survey, which IS the adopted normalization | factor-2 site-dependent band x0.5 .. x2 (the low edge is the flattering one and is not used) | weakest anchor: the U-chain flux rests on an assumed Phi_U = Phi_Th chain balance, not a measured line intensity"
1.496235656e-04,4.378782e+01,3.103756e-01,2.846208e+01,5.911355e+01,4.170714e+00,2.952496e-02,2.085357e+00,8.341428e+00,trigger_probability_regime,"flatters_SB | -20.61% vs PDG Leg A (~1 muon cm^-2 min^-1 x A_top = 1.7204 Hz) | BRACKETING DISCLOSURE: PDG Leg B (I_v ~ 70 m^-2 s^-1 sr^-1 with cos^2 theta -> 1.1350 Hz) puts the same adopted 1.3659 Hz at +20.34%, i.e. penalizes_SB; the two PDG statements BRACKET the adopted rate from opposite sides, so the ~20% MAGNITUDE is solid and the SIGN is anchor-leg dependent | underlying limit: 30-35% inter-experiment Gaisser-Guan normalization spread, which no in-repo artifact can narrow","neutral | +0.00% vs the LABChico measured survey, which IS the adopted normalization | factor-2 site-dependent band x0.5 .. x2 (the low edge is the flattering one and is not used) | weakest anchor: the U-chain flux rests on an assumed Phi_U = Phi_Th chain balance, not a measured line intensity"
1.678804018e-04,3.091590e+01,2.941059e-01,2.009533e+01,4.173646e+01,2.710886e+00,2.694448e-02,1.355443e+00,5.421773e+00,trigger_probability_regime,"flatters_SB | -20.61% vs PDG Leg A (~1 muon cm^-2 min^-1 x A_top = 1.7204 Hz) | BRACKETING DISCLOSURE: PDG Leg B (I_v ~ 70 m^-2 s^-1 sr^-1 with cos^2 theta -> 1.1350 Hz) puts the same adopted 1.3659 Hz at +20.34%, i.e. penalizes_SB; the two PDG statements BRACKET the adopted rate from opposite sides, so the ~20% MAGNITUDE is solid and the SIGN is anchor-leg dependent | underlying limit: 30-35% inter-experiment Gaisser-Guan normalization spread, which no in-repo artifact can narrow","neutral | +0.00% vs the LABChico measured survey, which IS the adopted normalization | factor-2 site-dependent band x0.5 .. x2 (the low edge is the flattering one and is not used) | weakest anchor: the U-chain flux rests on an assumed Phi_U = Phi_Th chain balance, not a measured line intensity"
1.883649089e-04,1.853862e+01,3.465315e-01,1.205010e+01,2.502714e+01,1.415896e+00,3.404668e-02,7.079479e-01,2.831792e+00,trigger_probability_regime,"flatters_SB | -20.61% vs PDG Leg A (~1 muon cm^-2 min^-1 x A_top = 1.7204 Hz) | BRACKETING DISCLOSURE: PDG Leg B (I_v ~ 70 m^-2 s^-1 sr^-1 with cos^2 theta -> 1.1350 Hz) puts the same adopted 1.3659 Hz at +20.34%, i.e. penalizes_SB; the two PDG statements BRACKET the adopted rate from opposite sides, so the ~20% MAGNITUDE is solid and the SIGN is anchor-leg dependent | underlying limit: 30-35% inter-experiment Gaisser-Guan normalization spread, which no in-repo artifact can narrow","neutral | +0.00% vs the LABChico measured survey, which IS the adopted normalization | factor-2 site-dependent band x0.5 .. x2 (the low edge is the flattering one and is not used) | weakest anchor: the U-chain flux rests on an assumed Phi_U = Phi_Th chain balance, not a measured line intensity"
2.113489040e-04,1.378240e+01,5.822229e-01,8.958558e+00,1.860623e+01,1.082619e+00,5.971860e-02,5.413096e-01,2.165238e+00,trigger_probability_regime,"flatters_SB | -20.61% vs PDG Leg A (~1 muon cm^-2 min^-1 x A_top = 1.7204 Hz) | BRACKETING DISCLOSURE: PDG Leg B (I_v ~ 70 m^-2 s^-1 sr^-1 with cos^2 theta -> 1.1350 Hz) puts the same adopted 1.3659 Hz at +20.34%, i.e. penalizes_SB; the two PDG statements BRACKET the adopted rate from opposite sides, so the ~20% MAGNITUDE is solid and the SIGN is anchor-leg dependent | underlying limit: 30-35% inter-experiment Gaisser-Guan normalization spread, which no in-repo artifact can narrow","neutral | +0.00% vs the LABChico measured survey, which IS the adopted normalization | factor-2 site-dependent band x0.5 .. x2 (the low edge is the flattering one and is not used) | weakest anchor: the U-chain flux rests on an assumed Phi_U = Phi_Th chain balance, not a measured line intensity"
2.371373706e-04,1.624799e+01,1.214614e+00,1.056119e+01,2.193479e+01,1.369536e+00,1.039754e-01,6.847681e-01,2.739072e+00,trigger_probability_regime,"flatters_SB | -20.61% vs PDG Leg A (~1 muon cm^-2 min^-1 x A_top = 1.7204 Hz) | BRACKETING DISCLOSURE: PDG Leg B (I_v ~ 70 m^-2 s^-1 sr^-1 with cos^2 theta -> 1.1350 Hz) puts the same adopted 1.3659 Hz at +20.34%, i.e. penalizes_SB; the two PDG statements BRACKET the adopted rate from opposite sides, so the ~20% MAGNITUDE is solid and the SIGN is anchor-leg dependent | underlying limit: 30-35% inter-experiment Gaisser-Guan normalization spread, which no in-repo artifact can narrow","neutral | +0.00% vs the LABChico measured survey, which IS the adopted normalization | factor-2 site-dependent band x0.5 .. x2 (the low edge is the flattering one and is not used) | weakest anchor: the U-chain flux rests on an assumed Phi_U = Phi_Th chain balance, not a measured line intensity"
2.660725060e-04,2.440670e+01,2.506693e+00,1.586436e+01,3.294905e+01,1.929588e+00,2.171276e-01,9.647938e-01,3.859175e+00,trigger_probability_regime,"flatters_SB | -20.61% vs PDG Leg A (~1 muon cm^-2 min^-1 x A_top = 1.7204 Hz) | BRACKETING DISCLOSURE: PDG Leg B (I_v ~ 70 m^-2 s^-1 sr^-1 with cos^2 theta -> 1.1350 Hz) puts the same adopted 1.3659 Hz at +20.34%, i.e. penalizes_SB; the two PDG statements BRACKET the adopted rate from opposite sides, so the ~20% MAGNITUDE is solid and the SIGN is anchor-leg dependent | underlying limit: 30-35% inter-experiment Gaisser-Guan normalization spread, which no in-repo artifact can narrow","neutral | +0.00% vs the LABChico measured survey, which IS the adopted normalization | factor-2 site-dependent band x0.5 .. x2 (the low edge is the flattering one and is not used) | weakest anchor: the U-chain flux rests on an assumed Phi_U = Phi_Th chain balance, not a measured line intensity"
2.985382619e-04,2.831079e+01,3.932467e+00,1.840201e+01,3.821957e+01,2.633607e+00,4.386098e-01,1.316803e+00,5.267214e+00,trigger_probability_regime,"flatters_SB | -20.61% vs PDG Leg A (~1 muon cm^-2 min^-1 x A_top = 1.7204 Hz) | BRACKETING DISCLOSURE: PDG Leg B (I_v ~ 70 m^-2 s^-1 sr^-1 with cos^2 theta -> 1.1350 Hz) puts the same adopted 1.3659 Hz at +20.34%, i.e. penalizes_SB; the two PDG statements BRACKET the adopted rate from opposite sides, so the ~20% MAGNITUDE is solid and the SIGN is anchor-leg dependent | underlying limit: 30-35% inter-experiment Gaisser-Guan normalization spread, which no in-repo artifact can narrow","neutral | +0.00% vs the LABChico measured survey, which IS the adopted normalization | factor-2 site-dependent band x0.5 .. x2 (the low edge is the flattering one and is not used) | weakest anchor: the U-chain flux rests on an assumed Phi_U = Phi_Th chain balance, not a measured line intensity"
3.349654392e-04,2.856072e+01,5.655992e+00,1.856447e+01,3.855697e+01,3.471298e+00,8.641225e-01,1.735649e+00,6.942595e+00,trigger_probability_regime,"flatters_SB | -20.61% vs PDG Leg A (~1 muon cm^-2 min^-1 x A_top = 1.7204 Hz) | BRACKETING DISCLOSURE: PDG Leg B (I_v ~ 70 m^-2 s^-1 sr^-1 with cos^2 theta -> 1.1350 Hz) puts the same adopted 1.3659 Hz at +20.34%, i.e. penalizes_SB; the two PDG statements BRACKET the adopted rate from opposite sides, so the ~20% MAGNITUDE is solid and the SIGN is anchor-leg dependent | underlying limit: 30-35% inter-experiment Gaisser-Guan normalization spread, which no in-repo artifact can narrow","neutral | +0.00% vs the LABChico measured survey, which IS the adopted normalization | factor-2 site-dependent band x0.5 .. x2 (the low edge is the flattering one and is not used) | weakest anchor: the U-chain flux rests on an assumed Phi_U = Phi_Th chain balance, not a measured line intensity"
3.758374043e-04,2.886459e+01,8.064290e+00,1.876198e+01,3.896719e+01,5.327837e+00,1.963683e+00,2.663919e+00,1.065567e+01,trigger_probability_regime,"flatters_SB | -20.61% vs PDG Leg A (~1 muon cm^-2 min^-1 x A_top = 1.7204 Hz) | BRACKETING DISCLOSURE: PDG Leg B (I_v ~ 70 m^-2 s^-1 sr^-1 with cos^2 theta -> 1.1350 Hz) puts the same adopted 1.3659 Hz at +20.34%, i.e. penalizes_SB; the two PDG statements BRACKET the adopted rate from opposite sides, so the ~20% MAGNITUDE is solid and the SIGN is anchor-leg dependent | underlying limit: 30-35% inter-experiment Gaisser-Guan normalization spread, which no in-repo artifact can narrow","neutral | +0.00% vs the LABChico measured survey, which IS the adopted normalization | factor-2 site-dependent band x0.5 .. x2 (the low edge is the flattering one and is not used) | weakest anchor: the U-chain flux rests on an assumed Phi_U = Phi_Th chain balance, not a measured line intensity"
4.216965034e-04,3.051270e+01,1.124337e+01,1.983325e+01,4.119214e+01,1.147381e+01,5.455900e+00,5.736903e+00,2.294761e+01,trigger_probability_regime,"flatters_SB | -20.61% vs PDG Leg A (~1 muon cm^-2 min^-1 x A_top = 1.7204 Hz) | BRACKETING DISCLOSURE: PDG Leg B (I_v ~ 70 m^-2 s^-1 sr^-1 with cos^2 theta -> 1.1350 Hz) puts the same adopted 1.3659 Hz at +20.34%, i.e. penalizes_SB; the two PDG statements BRACKET the adopted rate from opposite sides, so the ~20% MAGNITUDE is solid and the SIGN is anchor-leg dependent | underlying limit: 30-35% inter-experiment Gaisser-Guan normalization spread, which no in-repo artifact can narrow","neutral | +0.00% vs the LABChico measured survey, which IS the adopted normalization | factor-2 site-dependent band x0.5 .. x2 (the low edge is the flattering one and is not used) | weakest anchor: the U-chain flux rests on an assumed Phi_U = Phi_Th chain balance, not a measured line intensity"
4.731512590e-04,3.263963e+01,1.491459e+01,2.121576e+01,4.406350e+01,2.444782e+01,1.318065e+01,1.222391e+01,4.889564e+01,trigger_probability_regime,"flatters_SB | -20.61% vs PDG Leg A (~1 muon cm^-2 min^-1 x A_top = 1.7204 Hz) | BRACKETING DISCLOSURE: PDG Leg B (I_v ~ 70 m^-2 s^-1 sr^-1 with cos^2 theta -> 1.1350 Hz) puts the same adopted 1.3659 Hz at +20.34%, i.e. penalizes_SB; the two PDG statements BRACKET the adopted rate from opposite sides, so the ~20% MAGNITUDE is solid and the SIGN is anchor-leg dependent | underlying limit: 30-35% inter-experiment Gaisser-Guan normalization spread, which no in-repo artifact can narrow","neutral | +0.00% vs the LABChico measured survey, which IS the adopted normalization | factor-2 site-dependent band x0.5 .. x2 (the low edge is the flattering one and is not used) | weakest anchor: the U-chain flux rests on an assumed Phi_U = Phi_Th chain balance, not a measured line intensity"
5.308844442e-04,2.690564e+01,1.397508e+01,1.748867e+01,3.632262e+01,3.955409e+01,2.309191e+01,1.977704e+01,7.910817e+01,differential_rate_regime,"flatters_SB | -20.61% vs PDG Leg A (~1 muon cm^-2 min^-1 x A_top = 1.7204 Hz) | BRACKETING DISCLOSURE: PDG Leg B (I_v ~ 70 m^-2 s^-1 sr^-1 with cos^2 theta -> 1.1350 Hz) puts the same adopted 1.3659 Hz at +20.34%, i.e. penalizes_SB; the two PDG statements BRACKET the adopted rate from opposite sides, so the ~20% MAGNITUDE is solid and the SIGN is anchor-leg dependent | underlying limit: 30-35% inter-experiment Gaisser-Guan normalization spread, which no in-repo artifact can narrow","neutral | +0.00% vs the LABChico measured survey, which IS the adopted normalization | factor-2 site-dependent band x0.5 .. x2 (the low edge is the flattering one and is not used) | weakest anchor: the U-chain flux rests on an assumed Phi_U = Phi_Th chain balance, not a measured line intensity"
5.956621435e-04,1.703815e+01,1.062124e+01,1.107480e+01,2.300150e+01,3.214639e+01,2.013308e+01,1.607320e+01,6.429278e+01,differential_rate_regime,"flatters_SB | -20.61% vs PDG Leg A (~1 muon cm^-2 min^-1 x A_top = 1.7204 Hz) | BRACKETING DISCLOSURE: PDG Leg B (I_v ~ 70 m^-2 s^-1 sr^-1 with cos^2 theta -> 1.1350 Hz) puts the same adopted 1.3659 Hz at +20.34%, i.e. penalizes_SB; the two PDG statements BRACKET the adopted rate from opposite sides, so the ~20% MAGNITUDE is solid and the SIGN is anchor-leg dependent | underlying limit: 30-35% inter-experiment Gaisser-Guan normalization spread, which no in-repo artifact can narrow","neutral | +0.00% vs the LABChico measured survey, which IS the adopted normalization | factor-2 site-dependent band x0.5 .. x2 (the low edge is the flattering one and is not used) | weakest anchor: the U-chain flux rests on an assumed Phi_U = Phi_Th chain balance, not a measured line intensity"
6.683439176e-04,1.638581e+01,1.250071e+01,1.065078e+01,2.212084e+01,1.699617e+01,1.210593e+01,8.498085e+00,3.399234e+01,differential_rate_regime,"flatters_SB | -20.61% vs PDG Leg A (~1 muon cm^-2 min^-1 x A_top = 1.7204 Hz) | BRACKETING DISCLOSURE: PDG Leg B (I_v ~ 70 m^-2 s^-1 sr^-1 with cos^2 theta -> 1.1350 Hz) puts the same adopted 1.3659 Hz at +20.34%, i.e. penalizes_SB; the two PDG statements BRACKET the adopted rate from opposite sides, so the ~20% MAGNITUDE is solid and the SIGN is anchor-leg dependent | underlying limit: 30-35% inter-experiment Gaisser-Guan normalization spread, which no in-repo artifact can narrow","neutral | +0.00% vs the LABChico measured survey, which IS the adopted normalization | factor-2 site-dependent band x0.5 .. x2 (the low edge is the flattering one and is not used) | weakest anchor: the U-chain flux rests on an assumed Phi_U = Phi_Th chain balance, not a measured line intensity"
7.498942093e-04,1.922915e+01,1.624039e+01,1.249894e+01,2.595935e+01,1.114703e+01,9.194407e+00,5.573513e+00,2.229405e+01,differential_rate_regime,"flatters_SB | -20.61% vs PDG Leg A (~1 muon cm^-2 min^-1 x A_top = 1.7204 Hz) | BRACKETING DISCLOSURE: PDG Leg B (I_v ~ 70 m^-2 s^-1 sr^-1 with cos^2 theta -> 1.1350 Hz) puts the same adopted 1.3659 Hz at +20.34%, i.e. penalizes_SB; the two PDG statements BRACKET the adopted rate from opposite sides, so the ~20% MAGNITUDE is solid and the SIGN is anchor-leg dependent | underlying limit: 30-35% inter-experiment Gaisser-Guan normalization spread, which no in-repo artifact can narrow","neutral | +0.00% vs the LABChico measured survey, which IS the adopted normalization | factor-2 site-dependent band x0.5 .. x2 (the low edge is the flattering one and is not used) | weakest anchor: the U-chain flux rests on an assumed Phi_U = Phi_Th chain balance, not a measured line intensity"
8.413951416e-04,2.325149e+01,2.073507e+01,1.511347e+01,3.138951e+01,1.218331e+01,1.089104e+01,6.091656e+00,2.436662e+01,differential_rate_regime,"flatters_SB | -20.61% vs PDG Leg A (~1 muon cm^-2 min^-1 x A_top = 1.7204 Hz) | BRACKETING DISCLOSURE: PDG Leg B (I_v ~ 70 m^-2 s^-1 sr^-1 with cos^2 theta -> 1.1350 Hz) puts the same adopted 1.3659 Hz at +20.34%, i.e. penalizes_SB; the two PDG statements BRACKET the adopted rate from opposite sides, so the ~20% MAGNITUDE is solid and the SIGN is anchor-leg dependent | underlying limit: 30-35% inter-experiment Gaisser-Guan normalization spread, which no in-repo artifact can narrow","neutral | +0.00% vs the LABChico measured survey, which IS the adopted normalization | factor-2 site-dependent band x0.5 .. x2 (the low edge is the flattering one and is not used) | weakest anchor: the U-chain flux rests on an assumed Phi_U = Phi_Th chain balance, not a measured line intensity"
9.440608763e-04,2.163304e+01,1.998295e+01,1.406147e+01,2.920460e+01,1.756391e+01,1.640718e+01,8.781953e+00,3.512781e+01,differential_rate_regime,"flatters_SB | -20.61% vs PDG Leg A (~1 muon cm^-2 min^-1 x A_top = 1.7204 Hz) | BRACKETING DISCLOSURE: PDG Leg B (I_v ~ 70 m^-2 s^-1 sr^-1 with cos^2 theta -> 1.1350 Hz) puts the same adopted 1.3659 Hz at +20.34%, i.e. penalizes_SB; the two PDG statements BRACKET the adopted rate from opposite sides, so the ~20% MAGNITUDE is solid and the SIGN is anchor-leg dependent | underlying limit: 30-35% inter-experiment Gaisser-Guan normalization spread, which no in-repo artifact can narrow","neutral | +0.00% vs the LABChico measured survey, which IS the adopted normalization | factor-2 site-dependent band x0.5 .. x2 (the low edge is the flattering one and is not used) | weakest anchor: the U-chain flux rests on an assumed Phi_U = Phi_Th chain balance, not a measured line intensity"
1.059253725e-03,2.507551e+01,2.404534e+01,1.629908e+01,3.385194e+01,2.539581e+01,2.427201e+01,1.269790e+01,5.079161e+01,differential_rate_regime,"flatters_SB | -20.61% vs PDG Leg A (~1 muon cm^-2 min^-1 x A_top = 1.7204 Hz) | BRACKETING DISCLOSURE: PDG Leg B (I_v ~ 70 m^-2 s^-1 sr^-1 with cos^2 theta -> 1.1350 Hz) puts the same adopted 1.3659 Hz at +20.34%, i.e. penalizes_SB; the two PDG statements BRACKET the adopted rate from opposite sides, so the ~20% MAGNITUDE is solid and the SIGN is anchor-leg dependent | underlying limit: 30-35% inter-experiment Gaisser-Guan normalization spread, which no in-repo artifact can narrow","neutral | +0.00% vs the LABChico measured survey, which IS the adopted normalization | factor-2 site-dependent band x0.5 .. x2 (the low edge is the flattering one and is not used) | weakest anchor: the U-chain flux rests on an assumed Phi_U = Phi_Th chain balance, not a measured line intensity"
1.188502227e-03,5.116514e+01,4.980897e+01,3.325734e+01,6.907295e+01,3.586896e+01,3.490084e+01,1.793448e+01,7.173792e+01,differential_rate_regime,"flatters_SB | -20.61% vs PDG Leg A (~1 muon cm^-2 min^-1 x A_top = 1.7204 Hz) | BRACKETING DISCLOSURE: PDG Leg B (I_v ~ 70 m^-2 s^-1 sr^-1 with cos^2 theta -> 1.1350 Hz) puts the same adopted 1.3659 Hz at +20.34%, i.e. penalizes_SB; the two PDG statements BRACKET the adopted rate from opposite sides, so the ~20% MAGNITUDE is solid and the SIGN is anchor-leg dependent | underlying limit: 30-35% inter-experiment Gaisser-Guan normalization spread, which no in-repo artifact can narrow","neutral | +0.00% vs the LABChico measured survey, which IS the adopted normalization | factor-2 site-dependent band x0.5 .. x2 (the low edge is the flattering one and is not used) | weakest anchor: the U-chain flux rests on an assumed Phi_U = Phi_Th chain balance, not a measured line intensity"
1.333521432e-03,9.744764e+01,9.588217e+01,6.334097e+01,1.315543e+02,5.447837e+01,5.348320e+01,2.723918e+01,1.089567e+02,differential_rate_regime,"flatters_SB | -20.61% vs PDG Leg A (~1 muon cm^-2 min^-1 x A_top = 1.7204 Hz) | BRACKETING DISCLOSURE: PDG Leg B (I_v ~ 70 m^-2 s^-1 sr^-1 with cos^2 theta -> 1.1350 Hz) puts the same adopted 1.3659 Hz at +20.34%, i.e. penalizes_SB; the two PDG statements BRACKET the adopted rate from opposite sides, so the ~20% MAGNITUDE is solid and the SIGN is anchor-leg dependent | underlying limit: 30-35% inter-experiment Gaisser-Guan normalization spread, which no in-repo artifact can narrow","neutral | +0.00% vs the LABChico measured survey, which IS the adopted normalization | factor-2 site-dependent band x0.5 .. x2 (the low edge is the flattering one and is not used) | weakest anchor: the U-chain flux rests on an assumed Phi_U = Phi_Th chain balance, not a measured line intensity"
1.496235656e-03,2.604274e+02,2.577342e+02,1.692778e+02,3.515769e+02,5.013094e+01,4.949975e+01,2.506547e+01,1.002619e+02,differential_rate_regime,"flatters_SB | -20.61% vs PDG Leg A (~1 muon cm^-2 min^-1 x A_top = 1.7204 Hz) | BRACKETING DISCLOSURE: PDG Leg B (I_v ~ 70 m^-2 s^-1 sr^-1 with cos^2 theta -> 1.1350 Hz) puts the same adopted 1.3659 Hz at +20.34%, i.e. penalizes_SB; the two PDG statements BRACKET the adopted rate from opposite sides, so the ~20% MAGNITUDE is solid and the SIGN is anchor-leg dependent | underlying limit: 30-35% inter-experiment Gaisser-Guan normalization spread, which no in-repo artifact can narrow","neutral | +0.00% vs the LABChico measured survey, which IS the adopted normalization | factor-2 site-dependent band x0.5 .. x2 (the low edge is the flattering one and is not used) | weakest anchor: the U-chain flux rests on an assumed Phi_U = Phi_Th chain balance, not a measured line intensity"
1.678804018e-03,3.541328e+02,3.513022e+02,2.301863e+02,4.780792e+02,4.039981e+01,4.007345e+01,2.019991e+01,8.079963e+01,differential_rate_regime,"flatters_SB | -20.61% vs PDG Leg A (~1 muon cm^-2 min^-1 x A_top = 1.7204 Hz) | BRACKETING DISCLOSURE: PDG Leg B (I_v ~ 70 m^-2 s^-1 sr^-1 with cos^2 theta -> 1.1350 Hz) puts the same adopted 1.3659 Hz at +20.34%, i.e. penalizes_SB; the two PDG statements BRACKET the adopted rate from opposite sides, so the ~20% MAGNITUDE is solid and the SIGN is anchor-leg dependent | underlying limit: 30-35% inter-experiment Gaisser-Guan normalization spread, which no in-repo artifact can narrow","neutral | +0.00% vs the LABChico measured survey, which IS the adopted normalization | factor-2 site-dependent band x0.5 .. x2 (the low edge is the flattering one and is not used) | weakest anchor: the U-chain flux rests on an assumed Phi_U = Phi_Th chain balance, not a measured line intensity"
1.883649089e-03,1.155898e+02,1.148861e+02,7.513339e+01,1.560463e+02,3.417279e+01,3.400831e+01,1.708639e+01,6.834558e+01,differential_rate_regime,"flatters_SB | -20.61% vs PDG Leg A (~1 muon cm^-2 min^-1 x A_top = 1.7204 Hz) | BRACKETING DISCLOSURE: PDG Leg B (I_v ~ 70 m^-2 s^-1 sr^-1 with cos^2 theta -> 1.1350 Hz) puts the same adopted 1.3659 Hz at +20.34%, i.e. penalizes_SB; the two PDG statements BRACKET the adopted rate from opposite sides, so the ~20% MAGNITUDE is solid and the SIGN is anchor-leg dependent | underlying limit: 30-35% inter-experiment Gaisser-Guan normalization spread, which no in-repo artifact can narrow","neutral | +0.00% vs the LABChico measured survey, which IS the adopted normalization | factor-2 site-dependent band x0.5 .. x2 (the low edge is the flattering one and is not used) | weakest anchor: the U-chain flux rests on an assumed Phi_U = Phi_Th chain balance, not a measured line intensity"
2.113489040e-03,5.324954e+01,5.310526e+01,3.461220e+01,7.188688e+01,3.846384e+01,3.835285e+01,1.923192e+01,7.692768e+01,differential_rate_regime,"flatters_SB | -20.61% vs PDG Leg A (~1 muon cm^-2 min^-1 x A_top = 1.7204 Hz) | BRACKETING DISCLOSURE: PDG Leg B (I_v ~ 70 m^-2 s^-1 sr^-1 with cos^2 theta -> 1.1350 Hz) puts the same adopted 1.3659 Hz at +20.34%, i.e. penalizes_SB; the two PDG statements BRACKET the adopted rate from opposite sides, so the ~20% MAGNITUDE is solid and the SIGN is anchor-leg dependent | underlying limit: 30-35% inter-experiment Gaisser-Guan normalization spread, which no in-repo artifact can narrow","neutral | +0.00% vs the LABChico measured survey, which IS the adopted normalization | factor-2 site-dependent band x0.5 .. x2 (the low edge is the flattering one and is not used) | weakest anchor: the U-chain flux rests on an assumed Phi_U = Phi_Th chain balance, not a measured line intensity"
2.371373706e-03,8.637482e+01,8.620943e+01,5.614363e+01,1.166060e+02,5.526519e+01,5.516621e+01,2.763259e+01,1.105304e+02,differential_rate_regime,"flatters_SB | -20.61% vs PDG Leg A (~1 muon cm^-2 min^-1 x A_top = 1.7204 Hz) | BRACKETING DISCLOSURE: PDG Leg B (I_v ~ 70 m^-2 s^-1 sr^-1 with cos^2 theta -> 1.1350 Hz) puts the same adopted 1.3659 Hz at +20.34%, i.e. penalizes_SB; the two PDG statements BRACKET the adopted rate from opposite sides, so the ~20% MAGNITUDE is solid and the SIGN is anchor-leg dependent | underlying limit: 30-35% inter-experiment Gaisser-Guan normalization spread, which no in-repo artifact can narrow","neutral | +0.00% vs the LABChico measured survey, which IS the adopted normalization | factor-2 site-dependent band x0.5 .. x2 (the low edge is the flattering one and is not used) | weakest anchor: the U-chain flux rests on an assumed Phi_U = Phi_Th chain balance, not a measured line intensity"
2.660725060e-03,7.520072e+01,7.511075e+01,4.888047e+01,1.015210e+02,8.306609e+01,8.297154e+01,4.153305e+01,1.661322e+02,differential_rate_regime,"flatters_SB | -20.61% vs PDG Leg A (~1 muon cm^-2 min^-1 x A_top = 1.7204 Hz) | BRACKETING DISCLOSURE: PDG Leg B (I_v ~ 70 m^-2 s^-1 sr^-1 with cos^2 theta -> 1.1350 Hz) puts the same adopted 1.3659 Hz at +20.34%, i.e. penalizes_SB; the two PDG statements BRACKET the adopted rate from opposite sides, so the ~20% MAGNITUDE is solid and the SIGN is anchor-leg dependent | underlying limit: 30-35% inter-experiment Gaisser-Guan normalization spread, which no in-repo artifact can narrow","neutral | +0.00% vs the LABChico measured survey, which IS the adopted normalization | factor-2 site-dependent band x0.5 .. x2 (the low edge is the flattering one and is not used) | weakest anchor: the U-chain flux rests on an assumed Phi_U = Phi_Th chain balance, not a measured line intensity"
2.985382619e-03,2.960233e+01,2.957615e+01,1.924152e+01,3.996315e+01,7.047696e+01,7.042356e+01,3.523848e+01,1.409539e+02,differential_rate_regime,"flatters_SB | -20.61% vs PDG Leg A (~1 muon cm^-2 min^-1 x A_top = 1.7204 Hz) | BRACKETING DISCLOSURE: PDG Leg B (I_v ~ 70 m^-2 s^-1 sr^-1 with cos^2 theta -> 1.1350 Hz) puts the same adopted 1.3659 Hz at +20.34%, i.e. penalizes_SB; the two PDG statements BRACKET the adopted rate from opposite sides, so the ~20% MAGNITUDE is solid and the SIGN is anchor-leg dependent | underlying limit: 30-35% inter-experiment Gaisser-Guan normalization spread, which no in-repo artifact can narrow","neutral | +0.00% vs the LABChico measured survey, which IS the adopted normalization | factor-2 site-dependent band x0.5 .. x2 (the low edge is the flattering one and is not used) | weakest anchor: the U-chain flux rests on an assumed Phi_U = Phi_Th chain balance, not a measured line intensity"
3.349654392e-03,3.385381e+01,3.384008e+01,2.200497e+01,4.570264e+01,8.143116e+01,8.139547e+01,4.071558e+01,1.628623e+02,differential_rate_regime,"flatters_SB | -20.61% vs PDG Leg A (~1 muon cm^-2 min^-1 x A_top = 1.7204 Hz) | BRACKETING DISCLOSURE: PDG Leg B (I_v ~ 70 m^-2 s^-1 sr^-1 with cos^2 theta -> 1.1350 Hz) puts the same adopted 1.3659 Hz at +20.34%, i.e. penalizes_SB; the two PDG statements BRACKET the adopted rate from opposite sides, so the ~20% MAGNITUDE is solid and the SIGN is anchor-leg dependent | underlying limit: 30-35% inter-experiment Gaisser-Guan normalization spread, which no in-repo artifact can narrow","neutral | +0.00% vs the LABChico measured survey, which IS the adopted normalization | factor-2 site-dependent band x0.5 .. x2 (the low edge is the flattering one and is not used) | weakest anchor: the U-chain flux rests on an assumed Phi_U = Phi_Th chain balance, not a measured line intensity"
3.758374043e-03,3.887788e+01,3.886661e+01,2.527062e+01,5.248514e+01,1.012049e+02,1.011761e+02,5.060246e+01,2.024099e+02,differential_rate_regime,"flatters_SB | -20.61% vs PDG Leg A (~1 muon cm^-2 min^-1 x A_top = 1.7204 Hz) | BRACKETING DISCLOSURE: PDG Leg B (I_v ~ 70 m^-2 s^-1 sr^-1 with cos^2 theta -> 1.1350 Hz) puts the same adopted 1.3659 Hz at +20.34%, i.e. penalizes_SB; the two PDG statements BRACKET the adopted rate from opposite sides, so the ~20% MAGNITUDE is solid and the SIGN is anchor-leg dependent | underlying limit: 30-35% inter-experiment Gaisser-Guan normalization spread, which no in-repo artifact can narrow","neutral | +0.00% vs the LABChico measured survey, which IS the adopted normalization | factor-2 site-dependent band x0.5 .. x2 (the low edge is the flattering one and is not used) | weakest anchor: the U-chain flux rests on an assumed Phi_U = Phi_Th chain balance, not a measured line intensity"
4.216965034e-03,6.131140e+01,6.130037e+01,3.985241e+01,8.277039e+01,8.778173e+01,8.776577e+01,4.389087e+01,1.755635e+02,differential_rate_regime,"flatters_SB | -20.61% vs PDG Leg A (~1 muon cm^-2 min^-1 x A_top = 1.7204 Hz) | BRACKETING DISCLOSURE: PDG Leg B (I_v ~ 70 m^-2 s^-1 sr^-1 with cos^2 theta -> 1.1350 Hz) puts the same adopted 1.3659 Hz at +20.34%, i.e. penalizes_SB; the two PDG statements BRACKET the adopted rate from opposite sides, so the ~20% MAGNITUDE is solid and the SIGN is anchor-leg dependent | underlying limit: 30-35% inter-experiment Gaisser-Guan normalization spread, which no in-repo artifact can narrow","neutral | +0.00% vs the LABChico measured survey, which IS the adopted normalization | factor-2 site-dependent band x0.5 .. x2 (the low edge is the flattering one and is not used) | weakest anchor: the U-chain flux rests on an assumed Phi_U = Phi_Th chain balance, not a measured line intensity"
4.731512590e-03,3.536071e+01,3.535678e+01,2.298446e+01,4.773696e+01,9.145584e+01,9.144597e+01,4.572792e+01,1.829117e+02,differential_rate_regime,"flatters_SB | -20.61% vs PDG Leg A (~1 muon cm^-2 min^-1 x A_top = 1.7204 Hz) | BRACKETING DISCLOSURE: PDG Leg B (I_v ~ 70 m^-2 s^-1 sr^-1 with cos^2 theta -> 1.1350 Hz) puts the same adopted 1.3659 Hz at +20.34%, i.e. penalizes_SB; the two PDG statements BRACKET the adopted rate from opposite sides, so the ~20% MAGNITUDE is solid and the SIGN is anchor-leg dependent | underlying limit: 30-35% inter-experiment Gaisser-Guan normalization spread, which no in-repo artifact can narrow","neutral | +0.00% vs the LABChico measured survey, which IS the adopted normalization | factor-2 site-dependent band x0.5 .. x2 (the low edge is the flattering one and is not used) | weakest anchor: the U-chain flux rests on an assumed Phi_U = Phi_Th chain balance, not a measured line intensity"
5.308844442e-03,2.878126e+01,2.877929e+01,1.870782e+01,3.885470e+01,1.020824e+02,1.020754e+02,5.104122e+01,2.041649e+02,differential_rate_regime,"flatters_SB | -20.61% vs PDG Leg A (~1 muon cm^-2 min^-1 x A_top = 1.7204 Hz) | BRACKETING DISCLOSURE: PDG Leg B (I_v ~ 70 m^-2 s^-1 sr^-1 with cos^2 theta -> 1.1350 Hz) puts the same adopted 1.3659 Hz at +20.34%, i.e. penalizes_SB; the two PDG statements BRACKET the adopted rate from opposite sides, so the ~20% MAGNITUDE is solid and the SIGN is anchor-leg dependent | underlying limit: 30-35% inter-experiment Gaisser-Guan normalization spread, which no in-repo artifact can narrow","neutral | +0.00% vs the LABChico measured survey, which IS the adopted normalization | factor-2 site-dependent band x0.5 .. x2 (the low edge is the flattering one and is not used) | weakest anchor: the U-chain flux rests on an assumed Phi_U = Phi_Th chain balance, not a measured line intensity"
5.956621435e-03,5.438755e+01,5.438538e+01,3.535191e+01,7.342319e+01,1.146063e+02,1.146015e+02,5.730314e+01,2.292126e+02,differential_rate_regime,"flatters_SB | -20.61% vs PDG Leg A (~1 muon cm^-2 min^-1 x A_top = 1.7204 Hz) | BRACKETING DISCLOSURE: PDG Leg B (I_v ~ 70 m^-2 s^-1 sr^-1 with cos^2 theta -> 1.1350 Hz) puts the same adopted 1.3659 Hz at +20.34%, i.e. penalizes_SB; the two PDG statements BRACKET the adopted rate from opposite sides, so the ~20% MAGNITUDE is solid and the SIGN is anchor-leg dependent | underlying limit: 30-35% inter-experiment Gaisser-Guan normalization spread, which no in-repo artifact can narrow","neutral | +0.00% vs the LABChico measured survey, which IS the adopted normalization | factor-2 site-dependent band x0.5 .. x2 (the low edge is the flattering one and is not used) | weakest anchor: the U-chain flux rests on an assumed Phi_U = Phi_Th chain balance, not a measured line intensity"
6.683439176e-03,1.242410e+02,1.242378e+02,8.075665e+01,1.677253e+02,1.380895e+02,1.380859e+02,6.904476e+01,2.761790e+02,differential_rate_regime,"flatters_SB | -20.61% vs PDG Leg A (~1 muon cm^-2 min^-1 x A_top = 1.7204 Hz) | BRACKETING DISCLOSURE: PDG Leg B (I_v ~ 70 m^-2 s^-1 sr^-1 with cos^2 theta -> 1.1350 Hz) puts the same adopted 1.3659 Hz at +20.34%, i.e. penalizes_SB; the two PDG statements BRACKET the adopted rate from opposite sides, so the ~20% MAGNITUDE is solid and the SIGN is anchor-leg dependent | underlying limit: 30-35% inter-experiment Gaisser-Guan normalization spread, which no in-repo artifact can narrow","neutral | +0.00% vs the LABChico measured survey, which IS the adopted normalization | factor-2 site-dependent band x0.5 .. x2 (the low edge is the flattering one and is not used) | weakest anchor: the U-chain flux rests on an assumed Phi_U = Phi_Th chain balance, not a measured line intensity"
7.498942093e-03,1.178246e+02,1.178227e+02,7.658600e+01,1.590632e+02,1.355621e+02,1.355599e+02,6.778107e+01,2.711243e+02,differential_rate_regime,"flatters_SB | -20.61% vs PDG Leg A (~1 muon cm^-2 min^-1 x A_top = 1.7204 Hz) | BRACKETING DISCLOSURE: PDG Leg B (I_v ~ 70 m^-2 s^-1 sr^-1 with cos^2 theta -> 1.1350 Hz) puts the same adopted 1.3659 Hz at +20.34%, i.e. penalizes_SB; the two PDG statements BRACKET the adopted rate from opposite sides, so the ~20% MAGNITUDE is solid and the SIGN is anchor-leg dependent | underlying limit: 30-35% inter-experiment Gaisser-Guan normalization spread, which no in-repo artifact can narrow","neutral | +0.00% vs the LABChico measured survey, which IS the adopted normalization | factor-2 site-dependent band x0.5 .. x2 (the low edge is the flattering one and is not used) | weakest anchor: the U-chain flux rests on an assumed Phi_U = Phi_Th chain balance, not a measured line intensity"
8.413951416e-03,3.731192e+01,3.731152e+01,2.425275e+01,5.037109e+01,1.390049e+02,1.390035e+02,6.950247e+01,2.780099e+02,differential_rate_regime,"flatters_SB | -20.61% vs PDG Leg A (~1 muon cm^-2 min^-1 x A_top = 1.7204 Hz) | BRACKETING DISCLOSURE: PDG Leg B (I_v ~ 70 m^-2 s^-1 sr^-1 with cos^2 theta -> 1.1350 Hz) puts the same adopted 1.3659 Hz at +20.34%, i.e. penalizes_SB; the two PDG statements BRACKET the adopted rate from opposite sides, so the ~20% MAGNITUDE is solid and the SIGN is anchor-leg dependent | underlying limit: 30-35% inter-experiment Gaisser-Guan normalization spread, which no in-repo artifact can narrow","neutral | +0.00% vs the LABChico measured survey, which IS the adopted normalization | factor-2 site-dependent band x0.5 .. x2 (the low edge is the flattering one and is not used) | weakest anchor: the U-chain flux rests on an assumed Phi_U = Phi_Th chain balance, not a measured line intensity"
9.440608763e-03,3.894204e+01,3.894180e+01,2.531233e+01,5.257176e+01,1.385244e+02,1.385235e+02,6.926219e+01,2.770488e+02,differential_rate_regime,"flatters_SB | -20.61% vs PDG Leg A (~1 muon cm^-2 min^-1 x A_top = 1.7204 Hz) | BRACKETING DISCLOSURE: PDG Leg B (I_v ~ 70 m^-2 s^-1 sr^-1 with cos^2 theta -> 1.1350 Hz) puts the same adopted 1.3659 Hz at +20.34%, i.e. penalizes_SB; the two PDG statements BRACKET the adopted rate from opposite sides, so the ~20% MAGNITUDE is solid and the SIGN is anchor-leg dependent | underlying limit: 30-35% inter-experiment Gaisser-Guan normalization spread, which no in-repo artifact can narrow","neutral | +0.00% vs the LABChico measured survey, which IS the adopted normalization | factor-2 site-dependent band x0.5 .. x2 (the low edge is the flattering one and is not used) | weakest anchor: the U-chain flux rests on an assumed Phi_U = Phi_Th chain balance, not a measured line intensity"
1.059253725e-02,7.433848e+01,7.433821e+01,4.832001e+01,1.003569e+02,1.434589e+02,1.434584e+02,7.172947e+01,2.869179e+02,differential_rate_regime,"flatters_SB | -20.61% vs PDG Leg A (~1 muon cm^-2 min^-1 x A_top = 1.7204 Hz) | BRACKETING DISCLOSURE: PDG Leg B (I_v ~ 70 m^-2 s^-1 sr^-1 with cos^2 theta -> 1.1350 Hz) puts the same adopted 1.3659 Hz at +20.34%, i.e. penalizes_SB; the two PDG statements BRACKET the adopted rate from opposite sides, so the ~20% MAGNITUDE is solid and the SIGN is anchor-leg dependent | underlying limit: 30-35% inter-experiment Gaisser-Guan normalization spread, which no in-repo artifact can narrow","neutral | +0.00% vs the LABChico measured survey, which IS the adopted normalization | factor-2 site-dependent band x0.5 .. x2 (the low edge is the flattering one and is not used) | weakest anchor: the U-chain flux rests on an assumed Phi_U = Phi_Th chain balance, not a measured line intensity"
1.188502227e-02,3.532517e+01,3.532509e+01,2.296136e+01,4.768898e+01,1.471310e+02,1.471307e+02,7.356552e+01,2.942621e+02,differential_rate_regime,"flatters_SB | -20.61% vs PDG Leg A (~1 muon cm^-2 min^-1 x A_top = 1.7204 Hz) | BRACKETING DISCLOSURE: PDG Leg B (I_v ~ 70 m^-2 s^-1 sr^-1 with cos^2 theta -> 1.1350 Hz) puts the same adopted 1.3659 Hz at +20.34%, i.e. penalizes_SB; the two PDG statements BRACKET the adopted rate from opposite sides, so the ~20% MAGNITUDE is solid and the SIGN is anchor-leg dependent | underlying limit: 30-35% inter-experiment Gaisser-Guan normalization spread, which no in-repo artifact can narrow","neutral | +0.00% vs the LABChico measured survey, which IS the adopted normalization | factor-2 site-dependent band x0.5 .. x2 (the low edge is the flattering one and is not used) | weakest anchor: the U-chain flux rests on an assumed Phi_U = Phi_Th chain balance, not a measured line intensity"
1.333521432e-02,3.901089e+01,3.901084e+01,2.535708e+01,5.266471e+01,1.686935e+02,1.686933e+02,8.434676e+01,3.373870e+02,differential_rate_regime,"flatters_SB | -20.61% vs PDG Leg A (~1 muon cm^-2 min^-1 x A_top = 1.7204 Hz) | BRACKETING DISCLOSURE: PDG Leg B (I_v ~ 70 m^-2 s^-1 sr^-1 with cos^2 theta -> 1.1350 Hz) puts the same adopted 1.3659 Hz at +20.34%, i.e. penalizes_SB; the two PDG statements BRACKET the adopted rate from opposite sides, so the ~20% MAGNITUDE is solid and the SIGN is anchor-leg dependent | underlying limit: 30-35% inter-experiment Gaisser-Guan normalization spread, which no in-repo artifact can narrow","neutral | +0.00% vs the LABChico measured survey, which IS the adopted normalization | factor-2 site-dependent band x0.5 .. x2 (the low edge is the flattering one and is not used) | weakest anchor: the U-chain flux rests on an assumed Phi_U = Phi_Th chain balance, not a measured line intensity"
1.496235656e-02,6.238375e+01,6.238370e+01,4.054944e+01,8.421806e+01,2.066399e+02,2.066397e+02,1.033200e+02,4.132798e+02,differential_rate_regime,"flatters_SB | -20.61% vs PDG Leg A (~1 muon cm^-2 min^-1 x A_top = 1.7204 Hz) | BRACKETING DISCLOSURE: PDG Leg B (I_v ~ 70 m^-2 s^-1 sr^-1 with cos^2 theta -> 1.1350 Hz) puts the same adopted 1.3659 Hz at +20.34%, i.e. penalizes_SB; the two PDG statements BRACKET the adopted rate from opposite sides, so the ~20% MAGNITUDE is solid and the SIGN is anchor-leg dependent | underlying limit: 30-35% inter-experiment Gaisser-Guan normalization spread, which no in-repo artifact can narrow","neutral | +0.00% vs the LABChico measured survey, which IS the adopted normalization | factor-2 site-dependent band x0.5 .. x2 (the low edge is the flattering one and is not used) | weakest anchor: the U-chain flux rests on an assumed Phi_U = Phi_Th chain balance, not a measured line intensity"
1.678804018e-02,5.845322e+01,5.845318e+01,3.799459e+01,7.891184e+01,2.242290e+02,2.242289e+02,1.121145e+02,4.484580e+02,differential_rate_regime,"flatters_SB | -20.61% vs PDG Leg A (~1 muon cm^-2 min^-1 x A_top = 1.7204 Hz) | BRACKETING DISCLOSURE: PDG Leg B (I_v ~ 70 m^-2 s^-1 sr^-1 with cos^2 theta -> 1.1350 Hz) puts the same adopted 1.3659 Hz at +20.34%, i.e. penalizes_SB; the two PDG statements BRACKET the adopted rate from opposite sides, so the ~20% MAGNITUDE is solid and the SIGN is anchor-leg dependent | underlying limit: 30-35% inter-experiment Gaisser-Guan normalization spread, which no in-repo artifact can narrow","neutral | +0.00% vs the LABChico measured survey, which IS the adopted normalization | factor-2 site-dependent band x0.5 .. x2 (the low edge is the flattering one and is not used) | weakest anchor: the U-chain flux rests on an assumed Phi_U = Phi_Th chain balance, not a measured line intensity"
1.883649089e-02,1.352591e+02,1.352590e+02,8.791839e+01,1.825997e+02,2.187070e+02,2.187070e+02,1.093535e+02,4.374141e+02,differential_rate_regime,"flatters_SB | -20.61% vs PDG Leg A (~1 muon cm^-2 min^-1 x A_top = 1.7204 Hz) | BRACKETING DISCLOSURE: PDG Leg B (I_v ~ 70 m^-2 s^-1 sr^-1 with cos^2 theta -> 1.1350 Hz) puts the same adopted 1.3659 Hz at +20.34%, i.e. penalizes_SB; the two PDG statements BRACKET the adopted rate from opposite sides, so the ~20% MAGNITUDE is solid and the SIGN is anchor-leg dependent | underlying limit: 30-35% inter-experiment Gaisser-Guan normalization spread, which no in-repo artifact can narrow","neutral | +0.00% vs the LABChico measured survey, which IS the adopted normalization | factor-2 site-dependent band x0.5 .. x2 (the low edge is the flattering one and is not used) | weakest anchor: the U-chain flux rests on an assumed Phi_U = Phi_Th chain balance, not a measured line intensity"
2.113489040e-02,6.310480e+01,6.310479e+01,4.101812e+01,8.519148e+01,2.545999e+02,2.545998e+02,1.272999e+02,5.091998e+02,differential_rate_regime,"flatters_SB | -20.61% vs PDG Leg A (~1 muon cm^-2 min^-1 x A_top = 1.7204 Hz) | BRACKETING DISCLOSURE: PDG Leg B (I_v ~ 70 m^-2 s^-1 sr^-1 with cos^2 theta -> 1.1350 Hz) puts the same adopted 1.3659 Hz at +20.34%, i.e. penalizes_SB; the two PDG statements BRACKET the adopted rate from opposite sides, so the ~20% MAGNITUDE is solid and the SIGN is anchor-leg dependent | underlying limit: 30-35% inter-experiment Gaisser-Guan normalization spread, which no in-repo artifact can narrow","neutral | +0.00% vs the LABChico measured survey, which IS the adopted normalization | factor-2 site-dependent band x0.5 .. x2 (the low edge is the flattering one and is not used) | weakest anchor: the U-chain flux rests on an assumed Phi_U = Phi_Th chain balance, not a measured line intensity"
2.371373706e-02,6.874016e+01,6.874015e+01,4.468110e+01,9.279922e+01,2.578827e+02,2.578827e+02,1.289414e+02,5.157654e+02,differential_rate_regime,"flatters_SB | -20.61% vs PDG Leg A (~1 muon cm^-2 min^-1 x A_top = 1.7204 Hz) | BRACKETING DISCLOSURE: PDG Leg B (I_v ~ 70 m^-2 s^-1 sr^-1 with cos^2 theta -> 1.1350 Hz) puts the same adopted 1.3659 Hz at +20.34%, i.e. penalizes_SB; the two PDG statements BRACKET the adopted rate from opposite sides, so the ~20% MAGNITUDE is solid and the SIGN is anchor-leg dependent | underlying limit: 30-35% inter-experiment Gaisser-Guan normalization spread, which no in-repo artifact can narrow","neutral | +0.00% vs the LABChico measured survey, which IS the adopted normalization | factor-2 site-dependent band x0.5 .. x2 (the low edge is the flattering one and is not used) | weakest anchor: the U-chain flux rests on an assumed Phi_U = Phi_Th chain balance, not a measured line intensity"
2.660725060e-02,1.129856e+02,1.129856e+02,7.344067e+01,1.525306e+02,2.745381e+02,2.745381e+02,1.372691e+02,5.490763e+02,differential_rate_regime,"flatters_SB | -20.61% vs PDG Leg A (~1 muon cm^-2 min^-1 x A_top = 1.7204 Hz) | BRACKETING DISCLOSURE: PDG Leg B (I_v ~ 70 m^-2 s^-1 sr^-1 with cos^2 theta -> 1.1350 Hz) puts the same adopted 1.3659 Hz at +20.34%, i.e. penalizes_SB; the two PDG statements BRACKET the adopted rate from opposite sides, so the ~20% MAGNITUDE is solid and the SIGN is anchor-leg dependent | underlying limit: 30-35% inter-experiment Gaisser-Guan normalization spread, which no in-repo artifact can narrow","neutral | +0.00% vs the LABChico measured survey, which IS the adopted normalization | factor-2 site-dependent band x0.5 .. x2 (the low edge is the flattering one and is not used) | weakest anchor: the U-chain flux rests on an assumed Phi_U = Phi_Th chain balance, not a measured line intensity"
2.985382619e-02,9.818455e+01,9.818454e+01,6.381996e+01,1.325491e+02,3.029520e+02,3.029520e+02,1.514760e+02,6.059040e+02,differential_rate_regime,"flatters_SB | -20.61% vs PDG Leg A (~1 muon cm^-2 min^-1 x A_top = 1.7204 Hz) | BRACKETING DISCLOSURE: PDG Leg B (I_v ~ 70 m^-2 s^-1 sr^-1 with cos^2 theta -> 1.1350 Hz) puts the same adopted 1.3659 Hz at +20.34%, i.e. penalizes_SB; the two PDG statements BRACKET the adopted rate from opposite sides, so the ~20% MAGNITUDE is solid and the SIGN is anchor-leg dependent | underlying limit: 30-35% inter-experiment Gaisser-Guan normalization spread, which no in-repo artifact can narrow","neutral | +0.00% vs the LABChico measured survey, which IS the adopted normalization | factor-2 site-dependent band x0.5 .. x2 (the low edge is the flattering one and is not used) | weakest anchor: the U-chain flux rests on an assumed Phi_U = Phi_Th chain balance, not a measured line intensity"
3.349654392e-02,7.608103e+01,7.608103e+01,4.945267e+01,1.027094e+02,2.953932e+02,2.953932e+02,1.476966e+02,5.907864e+02,differential_rate_regime,"flatters_SB | -20.61% vs PDG Leg A (~1 muon cm^-2 min^-1 x A_top = 1.7204 Hz) | BRACKETING DISCLOSURE: PDG Leg B (I_v ~ 70 m^-2 s^-1 sr^-1 with cos^2 theta -> 1.1350 Hz) puts the same adopted 1.3659 Hz at +20.34%, i.e. penalizes_SB; the two PDG statements BRACKET the adopted rate from opposite sides, so the ~20% MAGNITUDE is solid and the SIGN is anchor-leg dependent | underlying limit: 30-35% inter-experiment Gaisser-Guan normalization spread, which no in-repo artifact can narrow","neutral | +0.00% vs the LABChico measured survey, which IS the adopted normalization | factor-2 site-dependent band x0.5 .. x2 (the low edge is the flattering one and is not used) | weakest anchor: the U-chain flux rests on an assumed Phi_U = Phi_Th chain balance, not a measured line intensity"
3.758374043e-02,7.074369e+01,7.074369e+01,4.598340e+01,9.550399e+01,3.272910e+02,3.272910e+02,1.636455e+02,6.545820e+02,differential_rate_regime,"flatters_SB | -20.61% vs PDG Leg A (~1 muon cm^-2 min^-1 x A_top = 1.7204 Hz) | BRACKETING DISCLOSURE: PDG Leg B (I_v ~ 70 m^-2 s^-1 sr^-1 with cos^2 theta -> 1.1350 Hz) puts the same adopted 1.3659 Hz at +20.34%, i.e. penalizes_SB; the two PDG statements BRACKET the adopted rate from opposite sides, so the ~20% MAGNITUDE is solid and the SIGN is anchor-leg dependent | underlying limit: 30-35% inter-experiment Gaisser-Guan normalization spread, which no in-repo artifact can narrow","neutral | +0.00% vs the LABChico measured survey, which IS the adopted normalization | factor-2 site-dependent band x0.5 .. x2 (the low edge is the flattering one and is not used) | weakest anchor: the U-chain flux rests on an assumed Phi_U = Phi_Th chain balance, not a measured line intensity"
4.216965034e-02,8.662260e+01,8.662260e+01,5.630469e+01,1.169405e+02,3.471278e+02,3.471278e+02,1.735639e+02,6.942556e+02,differential_rate_regime,"flatters_SB | -20.61% vs PDG Leg A (~1 muon cm^-2 min^-1 x A_top = 1.7204 Hz) | BRACKETING DISCLOSURE: PDG Leg B (I_v ~ 70 m^-2 s^-1 sr^-1 with cos^2 theta -> 1.1350 Hz) puts the same adopted 1.3659 Hz at +20.34%, i.e. penalizes_SB; the two PDG statements BRACKET the adopted rate from opposite sides, so the ~20% MAGNITUDE is solid and the SIGN is anchor-leg dependent | underlying limit: 30-35% inter-experiment Gaisser-Guan normalization spread, which no in-repo artifact can narrow","neutral | +0.00% vs the LABChico measured survey, which IS the adopted normalization | factor-2 site-dependent band x0.5 .. x2 (the low edge is the flattering one and is not used) | weakest anchor: the U-chain flux rests on an assumed Phi_U = Phi_Th chain balance, not a measured line intensity"
4.731512590e-02,8.101141e+01,8.101141e+01,5.265741e+01,1.093654e+02,3.633344e+02,3.633344e+02,1.816672e+02,7.266688e+02,differential_rate_regime,"flatters_SB | -20.61% vs PDG Leg A (~1 muon cm^-2 min^-1 x A_top = 1.7204 Hz) | BRACKETING DISCLOSURE: PDG Leg B (I_v ~ 70 m^-2 s^-1 sr^-1 with cos^2 theta -> 1.1350 Hz) puts the same adopted 1.3659 Hz at +20.34%, i.e. penalizes_SB; the two PDG statements BRACKET the adopted rate from opposite sides, so the ~20% MAGNITUDE is solid and the SIGN is anchor-leg dependent | underlying limit: 30-35% inter-experiment Gaisser-Guan normalization spread, which no in-repo artifact can narrow","neutral | +0.00% vs the LABChico measured survey, which IS the adopted normalization | factor-2 site-dependent band x0.5 .. x2 (the low edge is the flattering one and is not used) | weakest anchor: the U-chain flux rests on an assumed Phi_U = Phi_Th chain balance, not a measured line intensity"
5.308844442e-02,7.183570e+01,7.183570e+01,4.669321e+01,9.697820e+01,3.874697e+02,3.874697e+02,1.937348e+02,7.749394e+02,differential_rate_regime,"flatters_SB | -20.61% vs PDG Leg A (~1 muon cm^-2 min^-1 x A_top = 1.7204 Hz) | BRACKETING DISCLOSURE: PDG Leg B (I_v ~ 70 m^-2 s^-1 sr^-1 with cos^2 theta -> 1.1350 Hz) puts the same adopted 1.3659 Hz at +20.34%, i.e. penalizes_SB; the two PDG statements BRACKET the adopted rate from opposite sides, so the ~20% MAGNITUDE is solid and the SIGN is anchor-leg dependent | underlying limit: 30-35% inter-experiment Gaisser-Guan normalization spread, which no in-repo artifact can narrow","neutral | +0.00% vs the LABChico measured survey, which IS the adopted normalization | factor-2 site-dependent band x0.5 .. x2 (the low edge is the flattering one and is not used) | weakest anchor: the U-chain flux rests on an assumed Phi_U = Phi_Th chain balance, not a measured line intensity"
5.956621435e-02,1.000791e+02,1.000791e+02,6.505144e+01,1.351068e+02,3.972833e+02,3.972833e+02,1.986417e+02,7.945666e+02,differential_rate_regime,"flatters_SB | -20.61% vs PDG Leg A (~1 muon cm^-2 min^-1 x A_top = 1.7204 Hz) | BRACKETING DISCLOSURE: PDG Leg B (I_v ~ 70 m^-2 s^-1 sr^-1 with cos^2 theta -> 1.1350 Hz) puts the same adopted 1.3659 Hz at +20.34%, i.e. penalizes_SB; the two PDG statements BRACKET the adopted rate from opposite sides, so the ~20% MAGNITUDE is solid and the SIGN is anchor-leg dependent | underlying limit: 30-35% inter-experiment Gaisser-Guan normalization spread, which no in-repo artifact can narrow","neutral | +0.00% vs the LABChico measured survey, which IS the adopted normalization | factor-2 site-dependent band x0.5 .. x2 (the low edge is the flattering one and is not used) | weakest anchor: the U-chain flux rests on an assumed Phi_U = Phi_Th chain balance, not a measured line intensity"
6.683439176e-02,8.207194e+01,8.207194e+01,5.334676e+01,1.107971e+02,4.404947e+02,4.404947e+02,2.202474e+02,8.809895e+02,differential_rate_regime,"flatters_SB | -20.61% vs PDG Leg A (~1 muon cm^-2 min^-1 x A_top = 1.7204 Hz) | BRACKETING DISCLOSURE: PDG Leg B (I_v ~ 70 m^-2 s^-1 sr^-1 with cos^2 theta -> 1.1350 Hz) puts the same adopted 1.3659 Hz at +20.34%, i.e. penalizes_SB; the two PDG statements BRACKET the adopted rate from opposite sides, so the ~20% MAGNITUDE is solid and the SIGN is anchor-leg dependent | underlying limit: 30-35% inter-experiment Gaisser-Guan normalization spread, which no in-repo artifact can narrow","neutral | +0.00% vs the LABChico measured survey, which IS the adopted normalization | factor-2 site-dependent band x0.5 .. x2 (the low edge is the flattering one and is not used) | weakest anchor: the U-chain flux rests on an assumed Phi_U = Phi_Th chain balance, not a measured line intensity"
7.498942093e-02,7.566558e+01,7.566558e+01,4.918263e+01,1.021485e+02,4.668571e+02,4.668571e+02,2.334286e+02,9.337143e+02,differential_rate_regime,"flatters_SB | -20.61% vs PDG Leg A (~1 muon cm^-2 min^-1 x A_top = 1.7204 Hz) | BRACKETING DISCLOSURE: PDG Leg B (I_v ~ 70 m^-2 s^-1 sr^-1 with cos^2 theta -> 1.1350 Hz) puts the same adopted 1.3659 Hz at +20.34%, i.e. penalizes_SB; the two PDG statements BRACKET the adopted rate from opposite sides, so the ~20% MAGNITUDE is solid and the SIGN is anchor-leg dependent | underlying limit: 30-35% inter-experiment Gaisser-Guan normalization spread, which no in-repo artifact can narrow","neutral | +0.00% vs the LABChico measured survey, which IS the adopted normalization | factor-2 site-dependent band x0.5 .. x2 (the low edge is the flattering one and is not used) | weakest anchor: the U-chain flux rests on an assumed Phi_U = Phi_Th chain balance, not a measured line intensity"
8.413951416e-02,9.388369e+01,9.388369e+01,6.102440e+01,1.267430e+02,4.760515e+02,4.760515e+02,2.380258e+02,9.521030e+02,differential_rate_regime,"flatters_SB | -20.61% vs PDG Leg A (~1 muon cm^-2 min^-1 x A_top = 1.7204 Hz) | BRACKETING DISCLOSURE: PDG Leg B (I_v ~ 70 m^-2 s^-1 sr^-1 with cos^2 theta -> 1.1350 Hz) puts the same adopted 1.3659 Hz at +20.34%, i.e. penalizes_SB; the two PDG statements BRACKET the adopted rate from opposite sides, so the ~20% MAGNITUDE is solid and the SIGN is anchor-leg dependent | underlying limit: 30-35% inter-experiment Gaisser-Guan normalization spread, which no in-repo artifact can narrow","neutral | +0.00% vs the LABChico measured survey, which IS the adopted normalization | factor-2 site-dependent band x0.5 .. x2 (the low edge is the flattering one and is not used) | weakest anchor: the U-chain flux rests on an assumed Phi_U = Phi_Th chain balance, not a measured line intensity"
9.440608763e-02,8.677249e+01,8.677249e+01,5.640212e+01,1.171429e+02,5.318609e+02,5.318609e+02,2.659305e+02,1.063722e+03,differential_rate_regime,"flatters_SB | -20.61% vs PDG Leg A (~1 muon cm^-2 min^-1 x A_top = 1.7204 Hz) | BRACKETING DISCLOSURE: PDG Leg B (I_v ~ 70 m^-2 s^-1 sr^-1 with cos^2 theta -> 1.1350 Hz) puts the same adopted 1.3659 Hz at +20.34%, i.e. penalizes_SB; the two PDG statements BRACKET the adopted rate from opposite sides, so the ~20% MAGNITUDE is solid and the SIGN is anchor-leg dependent | underlying limit: 30-35% inter-experiment Gaisser-Guan normalization spread, which no in-repo artifact can narrow","neutral | +0.00% vs the LABChico measured survey, which IS the adopted normalization | factor-2 site-dependent band x0.5 .. x2 (the low edge is the flattering one and is not used) | weakest anchor: the U-chain flux rests on an assumed Phi_U = Phi_Th chain balance, not a measured line intensity"
1.059253725e-01,7.102663e+01,7.102663e+01,4.616731e+01,9.588595e+01,5.457328e+02,5.457328e+02,2.728664e+02,1.091466e+03,differential_rate_regime,"flatters_SB | -20.61% vs PDG Leg A (~1 muon cm^-2 min^-1 x A_top = 1.7204 Hz) | BRACKETING DISCLOSURE: PDG Leg B (I_v ~ 70 m^-2 s^-1 sr^-1 with cos^2 theta -> 1.1350 Hz) puts the same adopted 1.3659 Hz at +20.34%, i.e. penalizes_SB; the two PDG statements BRACKET the adopted rate from opposite sides, so the ~20% MAGNITUDE is solid and the SIGN is anchor-leg dependent | underlying limit: 30-35% inter-experiment Gaisser-Guan normalization spread, which no in-repo artifact can narrow","neutral | +0.00% vs the LABChico measured survey, which IS the adopted normalization | factor-2 site-dependent band x0.5 .. x2 (the low edge is the flattering one and is not used) | weakest anchor: the U-chain flux rests on an assumed Phi_U = Phi_Th chain balance, not a measured line intensity"
1.188502227e-01,8.332299e+01,8.332299e+01,5.415995e+01,1.124860e+02,5.685021e+02,5.685021e+02,2.842510e+02,1.137004e+03,differential_rate_regime,"flatters_SB | -20.61% vs PDG Leg A (~1 muon cm^-2 min^-1 x A_top = 1.7204 Hz) | BRACKETING DISCLOSURE: PDG Leg B (I_v ~ 70 m^-2 s^-1 sr^-1 with cos^2 theta -> 1.1350 Hz) puts the same adopted 1.3659 Hz at +20.34%, i.e. penalizes_SB; the two PDG statements BRACKET the adopted rate from opposite sides, so the ~20% MAGNITUDE is solid and the SIGN is anchor-leg dependent | underlying limit: 30-35% inter-experiment Gaisser-Guan normalization spread, which no in-repo artifact can narrow","neutral | +0.00% vs the LABChico measured survey, which IS the adopted normalization | factor-2 site-dependent band x0.5 .. x2 (the low edge is the flattering one and is not used) | weakest anchor: the U-chain flux rests on an assumed Phi_U = Phi_Th chain balance, not a measured line intensity"
1.333521432e-01,1.137370e+02,1.137370e+02,7.392905e+01,1.535450e+02,6.250999e+02,6.250999e+02,3.125499e+02,1.250200e+03,differential_rate_regime,"flatters_SB | -20.61% vs PDG Leg A (~1 muon cm^-2 min^-1 x A_top = 1.7204 Hz) | BRACKETING DISCLOSURE: PDG Leg B (I_v ~ 70 m^-2 s^-1 sr^-1 with cos^2 theta -> 1.1350 Hz) puts the same adopted 1.3659 Hz at +20.34%, i.e. penalizes_SB; the two PDG statements BRACKET the adopted rate from opposite sides, so the ~20% MAGNITUDE is solid and the SIGN is anchor-leg dependent | underlying limit: 30-35% inter-experiment Gaisser-Guan normalization spread, which no in-repo artifact can narrow","neutral | +0.00% vs the LABChico measured survey, which IS the adopted normalization | factor-2 site-dependent band x0.5 .. x2 (the low edge is the flattering one and is not used) | weakest anchor: the U-chain flux rests on an assumed Phi_U = Phi_Th chain balance, not a measured line intensity"
1.496235656e-01,8.300642e+01,8.300642e+01,5.395417e+01,1.120587e+02,6.081060e+02,6.081060e+02,3.040530e+02,1.216212e+03,differential_rate_regime,"flatters_SB | -20.61% vs PDG Leg A (~1 muon cm^-2 min^-1 x A_top = 1.7204 Hz) | BRACKETING DISCLOSURE: PDG Leg B (I_v ~ 70 m^-2 s^-1 sr^-1 with cos^2 theta -> 1.1350 Hz) puts the same adopted 1.3659 Hz at +20.34%, i.e. penalizes_SB; the two PDG statements BRACKET the adopted rate from opposite sides, so the ~20% MAGNITUDE is solid and the SIGN is anchor-leg dependent | underlying limit: 30-35% inter-experiment Gaisser-Guan normalization spread, which no in-repo artifact can narrow","neutral | +0.00% vs the LABChico measured survey, which IS the adopted normalization | factor-2 site-dependent band x0.5 .. x2 (the low edge is the flattering one and is not used) | weakest anchor: the U-chain flux rests on an assumed Phi_U = Phi_Th chain balance, not a measured line intensity"
1.678804018e-01,6.655021e+01,6.655021e+01,4.325764e+01,8.984279e+01,6.386002e+02,6.386002e+02,3.193001e+02,1.277200e+03,differential_rate_regime,"flatters_SB | -20.61% vs PDG Leg A (~1 muon cm^-2 min^-1 x A_top = 1.7204 Hz) | BRACKETING DISCLOSURE: PDG Leg B (I_v ~ 70 m^-2 s^-1 sr^-1 with cos^2 theta -> 1.1350 Hz) puts the same adopted 1.3659 Hz at +20.34%, i.e. penalizes_SB; the two PDG statements BRACKET the adopted rate from opposite sides, so the ~20% MAGNITUDE is solid and the SIGN is anchor-leg dependent | underlying limit: 30-35% inter-experiment Gaisser-Guan normalization spread, which no in-repo artifact can narrow","neutral | +0.00% vs the LABChico measured survey, which IS the adopted normalization | factor-2 site-dependent band x0.5 .. x2 (the low edge is the flattering one and is not used) | weakest anchor: the U-chain flux rests on an assumed Phi_U = Phi_Th chain balance, not a measured line intensity"
1.883649089e-01,8.732679e+01,8.732679e+01,5.676241e+01,1.178912e+02,7.169565e+02,7.169565e+02,3.584783e+02,1.433913e+03,differential_rate_regime,"flatters_SB | -20.61% vs PDG Leg A (~1 muon cm^-2 min^-1 x A_top = 1.7204 Hz) | BRACKETING DISCLOSURE: PDG Leg B (I_v ~ 70 m^-2 s^-1 sr^-1 with cos^2 theta -> 1.1350 Hz) puts the same adopted 1.3659 Hz at +20.34%, i.e. penalizes_SB; the two PDG statements BRACKET the adopted rate from opposite sides, so the ~20% MAGNITUDE is solid and the SIGN is anchor-leg dependent | underlying limit: 30-35% inter-experiment Gaisser-Guan normalization spread, which no in-repo artifact can narrow","neutral | +0.00% vs the LABChico measured survey, which IS the adopted normalization | factor-2 site-dependent band x0.5 .. x2 (the low edge is the flattering one and is not used) | weakest anchor: the U-chain flux rests on an assumed Phi_U = Phi_Th chain balance, not a measured line intensity"
2.113489040e-01,8.799931e+01,8.799931e+01,5.719955e+01,1.187991e+02,7.143421e+02,7.143421e+02,3.571711e+02,1.428684e+03,differential_rate_regime,"flatters_SB | -20.61% vs PDG Leg A (~1 muon cm^-2 min^-1 x A_top = 1.7204 Hz) | BRACKETING DISCLOSURE: PDG Leg B (I_v ~ 70 m^-2 s^-1 sr^-1 with cos^2 theta -> 1.1350 Hz) puts the same adopted 1.3659 Hz at +20.34%, i.e. penalizes_SB; the two PDG statements BRACKET the adopted rate from opposite sides, so the ~20% MAGNITUDE is solid and the SIGN is anchor-leg dependent | underlying limit: 30-35% inter-experiment Gaisser-Guan normalization spread, which no in-repo artifact can narrow","neutral | +0.00% vs the LABChico measured survey, which IS the adopted normalization | factor-2 site-dependent band x0.5 .. x2 (the low edge is the flattering one and is not used) | weakest anchor: the U-chain flux rests on an assumed Phi_U = Phi_Th chain balance, not a measured line intensity"
2.371373706e-01,1.084185e+02,1.084185e+02,7.047200e+01,1.463649e+02,6.918597e+02,6.918597e+02,3.459298e+02,1.383719e+03,differential_rate_regime,"flatters_SB | -20.61% vs PDG Leg A (~1 muon cm^-2 min^-1 x A_top = 1.7204 Hz) | BRACKETING DISCLOSURE: PDG Leg B (I_v ~ 70 m^-2 s^-1 sr^-1 with cos^2 theta -> 1.1350 Hz) puts the same adopted 1.3659 Hz at +20.34%, i.e. penalizes_SB; the two PDG statements BRACKET the adopted rate from opposite sides, so the ~20% MAGNITUDE is solid and the SIGN is anchor-leg dependent | underlying limit: 30-35% inter-experiment Gaisser-Guan normalization spread, which no in-repo artifact can narrow","neutral | +0.00% vs the LABChico measured survey, which IS the adopted normalization | factor-2 site-dependent band x0.5 .. x2 (the low edge is the flattering one and is not used) | weakest anchor: the U-chain flux rests on an assumed Phi_U = Phi_Th chain balance, not a measured line intensity"
2.660725060e-01,8.368030e+01,8.368030e+01,5.439219e+01,1.129684e+02,7.666364e+02,7.666364e+02,3.833182e+02,1.533273e+03,differential_rate_regime,"flatters_SB | -20.61% vs PDG Leg A (~1 muon cm^-2 min^-1 x A_top = 1.7204 Hz) | BRACKETING DISCLOSURE: PDG Leg B (I_v ~ 70 m^-2 s^-1 sr^-1 with cos^2 theta -> 1.1350 Hz) puts the same adopted 1.3659 Hz at +20.34%, i.e. penalizes_SB; the two PDG statements BRACKET the adopted rate from opposite sides, so the ~20% MAGNITUDE is solid and the SIGN is anchor-leg dependent | underlying limit: 30-35% inter-experiment Gaisser-Guan normalization spread, which no in-repo artifact can narrow","neutral | +0.00% vs the LABChico measured survey, which IS the adopted normalization | factor-2 site-dependent band x0.5 .. x2 (the low edge is the flattering one and is not used) | weakest anchor: the U-chain flux rests on an assumed Phi_U = Phi_Th chain balance, not a measured line intensity"
2.985382619e-01,8.431221e+01,8.431221e+01,5.480294e+01,1.138215e+02,8.439700e+02,8.439700e+02,4.219850e+02,1.687940e+03,differential_rate_regime,"flatters_SB | -20.61% vs PDG Leg A (~1 muon cm^-2 min^-1 x A_top = 1.7204 Hz) | BRACKETING DISCLOSURE: PDG Leg B (I_v ~ 70 m^-2 s^-1 sr^-1 with cos^2 theta -> 1.1350 Hz) puts the same adopted 1.3659 Hz at +20.34%, i.e. penalizes_SB; the two PDG statements BRACKET the adopted rate from opposite sides, so the ~20% MAGNITUDE is solid and the SIGN is anchor-leg dependent | underlying limit: 30-35% inter-experiment Gaisser-Guan normalization spread, which no in-repo artifact can narrow","neutral | +0.00% vs the LABChico measured survey, which IS the adopted normalization | factor-2 site-dependent band x0.5 .. x2 (the low edge is the flattering one and is not used) | weakest anchor: the U-chain flux rests on an assumed Phi_U = Phi_Th chain balance, not a measured line intensity"
3.349654392e-01,8.930691e+01,8.930691e+01,5.804949e+01,1.205643e+02,7.741991e+02,7.741991e+02,3.870996e+02,1.548398e+03,differential_rate_regime,"flatters_SB | -20.61% vs PDG Leg A (~1 muon cm^-2 min^-1 x A_top = 1.7204 Hz) | BRACKETING DISCLOSURE: PDG Leg B (I_v ~ 70 m^-2 s^-1 sr^-1 with cos^2 theta -> 1.1350 Hz) puts the same adopted 1.3659 Hz at +20.34%, i.e. penalizes_SB; the two PDG statements BRACKET the adopted rate from opposite sides, so the ~20% MAGNITUDE is solid and the SIGN is anchor-leg dependent | underlying limit: 30-35% inter-experiment Gaisser-Guan normalization spread, which no in-repo artifact can narrow","neutral | +0.00% vs the LABChico measured survey, which IS the adopted normalization | factor-2 site-dependent band x0.5 .. x2 (the low edge is the flattering one and is not used) | weakest anchor: the U-chain flux rests on an assumed Phi_U = Phi_Th chain balance, not a measured line intensity"
3.758374043e-01,8.551933e+01,8.551933e+01,5.558757e+01,1.154511e+02,8.018199e+02,8.018199e+02,4.009100e+02,1.603640e+03,differential_rate_regime,"flatters_SB | -20.61% vs PDG Leg A (~1 muon cm^-2 min^-1 x A_top = 1.7204 Hz) | BRACKETING DISCLOSURE: PDG Leg B (I_v ~ 70 m^-2 s^-1 sr^-1 with cos^2 theta -> 1.1350 Hz) puts the same adopted 1.3659 Hz at +20.34%, i.e. penalizes_SB; the two PDG statements BRACKET the adopted rate from opposite sides, so the ~20% MAGNITUDE is solid and the SIGN is anchor-leg dependent | underlying limit: 30-35% inter-experiment Gaisser-Guan normalization spread, which no in-repo artifact can narrow","neutral | +0.00% vs the LABChico measured survey, which IS the adopted normalization | factor-2 site-dependent band x0.5 .. x2 (the low edge is the flattering one and is not used) | weakest anchor: the U-chain flux rests on an assumed Phi_U = Phi_Th chain balance, not a measured line intensity"
4.216965034e-01,1.004093e+02,1.004093e+02,6.526606e+01,1.355526e+02,9.561960e+02,9.561960e+02,4.780980e+02,1.912392e+03,differential_rate_regime,"flatters_SB | -20.61% vs PDG Leg A (~1 muon cm^-2 min^-1 x A_top = 1.7204 Hz) | BRACKETING DISCLOSURE: PDG Leg B (I_v ~ 70 m^-2 s^-1 sr^-1 with cos^2 theta -> 1.1350 Hz) puts the same adopted 1.3659 Hz at +20.34%, i.e. penalizes_SB; the two PDG statements BRACKET the adopted rate from opposite sides, so the ~20% MAGNITUDE is solid and the SIGN is anchor-leg dependent | underlying limit: 30-35% inter-experiment Gaisser-Guan normalization spread, which no in-repo artifact can narrow","neutral | +0.00% vs the LABChico measured survey, which IS the adopted normalization | factor-2 site-dependent band x0.5 .. x2 (the low edge is the flattering one and is not used) | weakest anchor: the U-chain flux rests on an assumed Phi_U = Phi_Th chain balance, not a measured line intensity"
4.731512590e-01,9.730687e+01,9.730687e+01,6.324947e+01,1.313643e+02,8.791421e+02,8.791421e+02,4.395711e+02,1.758284e+03,differential_rate_regime,"flatters_SB | -20.61% vs PDG Leg A (~1 muon cm^-2 min^-1 x A_top = 1.7204 Hz) | BRACKETING DISCLOSURE: PDG Leg B (I_v ~ 70 m^-2 s^-1 sr^-1 with cos^2 theta -> 1.1350 Hz) puts the same adopted 1.3659 Hz at +20.34%, i.e. penalizes_SB; the two PDG statements BRACKET the adopted rate from opposite sides, so the ~20% MAGNITUDE is solid and the SIGN is anchor-leg dependent | underlying limit: 30-35% inter-experiment Gaisser-Guan normalization spread, which no in-repo artifact can narrow","neutral | +0.00% vs the LABChico measured survey, which IS the adopted normalization | factor-2 site-dependent band x0.5 .. x2 (the low edge is the flattering one and is not used) | weakest anchor: the U-chain flux rests on an assumed Phi_U = Phi_Th chain balance, not a measured line intensity"
5.308844442e-01,9.311842e+01,9.311842e+01,6.052697e+01,1.257099e+02,8.627531e+02,8.627531e+02,4.313766e+02,1.725506e+03,differential_rate_regime,"flatters_SB | -20.61% vs PDG Leg A (~1 muon cm^-2 min^-1 x A_top = 1.7204 Hz) | BRACKETING DISCLOSURE: PDG Leg B (I_v ~ 70 m^-2 s^-1 sr^-1 with cos^2 theta -> 1.1350 Hz) puts the same adopted 1.3659 Hz at +20.34%, i.e. penalizes_SB; the two PDG statements BRACKET the adopted rate from opposite sides, so the ~20% MAGNITUDE is solid and the SIGN is anchor-leg dependent | underlying limit: 30-35% inter-experiment Gaisser-Guan normalization spread, which no in-repo artifact can narrow","neutral | +0.00% vs the LABChico measured survey, which IS the adopted normalization | factor-2 site-dependent band x0.5 .. x2 (the low edge is the flattering one and is not used) | weakest anchor: the U-chain flux rests on an assumed Phi_U = Phi_Th chain balance, not a measured line intensity"
5.956621435e-01,9.174541e+01,9.174541e+01,5.963452e+01,1.238563e+02,1.067052e+03,1.067052e+03,5.335260e+02,2.134104e+03,differential_rate_regime,"flatters_SB | -20.61% vs PDG Leg A (~1 muon cm^-2 min^-1 x A_top = 1.7204 Hz) | BRACKETING DISCLOSURE: PDG Leg B (I_v ~ 70 m^-2 s^-1 sr^-1 with cos^2 theta -> 1.1350 Hz) puts the same adopted 1.3659 Hz at +20.34%, i.e. penalizes_SB; the two PDG statements BRACKET the adopted rate from opposite sides, so the ~20% MAGNITUDE is solid and the SIGN is anchor-leg dependent | underlying limit: 30-35% inter-experiment Gaisser-Guan normalization spread, which no in-repo artifact can narrow","neutral | +0.00% vs the LABChico measured survey, which IS the adopted normalization | factor-2 site-dependent band x0.5 .. x2 (the low edge is the flattering one and is not used) | weakest anchor: the U-chain flux rests on an assumed Phi_U = Phi_Th chain balance, not a measured line intensity"
6.683439176e-01,7.506765e+01,7.506765e+01,4.879397e+01,1.013413e+02,9.389904e+02,9.389904e+02,4.694952e+02,1.877981e+03,differential_rate_regime,"flatters_SB | -20.61% vs PDG Leg A (~1 muon cm^-2 min^-1 x A_top = 1.7204 Hz) | BRACKETING DISCLOSURE: PDG Leg B (I_v ~ 70 m^-2 s^-1 sr^-1 with cos^2 theta -> 1.1350 Hz) puts the same adopted 1.3659 Hz at +20.34%, i.e. penalizes_SB; the two PDG statements BRACKET the adopted rate from opposite sides, so the ~20% MAGNITUDE is solid and the SIGN is anchor-leg dependent | underlying limit: 30-35% inter-experiment Gaisser-Guan normalization spread, which no in-repo artifact can narrow","neutral | +0.00% vs the LABChico measured survey, which IS the adopted normalization | factor-2 site-dependent band x0.5 .. x2 (the low edge is the flattering one and is not used) | weakest anchor: the U-chain flux rests on an assumed Phi_U = Phi_Th chain balance, not a measured line intensity"
7.498942093e-01,9.194813e+01,9.194813e+01,5.976629e+01,1.241300e+02,9.610458e+02,9.610458e+02,4.805229e+02,1.922092e+03,differential_rate_regime,"flatters_SB | -20.61% vs PDG Leg A (~1 muon cm^-2 min^-1 x A_top = 1.7204 Hz) | BRACKETING DISCLOSURE: PDG Leg B (I_v ~ 70 m^-2 s^-1 sr^-1 with cos^2 theta -> 1.1350 Hz) puts the same adopted 1.3659 Hz at +20.34%, i.e. penalizes_SB; the two PDG statements BRACKET the adopted rate from opposite sides, so the ~20% MAGNITUDE is solid and the SIGN is anchor-leg dependent | underlying limit: 30-35% inter-experiment Gaisser-Guan normalization spread, which no in-repo artifact can narrow","neutral | +0.00% vs the LABChico measured survey, which IS the adopted normalization | factor-2 site-dependent band x0.5 .. x2 (the low edge is the flattering one and is not used) | weakest anchor: the U-chain flux rests on an assumed Phi_U = Phi_Th chain balance, not a measured line intensity"
8.413951416e-01,1.003796e+02,1.003796e+02,6.524674e+01,1.355125e+02,1.159921e+03,1.159921e+03,5.799604e+02,2.319842e+03,differential_rate_regime,"flatters_SB | -20.61% vs PDG Leg A (~1 muon cm^-2 min^-1 x A_top = 1.7204 Hz) | BRACKETING DISCLOSURE: PDG Leg B (I_v ~ 70 m^-2 s^-1 sr^-1 with cos^2 theta -> 1.1350 Hz) puts the same adopted 1.3659 Hz at +20.34%, i.e. penalizes_SB; the two PDG statements BRACKET the adopted rate from opposite sides, so the ~20% MAGNITUDE is solid and the SIGN is anchor-leg dependent | underlying limit: 30-35% inter-experiment Gaisser-Guan normalization spread, which no in-repo artifact can narrow","neutral | +0.00% vs the LABChico measured survey, which IS the adopted normalization | factor-2 site-dependent band x0.5 .. x2 (the low edge is the flattering one and is not used) | weakest anchor: the U-chain flux rests on an assumed Phi_U = Phi_Th chain balance, not a measured line intensity"
9.440608763e-01,8.496766e+01,8.496766e+01,5.522898e+01,1.147063e+02,9.828700e+02,9.828700e+02,4.914350e+02,1.965740e+03,differential_rate_regime,"flatters_SB | -20.61% vs PDG Leg A (~1 muon cm^-2 min^-1 x A_top = 1.7204 Hz) | BRACKETING DISCLOSURE: PDG Leg B (I_v ~ 70 m^-2 s^-1 sr^-1 with cos^2 theta -> 1.1350 Hz) puts the same adopted 1.3659 Hz at +20.34%, i.e. penalizes_SB; the two PDG statements BRACKET the adopted rate from opposite sides, so the ~20% MAGNITUDE is solid and the SIGN is anchor-leg dependent | underlying limit: 30-35% inter-experiment Gaisser-Guan normalization spread, which no in-repo artifact can narrow","neutral | +0.00% vs the LABChico measured survey, which IS the adopted normalization | factor-2 site-dependent band x0.5 .. x2 (the low edge is the flattering one and is not used) | weakest anchor: the U-chain flux rests on an assumed Phi_U = Phi_Th chain balance, not a measured line intensity"
1.059253725e+00,9.460948e+01,9.460948e+01,6.149616e+01,1.277228e+02,1.255044e+03,1.255044e+03,6.275220e+02,2.510088e+03,differential_rate_regime,"flatters_SB | -20.61% vs PDG Leg A (~1 muon cm^-2 min^-1 x A_top = 1.7204 Hz) | BRACKETING DISCLOSURE: PDG Leg B (I_v ~ 70 m^-2 s^-1 sr^-1 with cos^2 theta -> 1.1350 Hz) puts the same adopted 1.3659 Hz at +20.34%, i.e. penalizes_SB; the two PDG statements BRACKET the adopted rate from opposite sides, so the ~20% MAGNITUDE is solid and the SIGN is anchor-leg dependent | underlying limit: 30-35% inter-experiment Gaisser-Guan normalization spread, which no in-repo artifact can narrow","neutral | +0.00% vs the LABChico measured survey, which IS the adopted normalization | factor-2 site-dependent band x0.5 .. x2 (the low edge is the flattering one and is not used) | weakest anchor: the U-chain flux rests on an assumed Phi_U = Phi_Th chain balance, not a measured line intensity"
1.188502227e+00,9.591325e+01,9.591325e+01,6.234361e+01,1.294829e+02,1.078759e+03,1.078759e+03,5.393794e+02,2.157517e+03,differential_rate_regime,"flatters_SB | -20.61% vs PDG Leg A (~1 muon cm^-2 min^-1 x A_top = 1.7204 Hz) | BRACKETING DISCLOSURE: PDG Leg B (I_v ~ 70 m^-2 s^-1 sr^-1 with cos^2 theta -> 1.1350 Hz) puts the same adopted 1.3659 Hz at +20.34%, i.e. penalizes_SB; the two PDG statements BRACKET the adopted rate from opposite sides, so the ~20% MAGNITUDE is solid and the SIGN is anchor-leg dependent | underlying limit: 30-35% inter-experiment Gaisser-Guan normalization spread, which no in-repo artifact can narrow","neutral | +0.00% vs the LABChico measured survey, which IS the adopted normalization | factor-2 site-dependent band x0.5 .. x2 (the low edge is the flattering one and is not used) | weakest anchor: the U-chain flux rests on an assumed Phi_U = Phi_Th chain balance, not a measured line intensity"
1.333521432e+00,9.887579e+01,9.887579e+01,6.426926e+01,1.334823e+02,1.282435e+03,1.282435e+03,6.412175e+02,2.564870e+03,differential_rate_regime,"flatters_SB | -20.61% vs PDG Leg A (~1 muon cm^-2 min^-1 x A_top = 1.7204 Hz) | BRACKETING DISCLOSURE: PDG Leg B (I_v ~ 70 m^-2 s^-1 sr^-1 with cos^2 theta -> 1.1350 Hz) puts the same adopted 1.3659 Hz at +20.34%, i.e. penalizes_SB; the two PDG statements BRACKET the adopted rate from opposite sides, so the ~20% MAGNITUDE is solid and the SIGN is anchor-leg dependent | underlying limit: 30-35% inter-experiment Gaisser-Guan normalization spread, which no in-repo artifact can narrow","neutral | +0.00% vs the LABChico measured survey, which IS the adopted normalization | factor-2 site-dependent band x0.5 .. x2 (the low edge is the flattering one and is not used) | weakest anchor: the U-chain flux rests on an assumed Phi_U = Phi_Th chain balance, not a measured line intensity"
1.496235656e+00,1.130066e+02,1.130066e+02,7.345426e+01,1.525589e+02,1.381095e+03,1.381095e+03,6.905476e+02,2.762190e+03,differential_rate_regime,"flatters_SB | -20.61% vs PDG Leg A (~1 muon cm^-2 min^-1 x A_top = 1.7204 Hz) | BRACKETING DISCLOSURE: PDG Leg B (I_v ~ 70 m^-2 s^-1 sr^-1 with cos^2 theta -> 1.1350 Hz) puts the same adopted 1.3659 Hz at +20.34%, i.e. penalizes_SB; the two PDG statements BRACKET the adopted rate from opposite sides, so the ~20% MAGNITUDE is solid and the SIGN is anchor-leg dependent | underlying limit: 30-35% inter-experiment Gaisser-Guan normalization spread, which no in-repo artifact can narrow","neutral | +0.00% vs the LABChico measured survey, which IS the adopted normalization | factor-2 site-dependent band x0.5 .. x2 (the low edge is the flattering one and is not used) | weakest anchor: the U-chain flux rests on an assumed Phi_U = Phi_Th chain balance, not a measured line intensity"
1.678804018e+00,1.130953e+02,1.130953e+02,7.351194e+01,1.526786e+02,1.402440e+03,1.402440e+03,7.012200e+02,2.804880e+03,differential_rate_regime,"flatters_SB | -20.61% vs PDG Leg A (~1 muon cm^-2 min^-1 x A_top = 1.7204 Hz) | BRACKETING DISCLOSURE: PDG Leg B (I_v ~ 70 m^-2 s^-1 sr^-1 with cos^2 theta -> 1.1350 Hz) puts the same adopted 1.3659 Hz at +20.34%, i.e. penalizes_SB; the two PDG statements BRACKET the adopted rate from opposite sides, so the ~20% MAGNITUDE is solid and the SIGN is anchor-leg dependent | underlying limit: 30-35% inter-experiment Gaisser-Guan normalization spread, which no in-repo artifact can narrow","neutral | +0.00% vs the LABChico measured survey, which IS the adopted normalization | factor-2 site-dependent band x0.5 .. x2 (the low edge is the flattering one and is not used) | weakest anchor: the U-chain flux rests on an assumed Phi_U = Phi_Th chain balance, not a measured line intensity"
1.883649089e+00,9.449426e+01,9.449426e+01,6.142127e+01,1.275673e+02,1.339474e+03,1.339474e+03,6.697372e+02,2.678949e+03,differential_rate_regime,"flatters_SB | -20.61% vs PDG Leg A (~1 muon cm^-2 min^-1 x A_top = 1.7204 Hz) | BRACKETING DISCLOSURE: PDG Leg B (I_v ~ 70 m^-2 s^-1 sr^-1 with cos^2 theta -> 1.1350 Hz) puts the same adopted 1.3659 Hz at +20.34%, i.e. penalizes_SB; the two PDG statements BRACKET the adopted rate from opposite sides, so the ~20% MAGNITUDE is solid and the SIGN is anchor-leg dependent | underlying limit: 30-35% inter-experiment Gaisser-Guan normalization spread, which no in-repo artifact can narrow","neutral | +0.00% vs the LABChico measured survey, which IS the adopted normalization | factor-2 site-dependent band x0.5 .. x2 (the low edge is the flattering one and is not used) | weakest anchor: the U-chain flux rests on an assumed Phi_U = Phi_Th chain balance, not a measured line intensity"
2.113489040e+00,1.153414e+02,1.153414e+02,7.497191e+01,1.557109e+02,1.549889e+03,1.549889e+03,7.749444e+02,3.099778e+03,differential_rate_regime,"flatters_SB | -20.61% vs PDG Leg A (~1 muon cm^-2 min^-1 x A_top = 1.7204 Hz) | BRACKETING DISCLOSURE: PDG Leg B (I_v ~ 70 m^-2 s^-1 sr^-1 with cos^2 theta -> 1.1350 Hz) puts the same adopted 1.3659 Hz at +20.34%, i.e. penalizes_SB; the two PDG statements BRACKET the adopted rate from opposite sides, so the ~20% MAGNITUDE is solid and the SIGN is anchor-leg dependent | underlying limit: 30-35% inter-experiment Gaisser-Guan normalization spread, which no in-repo artifact can narrow","neutral | +0.00% vs the LABChico measured survey, which IS the adopted normalization | factor-2 site-dependent band x0.5 .. x2 (the low edge is the flattering one and is not used) | weakest anchor: the U-chain flux rests on an assumed Phi_U = Phi_Th chain balance, not a measured line intensity"
2.371373706e+00,1.217945e+02,1.217945e+02,7.916642e+01,1.644226e+02,1.687708e+03,1.687708e+03,8.438541e+02,3.375417e+03,differential_rate_regime,"flatters_SB | -20.61% vs PDG Leg A (~1 muon cm^-2 min^-1 x A_top = 1.7204 Hz) | BRACKETING DISCLOSURE: PDG Leg B (I_v ~ 70 m^-2 s^-1 sr^-1 with cos^2 theta -> 1.1350 Hz) puts the same adopted 1.3659 Hz at +20.34%, i.e. penalizes_SB; the two PDG statements BRACKET the adopted rate from opposite sides, so the ~20% MAGNITUDE is solid and the SIGN is anchor-leg dependent | underlying limit: 30-35% inter-experiment Gaisser-Guan normalization spread, which no in-repo artifact can narrow","neutral | +0.00% vs the LABChico measured survey, which IS the adopted normalization | factor-2 site-dependent band x0.5 .. x2 (the low edge is the flattering one and is not used) | weakest anchor: the U-chain flux rests on an assumed Phi_U = Phi_Th chain balance, not a measured line intensity"
2.660725060e+00,1.130287e+02,1.130287e+02,7.346868e+01,1.525888e+02,1.626648e+03,1.626648e+03,8.133241e+02,3.253296e+03,differential_rate_regime,"flatters_SB | -20.61% vs PDG Leg A (~1 muon cm^-2 min^-1 x A_top = 1.7204 Hz) | BRACKETING DISCLOSURE: PDG Leg B (I_v ~ 70 m^-2 s^-1 sr^-1 with cos^2 theta -> 1.1350 Hz) puts the same adopted 1.3659 Hz at +20.34%, i.e. penalizes_SB; the two PDG statements BRACKET the adopted rate from opposite sides, so the ~20% MAGNITUDE is solid and the SIGN is anchor-leg dependent | underlying limit: 30-35% inter-experiment Gaisser-Guan normalization spread, which no in-repo artifact can narrow","neutral | +0.00% vs the LABChico measured survey, which IS the adopted normalization | factor-2 site-dependent band x0.5 .. x2 (the low edge is the flattering one and is not used) | weakest anchor: the U-chain flux rests on an assumed Phi_U = Phi_Th chain balance, not a measured line intensity"
2.985382619e+00,1.289488e+02,1.289488e+02,8.381670e+01,1.740808e+02,1.818224e+03,1.818224e+03,9.091118e+02,3.636447e+03,differential_rate_regime,"flatters_SB | -20.61% vs PDG Leg A (~1 muon cm^-2 min^-1 x A_top = 1.7204 Hz) | BRACKETING DISCLOSURE: PDG Leg B (I_v ~ 70 m^-2 s^-1 sr^-1 with cos^2 theta -> 1.1350 Hz) puts the same adopted 1.3659 Hz at +20.34%, i.e. penalizes_SB; the two PDG statements BRACKET the adopted rate from opposite sides, so the ~20% MAGNITUDE is solid and the SIGN is anchor-leg dependent | underlying limit: 30-35% inter-experiment Gaisser-Guan normalization spread, which no in-repo artifact can narrow","neutral | +0.00% vs the LABChico measured survey, which IS the adopted normalization | factor-2 site-dependent band x0.5 .. x2 (the low edge is the flattering one and is not used) | weakest anchor: the U-chain flux rests on an assumed Phi_U = Phi_Th chain balance, not a measured line intensity"
3.349654392e+00,1.447433e+02,1.447433e+02,9.408314e+01,1.954034e+02,1.975179e+03,1.975179e+03,9.875896e+02,3.950359e+03,differential_rate_regime,"flatters_SB | -20.61% vs PDG Leg A (~1 muon cm^-2 min^-1 x A_top = 1.7204 Hz) | BRACKETING DISCLOSURE: PDG Leg B (I_v ~ 70 m^-2 s^-1 sr^-1 with cos^2 theta -> 1.1350 Hz) puts the same adopted 1.3659 Hz at +20.34%, i.e. penalizes_SB; the two PDG statements BRACKET the adopted rate from opposite sides, so the ~20% MAGNITUDE is solid and the SIGN is anchor-leg dependent | underlying limit: 30-35% inter-experiment Gaisser-Guan normalization spread, which no in-repo artifact can narrow","neutral | +0.00% vs the LABChico measured survey, which IS the adopted normalization | factor-2 site-dependent band x0.5 .. x2 (the low edge is the flattering one and is not used) | weakest anchor: the U-chain flux rests on an assumed Phi_U = Phi_Th chain balance, not a measured line intensity"
3.758374043e+00,1.629016e+02,1.629016e+02,1.058860e+02,2.199172e+02,2.218635e+03,2.218635e+03,1.109317e+03,4.437269e+03,differential_rate_regime,"flatters_SB | -20.61% vs PDG Leg A (~1 muon cm^-2 min^-1 x A_top = 1.7204 Hz) | BRACKETING DISCLOSURE: PDG Leg B (I_v ~ 70 m^-2 s^-1 sr^-1 with cos^2 theta -> 1.1350 Hz) puts the same adopted 1.3659 Hz at +20.34%, i.e. penalizes_SB; the two PDG statements BRACKET the adopted rate from opposite sides, so the ~20% MAGNITUDE is solid and the SIGN is anchor-leg dependent | underlying limit: 30-35% inter-experiment Gaisser-Guan normalization spread, which no in-repo artifact can narrow","neutral | +0.00% vs the LABChico measured survey, which IS the adopted normalization | factor-2 site-dependent band x0.5 .. x2 (the low edge is the flattering one and is not used) | weakest anchor: the U-chain flux rests on an assumed Phi_U = Phi_Th chain balance, not a measured line intensity"
4.216965034e+00,1.607801e+02,1.607801e+02,1.045071e+02,2.170532e+02,2.361888e+03,2.361888e+03,1.180944e+03,4.723776e+03,differential_rate_regime,"flatters_SB | -20.61% vs PDG Leg A (~1 muon cm^-2 min^-1 x A_top = 1.7204 Hz) | BRACKETING DISCLOSURE: PDG Leg B (I_v ~ 70 m^-2 s^-1 sr^-1 with cos^2 theta -> 1.1350 Hz) puts the same adopted 1.3659 Hz at +20.34%, i.e. penalizes_SB; the two PDG statements BRACKET the adopted rate from opposite sides, so the ~20% MAGNITUDE is solid and the SIGN is anchor-leg dependent | underlying limit: 30-35% inter-experiment Gaisser-Guan normalization spread, which no in-repo artifact can narrow","neutral | +0.00% vs the LABChico measured survey, which IS the adopted normalization | factor-2 site-dependent band x0.5 .. x2 (the low edge is the flattering one and is not used) | weakest anchor: the U-chain flux rests on an assumed Phi_U = Phi_Th chain balance, not a measured line intensity"
4.731512590e+00,2.040081e+02,2.040081e+02,1.326053e+02,2.754109e+02,2.900734e+03,2.900734e+03,1.450367e+03,5.801467e+03,differential_rate_regime,"flatters_SB | -20.61% vs PDG Leg A (~1 muon cm^-2 min^-1 x A_top = 1.7204 Hz) | BRACKETING DISCLOSURE: PDG Leg B (I_v ~ 70 m^-2 s^-1 sr^-1 with cos^2 theta -> 1.1350 Hz) puts the same adopted 1.3659 Hz at +20.34%, i.e. penalizes_SB; the two PDG statements BRACKET the adopted rate from opposite sides, so the ~20% MAGNITUDE is solid and the SIGN is anchor-leg dependent | underlying limit: 30-35% inter-experiment Gaisser-Guan normalization spread, which no in-repo artifact can narrow","neutral | +0.00% vs the LABChico measured survey, which IS the adopted normalization | factor-2 site-dependent band x0.5 .. x2 (the low edge is the flattering one and is not used) | weakest anchor: the U-chain flux rests on an assumed Phi_U = Phi_Th chain balance, not a measured line intensity"
5.308844442e+00,2.211718e+02,2.211718e+02,1.437617e+02,2.985819e+02,3.140801e+03,3.140801e+03,1.570400e+03,6.281602e+03,differential_rate_regime,"flatters_SB | -20.61% vs PDG Leg A (~1 muon cm^-2 min^-1 x A_top = 1.7204 Hz) | BRACKETING DISCLOSURE: PDG Leg B (I_v ~ 70 m^-2 s^-1 sr^-1 with cos^2 theta -> 1.1350 Hz) puts the same adopted 1.3659 Hz at +20.34%, i.e. penalizes_SB; the two PDG statements BRACKET the adopted rate from opposite sides, so the ~20% MAGNITUDE is solid and the SIGN is anchor-leg dependent | underlying limit: 30-35% inter-experiment Gaisser-Guan normalization spread, which no in-repo artifact can narrow","neutral | +0.00% vs the LABChico measured survey, which IS the adopted normalization | factor-2 site-dependent band x0.5 .. x2 (the low edge is the flattering one and is not used) | weakest anchor: the U-chain flux rests on an assumed Phi_U = Phi_Th chain balance, not a measured line intensity"
5.956621435e+00,2.726482e+02,2.726482e+02,1.772213e+02,3.680750e+02,3.906447e+03,3.906447e+03,1.953223e+03,7.812894e+03,differential_rate_regime,"flatters_SB | -20.61% vs PDG Leg A (~1 muon cm^-2 min^-1 x A_top = 1.7204 Hz) | BRACKETING DISCLOSURE: PDG Leg B (I_v ~ 70 m^-2 s^-1 sr^-1 with cos^2 theta -> 1.1350 Hz) puts the same adopted 1.3659 Hz at +20.34%, i.e. penalizes_SB; the two PDG statements BRACKET the adopted rate from opposite sides, so the ~20% MAGNITUDE is solid and the SIGN is anchor-leg dependent | underlying limit: 30-35% inter-experiment Gaisser-Guan normalization spread, which no in-repo artifact can narrow","neutral | +0.00% vs the LABChico measured survey, which IS the adopted normalization | factor-2 site-dependent band x0.5 .. x2 (the low edge is the flattering one and is not used) | weakest anchor: the U-chain flux rests on an assumed Phi_U = Phi_Th chain balance, not a measured line intensity"
6.683439176e+00,2.878718e+02,2.878718e+02,1.871167e+02,3.886270e+02,4.271903e+03,4.271903e+03,2.135951e+03,8.543806e+03,differential_rate_regime,"flatters_SB | -20.61% vs PDG Leg A (~1 muon cm^-2 min^-1 x A_top = 1.7204 Hz) | BRACKETING DISCLOSURE: PDG Leg B (I_v ~ 70 m^-2 s^-1 sr^-1 with cos^2 theta -> 1.1350 Hz) puts the same adopted 1.3659 Hz at +20.34%, i.e. penalizes_SB; the two PDG statements BRACKET the adopted rate from opposite sides, so the ~20% MAGNITUDE is solid and the SIGN is anchor-leg dependent | underlying limit: 30-35% inter-experiment Gaisser-Guan normalization spread, which no in-repo artifact can narrow","neutral | +0.00% vs the LABChico measured survey, which IS the adopted normalization | factor-2 site-dependent band x0.5 .. x2 (the low edge is the flattering one and is not used) | weakest anchor: the U-chain flux rests on an assumed Phi_U = Phi_Th chain balance, not a measured line intensity"
7.498942093e+00,3.825174e+02,3.825174e+02,2.486363e+02,5.163984e+02,5.287626e+03,5.287626e+03,2.643813e+03,1.057525e+04,differential_rate_regime,"flatters_SB | -20.61% vs PDG Leg A (~1 muon cm^-2 min^-1 x A_top = 1.7204 Hz) | BRACKETING DISCLOSURE: PDG Leg B (I_v ~ 70 m^-2 s^-1 sr^-1 with cos^2 theta -> 1.1350 Hz) puts the same adopted 1.3659 Hz at +20.34%, i.e. penalizes_SB; the two PDG statements BRACKET the adopted rate from opposite sides, so the ~20% MAGNITUDE is solid and the SIGN is anchor-leg dependent | underlying limit: 30-35% inter-experiment Gaisser-Guan normalization spread, which no in-repo artifact can narrow","neutral | +0.00% vs the LABChico measured survey, which IS the adopted normalization | factor-2 site-dependent band x0.5 .. x2 (the low edge is the flattering one and is not used) | weakest anchor: the U-chain flux rests on an assumed Phi_U = Phi_Th chain balance, not a measured line intensity"
8.413951416e+00,4.436921e+02,4.436921e+02,2.883998e+02,5.989843e+02,5.883346e+03,5.883346e+03,2.941673e+03,1.176669e+04,differential_rate_regime,"flatters_SB | -20.61% vs PDG Leg A (~1 muon cm^-2 min^-1 x A_top = 1.7204 Hz) | BRACKETING DISCLOSURE: PDG Leg B (I_v ~ 70 m^-2 s^-1 sr^-1 with cos^2 theta -> 1.1350 Hz) puts the same adopted 1.3659 Hz at +20.34%, i.e. penalizes_SB; the two PDG statements BRACKET the adopted rate from opposite sides, so the ~20% MAGNITUDE is solid and the SIGN is anchor-leg dependent | underlying limit: 30-35% inter-experiment Gaisser-Guan normalization spread, which no in-repo artifact can narrow","neutral | +0.00% vs the LABChico measured survey, which IS the adopted normalization | factor-2 site-dependent band x0.5 .. x2 (the low edge is the flattering one and is not used) | weakest anchor: the U-chain flux rests on an assumed Phi_U = Phi_Th chain balance, not a measured line intensity"
9.440608763e+00,6.233642e+02,6.233642e+02,4.051867e+02,8.415417e+02,8.455281e+03,8.455281e+03,4.227640e+03,1.691056e+04,differential_rate_regime,"flatters_SB | -20.61% vs PDG Leg A (~1 muon cm^-2 min^-1 x A_top = 1.7204 Hz) | BRACKETING DISCLOSURE: PDG Leg B (I_v ~ 70 m^-2 s^-1 sr^-1 with cos^2 theta -> 1.1350 Hz) puts the same adopted 1.3659 Hz at +20.34%, i.e. penalizes_SB; the two PDG statements BRACKET the adopted rate from opposite sides, so the ~20% MAGNITUDE is solid and the SIGN is anchor-leg dependent | underlying limit: 30-35% inter-experiment Gaisser-Guan normalization spread, which no in-repo artifact can narrow","neutral | +0.00% vs the LABChico measured survey, which IS the adopted normalization | factor-2 site-dependent band x0.5 .. x2 (the low edge is the flattering one and is not used) | weakest anchor: the U-chain flux rests on an assumed Phi_U = Phi_Th chain balance, not a measured line intensity"
1.059253725e+01,8.163925e+02,8.163925e+02,5.306551e+02,1.102130e+03,1.070465e+04,1.070465e+04,5.352327e+03,2.140931e+04,differential_rate_regime,"flatters_SB | -20.61% vs PDG Leg A (~1 muon cm^-2 min^-1 x A_top = 1.7204 Hz) | BRACKETING DISCLOSURE: PDG Leg B (I_v ~ 70 m^-2 s^-1 sr^-1 with cos^2 theta -> 1.1350 Hz) puts the same adopted 1.3659 Hz at +20.34%, i.e. penalizes_SB; the two PDG statements BRACKET the adopted rate from opposite sides, so the ~20% MAGNITUDE is solid and the SIGN is anchor-leg dependent | underlying limit: 30-35% inter-experiment Gaisser-Guan normalization spread, which no in-repo artifact can narrow","neutral | +0.00% vs the LABChico measured survey, which IS the adopted normalization | factor-2 site-dependent band x0.5 .. x2 (the low edge is the flattering one and is not used) | weakest anchor: the U-chain flux rests on an assumed Phi_U = Phi_Th chain balance, not a measured line intensity"
1.188502227e+01,1.221340e+03,1.221340e+03,7.938711e+02,1.648809e+03,1.207381e+04,1.207381e+04,6.036904e+03,2.414762e+04,differential_rate_regime,"flatters_SB | -20.61% vs PDG Leg A (~1 muon cm^-2 min^-1 x A_top = 1.7204 Hz) | BRACKETING DISCLOSURE: PDG Leg B (I_v ~ 70 m^-2 s^-1 sr^-1 with cos^2 theta -> 1.1350 Hz) puts the same adopted 1.3659 Hz at +20.34%, i.e. penalizes_SB; the two PDG statements BRACKET the adopted rate from opposite sides, so the ~20% MAGNITUDE is solid and the SIGN is anchor-leg dependent | underlying limit: 30-35% inter-experiment Gaisser-Guan normalization spread, which no in-repo artifact can narrow","neutral | +0.00% vs the LABChico measured survey, which IS the adopted normalization | factor-2 site-dependent band x0.5 .. x2 (the low edge is the flattering one and is not used) | weakest anchor: the U-chain flux rests on an assumed Phi_U = Phi_Th chain balance, not a measured line intensity"
1.333521432e+01,1.762727e+03,1.762727e+03,1.145772e+03,2.379681e+03,1.395421e+04,1.395421e+04,6.977106e+03,2.790842e+04,differential_rate_regime,"flatters_SB | -20.61% vs PDG Leg A (~1 muon cm^-2 min^-1 x A_top = 1.7204 Hz) | BRACKETING DISCLOSURE: PDG Leg B (I_v ~ 70 m^-2 s^-1 sr^-1 with cos^2 theta -> 1.1350 Hz) puts the same adopted 1.3659 Hz at +20.34%, i.e. penalizes_SB; the two PDG statements BRACKET the adopted rate from opposite sides, so the ~20% MAGNITUDE is solid and the SIGN is anchor-leg dependent | underlying limit: 30-35% inter-experiment Gaisser-Guan normalization spread, which no in-repo artifact can narrow","neutral | +0.00% vs the LABChico measured survey, which IS the adopted normalization | factor-2 site-dependent band x0.5 .. x2 (the low edge is the flattering one and is not used) | weakest anchor: the U-chain flux rests on an assumed Phi_U = Phi_Th chain balance, not a measured line intensity"
1.496235656e+01,2.872885e+03,2.872885e+03,1.867375e+03,3.878394e+03,1.776246e+04,1.776246e+04,8.881231e+03,3.552492e+04,differential_rate_regime,"flatters_SB | -20.61% vs PDG Leg A (~1 muon cm^-2 min^-1 x A_top = 1.7204 Hz) | BRACKETING DISCLOSURE: PDG Leg B (I_v ~ 70 m^-2 s^-1 sr^-1 with cos^2 theta -> 1.1350 Hz) puts the same adopted 1.3659 Hz at +20.34%, i.e. penalizes_SB; the two PDG statements BRACKET the adopted rate from opposite sides, so the ~20% MAGNITUDE is solid and the SIGN is anchor-leg dependent | underlying limit: 30-35% inter-experiment Gaisser-Guan normalization spread, which no in-repo artifact can narrow","neutral | +0.00% vs the LABChico measured survey, which IS the adopted normalization | factor-2 site-dependent band x0.5 .. x2 (the low edge is the flattering one and is not used) | weakest anchor: the U-chain flux rests on an assumed Phi_U = Phi_Th chain balance, not a measured line intensity"
1.678804018e+01,9.785708e+03,9.785708e+03,6.360710e+03,1.321071e+04,3.102360e+04,3.102360e+04,1.551180e+04,6.204719e+04,differential_rate_regime,"flatters_SB | -20.61% vs PDG Leg A (~1 muon cm^-2 min^-1 x A_top = 1.7204 Hz) | BRACKETING DISCLOSURE: PDG Leg B (I_v ~ 70 m^-2 s^-1 sr^-1 with cos^2 theta -> 1.1350 Hz) puts the same adopted 1.3659 Hz at +20.34%, i.e. penalizes_SB; the two PDG statements BRACKET the adopted rate from opposite sides, so the ~20% MAGNITUDE is solid and the SIGN is anchor-leg dependent | underlying limit: 30-35% inter-experiment Gaisser-Guan normalization spread, which no in-repo artifact can narrow","neutral | +0.00% vs the LABChico measured survey, which IS the adopted normalization | factor-2 site-dependent band x0.5 .. x2 (the low edge is the flattering one and is not used) | weakest anchor: the U-chain flux rests on an assumed Phi_U = Phi_Th chain balance, not a measured line intensity"
1.883649089e+01,3.451489e+05,3.451489e+05,2.243468e+05,4.659510e+05,1.452804e+04,1.452804e+04,7.264021e+03,2.905609e+04,differential_rate_regime,"flatters_SB | -20.61% vs PDG Leg A (~1 muon cm^-2 min^-1 x A_top = 1.7204 Hz) | BRACKETING DISCLOSURE: PDG Leg B (I_v ~ 70 m^-2 s^-1 sr^-1 with cos^2 theta -> 1.1350 Hz) puts the same adopted 1.3659 Hz at +20.34%, i.e. penalizes_SB; the two PDG statements BRACKET the adopted rate from opposite sides, so the ~20% MAGNITUDE is solid and the SIGN is anchor-leg dependent | underlying limit: 30-35% inter-experiment Gaisser-Guan normalization spread, which no in-repo artifact can narrow","neutral | +0.00% vs the LABChico measured survey, which IS the adopted normalization | factor-2 site-dependent band x0.5 .. x2 (the low edge is the flattering one and is not used) | weakest anchor: the U-chain flux rests on an assumed Phi_U = Phi_Th chain balance, not a measured line intensity"
2.113489040e+01,9.876355e+04,9.876355e+04,6.419631e+04,1.333308e+05,4.949569e+02,4.949569e+02,2.474785e+02,9.899139e+02,differential_rate_regime,"flatters_SB | -20.61% vs PDG Leg A (~1 muon cm^-2 min^-1 x A_top = 1.7204 Hz) | BRACKETING DISCLOSURE: PDG Leg B (I_v ~ 70 m^-2 s^-1 sr^-1 with cos^2 theta -> 1.1350 Hz) puts the same adopted 1.3659 Hz at +20.34%, i.e. penalizes_SB; the two PDG statements BRACKET the adopted rate from opposite sides, so the ~20% MAGNITUDE is solid and the SIGN is anchor-leg dependent | underlying limit: 30-35% inter-experiment Gaisser-Guan normalization spread, which no in-repo artifact can narrow","neutral | +0.00% vs the LABChico measured survey, which IS the adopted normalization | factor-2 site-dependent band x0.5 .. x2 (the low edge is the flattering one and is not used) | weakest anchor: the U-chain flux rests on an assumed Phi_U = Phi_Th chain balance, not a measured line intensity"
2.371373706e+01,1.430721e+04,1.430721e+04,9.299683e+03,1.931473e+04,0.000000e+00,0.000000e+00,0.000000e+00,0.000000e+00,differential_rate_regime,"flatters_SB | -20.61% vs PDG Leg A (~1 muon cm^-2 min^-1 x A_top = 1.7204 Hz) | BRACKETING DISCLOSURE: PDG Leg B (I_v ~ 70 m^-2 s^-1 sr^-1 with cos^2 theta -> 1.1350 Hz) puts the same adopted 1.3659 Hz at +20.34%, i.e. penalizes_SB; the two PDG statements BRACKET the adopted rate from opposite sides, so the ~20% MAGNITUDE is solid and the SIGN is anchor-leg dependent | underlying limit: 30-35% inter-experiment Gaisser-Guan normalization spread, which no in-repo artifact can narrow","neutral | +0.00% vs the LABChico measured survey, which IS the adopted normalization | factor-2 site-dependent band x0.5 .. x2 (the low edge is the flattering one and is not used) | weakest anchor: the U-chain flux rests on an assumed Phi_U = Phi_Th chain balance, not a measured line intensity"
2.660725060e+01,2.807760e+03,2.807760e+03,1.825044e+03,3.790476e+03,0.000000e+00,0.000000e+00,0.000000e+00,0.000000e+00,differential_rate_regime,"flatters_SB | -20.61% vs PDG Leg A (~1 muon cm^-2 min^-1 x A_top = 1.7204 Hz) | BRACKETING DISCLOSURE: PDG Leg B (I_v ~ 70 m^-2 s^-1 sr^-1 with cos^2 theta -> 1.1350 Hz) puts the same adopted 1.3659 Hz at +20.34%, i.e. penalizes_SB; the two PDG statements BRACKET the adopted rate from opposite sides, so the ~20% MAGNITUDE is solid and the SIGN is anchor-leg dependent | underlying limit: 30-35% inter-experiment Gaisser-Guan normalization spread, which no in-repo artifact can narrow","neutral | +0.00% vs the LABChico measured survey, which IS the adopted normalization | factor-2 site-dependent band x0.5 .. x2 (the low edge is the flattering one and is not used) | weakest anchor: the U-chain flux rests on an assumed Phi_U = Phi_Th chain balance, not a measured line intensity"
2.985382619e+01,9.080291e+02,9.080291e+02,5.902189e+02,1.225839e+03,0.000000e+00,0.000000e+00,0.000000e+00,0.000000e+00,differential_rate_regime,"flatters_SB | -20.61% vs PDG Leg A (~1 muon cm^-2 min^-1 x A_top = 1.7204 Hz) | BRACKETING DISCLOSURE: PDG Leg B (I_v ~ 70 m^-2 s^-1 sr^-1 with cos^2 theta -> 1.1350 Hz) puts the same adopted 1.3659 Hz at +20.34%, i.e. penalizes_SB; the two PDG statements BRACKET the adopted rate from opposite sides, so the ~20% MAGNITUDE is solid and the SIGN is anchor-leg dependent | underlying limit: 30-35% inter-experiment Gaisser-Guan normalization spread, which no in-repo artifact can narrow","neutral | +0.00% vs the LABChico measured survey, which IS the adopted normalization | factor-2 site-dependent band x0.5 .. x2 (the low edge is the flattering one and is not used) | weakest anchor: the U-chain flux rests on an assumed Phi_U = Phi_Th chain balance, not a measured line intensity"
3.349654392e+01,2.986172e+02,2.986172e+02,1.941012e+02,4.031333e+02,0.000000e+00,0.000000e+00,0.000000e+00,0.000000e+00,differential_rate_regime,"flatters_SB | -20.61% vs PDG Leg A (~1 muon cm^-2 min^-1 x A_top = 1.7204 Hz) | BRACKETING DISCLOSURE: PDG Leg B (I_v ~ 70 m^-2 s^-1 sr^-1 with cos^2 theta -> 1.1350 Hz) puts the same adopted 1.3659 Hz at +20.34%, i.e. penalizes_SB; the two PDG statements BRACKET the adopted rate from opposite sides, so the ~20% MAGNITUDE is solid and the SIGN is anchor-leg dependent | underlying limit: 30-35% inter-experiment Gaisser-Guan normalization spread, which no in-repo artifact can narrow","neutral | +0.00% vs the LABChico measured survey, which IS the adopted normalization | factor-2 site-dependent band x0.5 .. x2 (the low edge is the flattering one and is not used) | weakest anchor: the U-chain flux rests on an assumed Phi_U = Phi_Th chain balance, not a measured line intensity"
3.758374043e+01,0.000000e+00,0.000000e+00,0.000000e+00,0.000000e+00,0.000000e+00,0.000000e+00,0.000000e+00,0.000000e+00,differential_rate_regime,"flatters_SB | -20.61% vs PDG Leg A (~1 muon cm^-2 min^-1 x A_top = 1.7204 Hz) | BRACKETING DISCLOSURE: PDG Leg B (I_v ~ 70 m^-2 s^-1 sr^-1 with cos^2 theta -> 1.1350 Hz) puts the same adopted 1.3659 Hz at +20.34%, i.e. penalizes_SB; the two PDG statements BRACKET the adopted rate from opposite sides, so the ~20% MAGNITUDE is solid and the SIGN is anchor-leg dependent | underlying limit: 30-35% inter-experiment Gaisser-Guan normalization spread, which no in-repo artifact can narrow","neutral | +0.00% vs the LABChico measured survey, which IS the adopted normalization | factor-2 site-dependent band x0.5 .. x2 (the low edge is the flattering one and is not used) | weakest anchor: the U-chain flux rests on an assumed Phi_U = Phi_Th chain balance, not a measured line intensity"
4.216965034e+01,0.000000e+00,0.000000e+00,0.000000e+00,0.000000e+00,0.000000e+00,0.000000e+00,0.000000e+00,0.000000e+00,differential_rate_regime,"flatters_SB | -20.61% vs PDG Leg A (~1 muon cm^-2 min^-1 x A_top = 1.7204 Hz) | BRACKETING DISCLOSURE: PDG Leg B (I_v ~ 70 m^-2 s^-1 sr^-1 with cos^2 theta -> 1.1350 Hz) puts the same adopted 1.3659 Hz at +20.34%, i.e. penalizes_SB; the two PDG statements BRACKET the adopted rate from opposite sides, so the ~20% MAGNITUDE is solid and the SIGN is anchor-leg dependent | underlying limit: 30-35% inter-experiment Gaisser-Guan normalization spread, which no in-repo artifact can narrow","neutral | +0.00% vs the LABChico measured survey, which IS the adopted normalization | factor-2 site-dependent band x0.5 .. x2 (the low edge is the flattering one and is not used) | weakest anchor: the U-chain flux rests on an assumed Phi_U = Phi_Th chain balance, not a measured line intensity"
4.731512590e+01,0.000000e+00,0.000000e+00,0.000000e+00,0.000000e+00,0.000000e+00,0.000000e+00,0.000000e+00,0.000000e+00,differential_rate_regime,"flatters_SB | -20.61% vs PDG Leg A (~1 muon cm^-2 min^-1 x A_top = 1.7204 Hz) | BRACKETING DISCLOSURE: PDG Leg B (I_v ~ 70 m^-2 s^-1 sr^-1 with cos^2 theta -> 1.1350 Hz) puts the same adopted 1.3659 Hz at +20.34%, i.e. penalizes_SB; the two PDG statements BRACKET the adopted rate from opposite sides, so the ~20% MAGNITUDE is solid and the SIGN is anchor-leg dependent | underlying limit: 30-35% inter-experiment Gaisser-Guan normalization spread, which no in-repo artifact can narrow","neutral | +0.00% vs the LABChico measured survey, which IS the adopted normalization | factor-2 site-dependent band x0.5 .. x2 (the low edge is the flattering one and is not used) | weakest anchor: the U-chain flux rests on an assumed Phi_U = Phi_Th chain balance, not a measured line intensity"
5.308844442e+01,0.000000e+00,0.000000e+00,0.000000e+00,0.000000e+00,0.000000e+00,0.000000e+00,0.000000e+00,0.000000e+00,differential_rate_regime,"flatters_SB | -20.61% vs PDG Leg A (~1 muon cm^-2 min^-1 x A_top = 1.7204 Hz) | BRACKETING DISCLOSURE: PDG Leg B (I_v ~ 70 m^-2 s^-1 sr^-1 with cos^2 theta -> 1.1350 Hz) puts the same adopted 1.3659 Hz at +20.34%, i.e. penalizes_SB; the two PDG statements BRACKET the adopted rate from opposite sides, so the ~20% MAGNITUDE is solid and the SIGN is anchor-leg dependent | underlying limit: 30-35% inter-experiment Gaisser-Guan normalization spread, which no in-repo artifact can narrow","neutral | +0.00% vs the LABChico measured survey, which IS the adopted normalization | factor-2 site-dependent band x0.5 .. x2 (the low edge is the flattering one and is not used) | weakest anchor: the U-chain flux rests on an assumed Phi_U = Phi_Th chain balance, not a measured line intensity"
5.956621435e+01,0.000000e+00,0.000000e+00,0.000000e+00,0.000000e+00,0.000000e+00,0.000000e+00,0.000000e+00,0.000000e+00,differential_rate_regime,"flatters_SB | -20.61% vs PDG Leg A (~1 muon cm^-2 min^-1 x A_top = 1.7204 Hz) | BRACKETING DISCLOSURE: PDG Leg B (I_v ~ 70 m^-2 s^-1 sr^-1 with cos^2 theta -> 1.1350 Hz) puts the same adopted 1.3659 Hz at +20.34%, i.e. penalizes_SB; the two PDG statements BRACKET the adopted rate from opposite sides, so the ~20% MAGNITUDE is solid and the SIGN is anchor-leg dependent | underlying limit: 30-35% inter-experiment Gaisser-Guan normalization spread, which no in-repo artifact can narrow","neutral | +0.00% vs the LABChico measured survey, which IS the adopted normalization | factor-2 site-dependent band x0.5 .. x2 (the low edge is the flattering one and is not used) | weakest anchor: the U-chain flux rests on an assumed Phi_U = Phi_Th chain balance, not a measured line intensity"
6.683439176e+01,0.000000e+00,0.000000e+00,0.000000e+00,0.000000e+00,0.000000e+00,0.000000e+00,0.000000e+00,0.000000e+00,differential_rate_regime,"flatters_SB | -20.61% vs PDG Leg A (~1 muon cm^-2 min^-1 x A_top = 1.7204 Hz) | BRACKETING DISCLOSURE: PDG Leg B (I_v ~ 70 m^-2 s^-1 sr^-1 with cos^2 theta -> 1.1350 Hz) puts the same adopted 1.3659 Hz at +20.34%, i.e. penalizes_SB; the two PDG statements BRACKET the adopted rate from opposite sides, so the ~20% MAGNITUDE is solid and the SIGN is anchor-leg dependent | underlying limit: 30-35% inter-experiment Gaisser-Guan normalization spread, which no in-repo artifact can narrow","neutral | +0.00% vs the LABChico measured survey, which IS the adopted normalization | factor-2 site-dependent band x0.5 .. x2 (the low edge is the flattering one and is not used) | weakest anchor: the U-chain flux rests on an assumed Phi_U = Phi_Th chain balance, not a measured line intensity"
7.498942093e+01,0.000000e+00,0.000000e+00,0.000000e+00,0.000000e+00,0.000000e+00,0.000000e+00,0.000000e+00,0.000000e+00,differential_rate_regime,"flatters_SB | -20.61% vs PDG Leg A (~1 muon cm^-2 min^-1 x A_top = 1.7204 Hz) | BRACKETING DISCLOSURE: PDG Leg B (I_v ~ 70 m^-2 s^-1 sr^-1 with cos^2 theta -> 1.1350 Hz) puts the same adopted 1.3659 Hz at +20.34%, i.e. penalizes_SB; the two PDG statements BRACKET the adopted rate from opposite sides, so the ~20% MAGNITUDE is solid and the SIGN is anchor-leg dependent | underlying limit: 30-35% inter-experiment Gaisser-Guan normalization spread, which no in-repo artifact can narrow","neutral | +0.00% vs the LABChico measured survey, which IS the adopted normalization | factor-2 site-dependent band x0.5 .. x2 (the low edge is the flattering one and is not used) | weakest anchor: the U-chain flux rests on an assumed Phi_U = Phi_Th chain balance, not a measured line intensity"
8.413951416e+01,0.000000e+00,0.000000e+00,0.000000e+00,0.000000e+00,0.000000e+00,0.000000e+00,0.000000e+00,0.000000e+00,differential_rate_regime,"flatters_SB | -20.61% vs PDG Leg A (~1 muon cm^-2 min^-1 x A_top = 1.7204 Hz) | BRACKETING DISCLOSURE: PDG Leg B (I_v ~ 70 m^-2 s^-1 sr^-1 with cos^2 theta -> 1.1350 Hz) puts the same adopted 1.3659 Hz at +20.34%, i.e. penalizes_SB; the two PDG statements BRACKET the adopted rate from opposite sides, so the ~20% MAGNITUDE is solid and the SIGN is anchor-leg dependent | underlying limit: 30-35% inter-experiment Gaisser-Guan normalization spread, which no in-repo artifact can narrow","neutral | +0.00% vs the LABChico measured survey, which IS the adopted normalization | factor-2 site-dependent band x0.5 .. x2 (the low edge is the flattering one and is not used) | weakest anchor: the U-chain flux rests on an assumed Phi_U = Phi_Th chain balance, not a measured line intensity"
9.440608763e+01,0.000000e+00,0.000000e+00,0.000000e+00,0.000000e+00,0.000000e+00,0.000000e+00,0.000000e+00,0.000000e+00,differential_rate_regime,"flatters_SB | -20.61% vs PDG Leg A (~1 muon cm^-2 min^-1 x A_top = 1.7204 Hz) | BRACKETING DISCLOSURE: PDG Leg B (I_v ~ 70 m^-2 s^-1 sr^-1 with cos^2 theta -> 1.1350 Hz) puts the same adopted 1.3659 Hz at +20.34%, i.e. penalizes_SB; the two PDG statements BRACKET the adopted rate from opposite sides, so the ~20% MAGNITUDE is solid and the SIGN is anchor-leg dependent | underlying limit: 30-35% inter-experiment Gaisser-Guan normalization spread, which no in-repo artifact can narrow","neutral | +0.00% vs the LABChico measured survey, which IS the adopted normalization | factor-2 site-dependent band x0.5 .. x2 (the low edge is the flattering one and is not used) | weakest anchor: the U-chain flux rests on an assumed Phi_U = Phi_Th chain balance, not a measured line intensity"
