# QPD Phase-14 Plan 14-01 -- Ge (n,gamma) CAPTURE and DISCRETE-INELASTIC cross sections
# ACCURACY_LABEL = order_of_magnitude   <-- attached at the point of definition and to every row.
#
# =================== THE MF=3 MT=102 TRAP, RECORDED IN WORDS ===================
# MF=3 MT=102 in data/endf/raw/n_*.dat is IDENTICALLY 0.0 through the RESOLVED
# RESONANCE REGION.  In the RRR the capture cross section lives in FILE 2 as
# resonance parameters and File 3 carries only the smooth background.  Reading MF=3
# MT=102 at 0.0253 eV therefore returns 0.0 -- which is exactly the 'capture channel
# is zero' outcome ROADMAP Phase 14 names as a FORBIDDEN PROXY, manufactured out of a
# file that DOES contain the physics.  MEASURED THIS RUN at E = 0.0253 eV, 1 eV, 100 eV, 1000 eV:
#   MF3 MT=102 Ge-70: 0, 0, 0, 0  b
#   MF3 MT=102 Ge-72: 0, 0, 0, 0  b
#   MF3 MT=102 Ge-73: 0, 0, 0, 0  b
#   MF3 MT=102 Ge-74: 0, 0, 0, 0  b
#   MF3 MT=102 Ge-76: 0, 0, 0, 0  b
# THE OPERATIVE SOURCE IS THE PRE-RECONSTRUCTED, DOPPLER-BROADENED LANL Lib80x ACE
# SET at data/endf/ace/32*.800nc -- the same resolution Phase 7 reached for elastic
# and for the same reason.  The switch is recorded here rather than made silently.
# The MF=3 QM field IS used: QM is the reaction Q-value and is well defined in File 3
# even where the File-3 cross section is zero.
#
# ================================== AXIS TAG ==================================
# E_eV is INCIDENT NEUTRON KINETIC ENERGY.  It is NOT a recoil axis and NOT a
# deposited-energy axis.  No recoil kinematics and no quenching appear in this file.
#
# ================================= PROVENANCE =================================
# source           = ENDF/B-VIII.0 neutron sublibrary (Brown et al., NDS 148, 2018)
# reaction         = MF=3 MT=102 (QM only) ; ACE MT=102 (sigma_capture) ; ACE MT=51..91 (inelastic)
# per_isotope_MAT  = 70Ge=MAT3225, 72Ge=MAT3231, 73Ge=MAT3234, 74Ge=MAT3237, 76Ge=MAT3243   (read from the file header, not hardcoded)
# raw_sha256_head  = 70Ge=b5ffddab96812b80, 72Ge=a7363dbe3188e70c, 73Ge=b10cf72cf6033be8, 74Ge=b3ce516fef6cac64, 76Ge=465ad000aa0d8c28
# ace_library      = LANL Lib80x (ENDF/B-VIII.0-based ACE), LA-UR-18-24034 (2018)
# ace_zaids        = 70Ge=32070.800nc, 72Ge=32072.800nc, 73Ge=32073.800nc, 74Ge=32074.800nc, 76Ge=32076.800nc
# ace_sha256_head  = 70Ge=928029361bb19b2d, 72Ge=74cd9cb0e2506b2f, 73Ge=02950449a244ba3b, 74Ge=525833976b987d76, 76Ge=a939783cfff2409a
# ace_temperature  = 294K (ZAID ext .800nc = 293.6 K); the 0.1 K set .805nc (0K) is used ONLY for the Doppler-sensitivity check in capture_rate_bands.csv
# ace_reader       = endf.IncidentNeutron.from_ace() (endf 0.1.12)
# abundances       = params.GE_ISOTOPES (IUPAC, Phase-7 nuclear-data lock): 70Ge=0.2057, 72Ge=0.2745, 73Ge=0.0775, 74Ge=0.365, 76Ge=0.0773
# N_Ge             = 8.291565e+24 atoms/kg (derived from the frozen elastic table's own N_Ge and rho; CONVENTIONS Section D quotes 8.29e24)
# git_sha          = 3365f48
# reproduce        = PYTHONPATH=src /opt/anaconda3/bin/python3 -c "from qpd_potential import capture_channel as c; c.write_capture_xs_csv()"
#
# ==================== VALIDATION (computed this run, not memorized) ====================
# natural sigma_(n,gamma)(0.0253 eV) = 2.211522 b   [ROADMAP states ~2.2 b INDEPENDENTLY; nothing here is fitted or scaled to it]
#   70Ge: sigma_th = 3.0517 b, abundance = 0.2057, share of natural thermal capture = 28.38%
#   72Ge: sigma_th = 0.8857 b, abundance = 0.2745, share of natural thermal capture = 10.99%
#   73Ge: sigma_th = 14.7009 b, abundance = 0.0775, share of natural thermal capture = 51.52%
#   74Ge: sigma_th = 0.5189 b, abundance = 0.3650, share of natural thermal capture = 8.56%
#   76Ge: sigma_th = 0.1546 b, abundance = 0.0773, share of natural thermal capture = 0.54%
#   NOTE 73Ge: 7.75% of the atoms carrying 51.52% of the natural thermal capture.
# per-isotope capture Q-value, READ from the MF=3 MT=102 QM field, and the SINGLE-GAMMA
# kinematic ceiling T_max = Q^2/(2 M_(A+1) c^2).  THE CEILING IS NOT THE CASCADE ANSWER:
# a real capture de-excites through a multi-gamma cascade and Sum(E^2) != (Sum E)^2.
#   70Ge -> 71Ge: Q_cap = 7415890.0 eV, T_max = 415.77 eV
#   72Ge -> 73Ge: Q_cap = 6782890.0 eV, T_max = 338.30 eV
#   73Ge -> 74Ge: Q_cap = 10196200.0 eV, T_max = 754.11 eV
#   74Ge -> 75Ge: Q_cap = 6505220.0 eV, T_max = 302.87 eV
#   76Ge -> 77Ge: Q_cap = 6072570.0 eV, T_max = 257.07 eV
#   maximum ceiling: 73Ge at 754.11 eV -- and that is ALSO the isotope dominating the capture rate.
#   ROADMAP's generic '473 eV at 8 MeV' is an ILLUSTRATION, not the Ge answer; the Ge
#   ceilings follow from the actual QM values above and are not reconciled to it.
# MESH: this artifact is emitted on a STATED log grid of 100 nodes/decade.  THE FOLD DOES NOT USE THIS GRID -- it uses the
#   ACE NATIVE union grid (NJOY lin-lin, err=1e-3) unioned with 200 nodes/decade.
#   INT sigma_nat dE over 0.1 keV - 1 MeV: artifact grid 2.560371e+04 b.eV vs native 2.635979e+04 b.eV, relative difference -2.8683% -- reported so
#   the artifact's coarseness cannot be mistaken for the fold's.
# NCrystal is NOT used here and the reduction is stated with its reason: NCrystal supplies
#   a thermal SCATTERING law S(q,omega); sigma_(n,gamma) is smooth and 1/v and needs none.
# columns: E_eV, sigma_capture_{70,72,73,74,76}Ge_b, sigma_capture_natural_b,
#          sigma_inelastic_MT51_91_natural_b, accuracy_label
E_eV,sigma_capture_70Ge_b,sigma_capture_72Ge_b,sigma_capture_73Ge_b,sigma_capture_74Ge_b,sigma_capture_76Ge_b,sigma_capture_natural_b,sigma_inelastic_MT51_91_natural_b,accuracy_label
1.000000000e-02,4.854334e+00,1.408908e+00,2.338650e+01,8.253515e-01,2.459095e-01,3.517998e+00,0.000000e+00,order_of_magnitude
1.023295602e-02,4.799078e+00,1.392871e+00,2.312027e+01,8.159572e-01,2.431106e-01,3.477951e+00,0.000000e+00,order_of_magnitude
1.047133889e-02,4.744210e+00,1.376947e+00,2.285591e+01,8.066288e-01,2.403313e-01,3.438186e+00,0.000000e+00,order_of_magnitude
1.071527503e-02,4.689806e+00,1.361157e+00,2.259378e+01,7.973793e-01,2.375755e-01,3.398757e+00,0.000000e+00,order_of_magnitude
1.096489381e-02,4.635922e+00,1.345518e+00,2.233416e+01,7.882183e-01,2.348461e-01,3.359704e+00,0.000000e+00,order_of_magnitude
1.122032761e-02,4.582853e+00,1.330116e+00,2.207847e+01,7.791958e-01,2.321580e-01,3.321244e+00,0.000000e+00,order_of_magnitude
1.148171190e-02,4.530512e+00,1.314926e+00,2.182629e+01,7.702974e-01,2.295068e-01,3.283311e+00,0.000000e+00,order_of_magnitude
1.174918528e-02,4.478690e+00,1.299886e+00,2.157660e+01,7.614868e-01,2.268818e-01,3.245752e+00,0.000000e+00,order_of_magnitude
1.202288963e-02,4.427410e+00,1.285003e+00,2.132952e+01,7.527686e-01,2.242843e-01,3.208587e+00,0.000000e+00,order_of_magnitude
1.230297008e-02,4.376691e+00,1.270283e+00,2.108515e+01,7.441457e-01,2.217153e-01,3.171829e+00,0.000000e+00,order_of_magnitude
1.258957517e-02,4.326544e+00,1.255729e+00,2.084354e+01,7.356202e-01,2.191752e-01,3.135486e+00,0.000000e+00,order_of_magnitude
1.288285690e-02,4.276974e+00,1.241343e+00,2.060470e+01,7.271927e-01,2.166643e-01,3.099560e+00,0.000000e+00,order_of_magnitude
1.318297080e-02,4.227980e+00,1.227124e+00,2.036865e+01,7.188632e-01,2.141827e-01,3.064053e+00,0.000000e+00,order_of_magnitude
1.349007604e-02,4.179561e+00,1.213071e+00,2.013535e+01,7.106313e-01,2.117301e-01,3.028961e+00,0.000000e+00,order_of_magnitude
1.380433548e-02,4.131840e+00,1.199221e+00,1.990543e+01,7.025183e-01,2.093130e-01,2.994376e+00,0.000000e+00,order_of_magnitude
1.412591579e-02,4.085018e+00,1.185632e+00,1.967984e+01,6.945581e-01,2.069414e-01,2.960442e+00,0.000000e+00,order_of_magnitude
1.445498750e-02,4.037841e+00,1.171940e+00,1.945253e+01,6.865375e-01,2.045517e-01,2.926251e+00,0.000000e+00,order_of_magnitude
1.479172513e-02,3.991909e+00,1.158609e+00,1.923121e+01,6.787284e-01,2.022251e-01,2.892961e+00,0.000000e+00,order_of_magnitude
1.513630727e-02,3.946033e+00,1.145295e+00,1.901017e+01,6.709290e-01,1.999014e-01,2.859712e+00,0.000000e+00,order_of_magnitude
1.548891666e-02,3.900850e+00,1.132182e+00,1.879248e+01,6.632474e-01,1.976128e-01,2.826966e+00,0.000000e+00,order_of_magnitude
1.584974029e-02,3.856291e+00,1.119250e+00,1.857778e+01,6.556720e-01,1.953558e-01,2.794673e+00,0.000000e+00,order_of_magnitude
1.621896953e-02,3.811734e+00,1.106319e+00,1.836309e+01,6.480967e-01,1.930989e-01,2.762380e+00,0.000000e+00,order_of_magnitude
1.659680019e-02,3.768484e+00,1.093767e+00,1.815470e+01,6.407438e-01,1.909082e-01,2.731034e+00,0.000000e+00,order_of_magnitude
1.698343264e-02,3.725109e+00,1.081178e+00,1.794571e+01,6.333695e-01,1.887111e-01,2.699598e+00,0.000000e+00,order_of_magnitude
1.737907192e-02,3.682476e+00,1.068805e+00,1.774030e+01,6.261215e-01,1.865517e-01,2.668700e+00,0.000000e+00,order_of_magnitude
1.778392786e-02,3.640445e+00,1.056606e+00,1.753778e+01,6.189758e-01,1.844227e-01,2.638238e+00,0.000000e+00,order_of_magnitude
1.819821517e-02,3.598508e+00,1.044435e+00,1.733572e+01,6.118460e-01,1.822985e-01,2.607844e+00,0.000000e+00,order_of_magnitude
1.862215354e-02,3.557391e+00,1.032502e+00,1.713760e+01,6.048557e-01,1.802158e-01,2.578044e+00,0.000000e+00,order_of_magnitude
1.905596781e-02,3.516763e+00,1.020711e+00,1.694185e+01,5.979485e-01,1.781579e-01,2.548599e+00,0.000000e+00,order_of_magnitude
1.949988805e-02,3.476352e+00,1.008983e+00,1.674714e+01,5.910782e-01,1.761111e-01,2.519311e+00,0.000000e+00,order_of_magnitude
1.995414968e-02,3.436423e+00,9.973941e-01,1.655474e+01,5.842898e-01,1.740885e-01,2.490372e+00,0.000000e+00,order_of_magnitude
2.041899361e-02,3.397298e+00,9.860392e-01,1.636622e+01,5.776382e-01,1.721068e-01,2.462016e+00,0.000000e+00,order_of_magnitude
2.089466635e-02,3.358369e+00,9.747412e-01,1.617865e+01,5.710200e-01,1.701350e-01,2.433802e+00,0.000000e+00,order_of_magnitude
2.138142018e-02,3.319719e+00,9.635241e-01,1.599242e+01,5.644491e-01,1.681773e-01,2.405790e+00,0.000000e+00,order_of_magnitude
2.187951323e-02,3.281770e+00,9.525105e-01,1.580956e+01,5.579974e-01,1.662551e-01,2.378286e+00,0.000000e+00,order_of_magnitude
2.238920966e-02,3.244291e+00,9.416330e-01,1.562897e+01,5.516255e-01,1.643567e-01,2.351122e+00,0.000000e+00,order_of_magnitude
2.291077978e-02,3.207125e+00,9.308468e-01,1.544990e+01,5.453071e-01,1.624743e-01,2.324187e+00,0.000000e+00,order_of_magnitude
2.344450018e-02,3.170313e+00,9.201631e-01,1.527252e+01,5.390487e-01,1.606097e-01,2.297507e+00,0.000000e+00,order_of_magnitude
2.399065392e-02,3.133882e+00,9.095901e-01,1.509699e+01,5.328552e-01,1.587644e-01,2.271103e+00,0.000000e+00,order_of_magnitude
2.454953064e-02,3.098076e+00,8.991983e-01,1.492446e+01,5.267678e-01,1.569508e-01,2.245152e+00,0.000000e+00,order_of_magnitude
2.512142673e-02,3.062662e+00,8.889205e-01,1.475382e+01,5.207472e-01,1.551571e-01,2.219485e+00,0.000000e+00,order_of_magnitude
2.570664549e-02,3.027956e+00,8.788481e-01,1.458658e+01,5.148469e-01,1.533992e-01,2.194331e+00,0.000000e+00,order_of_magnitude
2.630549727e-02,2.993027e+00,8.687111e-01,1.441828e+01,5.089088e-01,1.516300e-01,2.169016e+00,0.000000e+00,order_of_magnitude
2.691829966e-02,2.958994e+00,8.588340e-01,1.425429e+01,5.031229e-01,1.499062e-01,2.144350e+00,0.000000e+00,order_of_magnitude
2.754537765e-02,2.924747e+00,8.488946e-01,1.408927e+01,4.973006e-01,1.481715e-01,2.119529e+00,0.000000e+00,order_of_magnitude
2.818706380e-02,2.891606e+00,8.392765e-01,1.392958e+01,4.916665e-01,1.464930e-01,2.095509e+00,0.000000e+00,order_of_magnitude
2.884369842e-02,2.858143e+00,8.295653e-01,1.376835e+01,4.859778e-01,1.447981e-01,2.071257e+00,0.000000e+00,order_of_magnitude
2.951562973e-02,2.825707e+00,8.201515e-01,1.361205e+01,4.804634e-01,1.431552e-01,2.047748e+00,0.000000e+00,order_of_magnitude
3.020321409e-02,2.793255e+00,8.107335e-01,1.345568e+01,4.749465e-01,1.415116e-01,2.024228e+00,0.000000e+00,order_of_magnitude
3.090681614e-02,2.761206e+00,8.014323e-01,1.330125e+01,4.694981e-01,1.398884e-01,2.001000e+00,0.000000e+00,order_of_magnitude
3.162680902e-02,2.729742e+00,7.923009e-01,1.314964e+01,4.641491e-01,1.382948e-01,1.978196e+00,0.000000e+00,order_of_magnitude
3.236357457e-02,2.698270e+00,7.831673e-01,1.299799e+01,4.587989e-01,1.367008e-01,1.955386e+00,0.000000e+00,order_of_magnitude
3.311750352e-02,2.667498e+00,7.742369e-01,1.284972e+01,4.535677e-01,1.351422e-01,1.933084e+00,0.000000e+00,order_of_magnitude
3.388899570e-02,2.637010e+00,7.653889e-01,1.270281e+01,4.483848e-01,1.335981e-01,1.910988e+00,0.000000e+00,order_of_magnitude
3.467846025e-02,2.606622e+00,7.565699e-01,1.255638e+01,4.432188e-01,1.320590e-01,1.888963e+00,0.000000e+00,order_of_magnitude
3.548631585e-02,2.576730e+00,7.478948e-01,1.241235e+01,4.381371e-01,1.305450e-01,1.867299e+00,0.000000e+00,order_of_magnitude
3.631299094e-02,2.547301e+00,7.393540e-01,1.227054e+01,4.331342e-01,1.290545e-01,1.845969e+00,0.000000e+00,order_of_magnitude
3.715892391e-02,2.518168e+00,7.308991e-01,1.213015e+01,4.281815e-01,1.275790e-01,1.824854e+00,0.000000e+00,order_of_magnitude
3.802456341e-02,2.489342e+00,7.225335e-01,1.199125e+01,4.232811e-01,1.261190e-01,1.803962e+00,0.000000e+00,order_of_magnitude
3.891036850e-02,2.460832e+00,7.142593e-01,1.185387e+01,4.184342e-01,1.246750e-01,1.783298e+00,0.000000e+00,order_of_magnitude
3.981680895e-02,2.432641e+00,7.060778e-01,1.171802e+01,4.136417e-01,1.232472e-01,1.762865e+00,0.000000e+00,order_of_magnitude
4.074436548e-02,2.404770e+00,6.979894e-01,1.158372e+01,4.089037e-01,1.218355e-01,1.742665e+00,0.000000e+00,order_of_magnitude
4.169353000e-02,2.377219e+00,6.899937e-01,1.145095e+01,4.042200e-01,1.204401e-01,1.722696e+00,0.000000e+00,order_of_magnitude
4.266480587e-02,2.350159e+00,6.821405e-01,1.132055e+01,3.996198e-01,1.190696e-01,1.703083e+00,0.000000e+00,order_of_magnitude
4.365870820e-02,2.323314e+00,6.743499e-01,1.119119e+01,3.950563e-01,1.177100e-01,1.683627e+00,0.000000e+00,order_of_magnitude
4.467576409e-02,2.296640e+00,6.666088e-01,1.106266e+01,3.905217e-01,1.163591e-01,1.664294e+00,0.000000e+00,order_of_magnitude
4.571651290e-02,2.270312e+00,6.589682e-01,1.093578e+01,3.860460e-01,1.150257e-01,1.645211e+00,0.000000e+00,order_of_magnitude
4.678150658e-02,2.244357e+00,6.514358e-01,1.081071e+01,3.816337e-01,1.137112e-01,1.626399e+00,0.000000e+00,order_of_magnitude
4.787130993e-02,2.218466e+00,6.439217e-01,1.068593e+01,3.772323e-01,1.123999e-01,1.607633e+00,0.000000e+00,order_of_magnitude
4.898650091e-02,2.193244e+00,6.366021e-01,1.056439e+01,3.729446e-01,1.111224e-01,1.589353e+00,0.000000e+00,order_of_magnitude
5.012767093e-02,2.167864e+00,6.292365e-01,1.044209e+01,3.686301e-01,1.098370e-01,1.570958e+00,0.000000e+00,order_of_magnitude
5.129542519e-02,2.143081e+00,6.220443e-01,1.032266e+01,3.644171e-01,1.085819e-01,1.552995e+00,0.000000e+00,order_of_magnitude
5.249038299e-02,2.118596e+00,6.149387e-01,1.020467e+01,3.602549e-01,1.073419e-01,1.535248e+00,0.000000e+00,order_of_magnitude
5.371317806e-02,2.094315e+00,6.078920e-01,1.008765e+01,3.561272e-01,1.061121e-01,1.517649e+00,0.000000e+00,order_of_magnitude
5.496445887e-02,2.070262e+00,6.009117e-01,9.971742e+00,3.520384e-01,1.048940e-01,1.500215e+00,0.000000e+00,order_of_magnitude
5.624488902e-02,2.046461e+00,5.940047e-01,9.857045e+00,3.479924e-01,1.036886e-01,1.482965e+00,0.000000e+00,order_of_magnitude
5.755514756e-02,2.023098e+00,5.872246e-01,9.744454e+00,3.440209e-01,1.025054e-01,1.466031e+00,0.000000e+00,order_of_magnitude
5.889592936e-02,1.999964e+00,5.805108e-01,9.632964e+00,3.400882e-01,1.013337e-01,1.449263e+00,0.000000e+00,order_of_magnitude
6.026794548e-02,1.977070e+00,5.738669e-01,9.522635e+00,3.361965e-01,1.001743e-01,1.432669e+00,0.000000e+00,order_of_magnitude
6.167192354e-02,1.954425e+00,5.672954e-01,9.413507e+00,3.323472e-01,9.902754e-02,1.416256e+00,0.000000e+00,order_of_magnitude
6.310860812e-02,1.932035e+00,5.607978e-01,9.305604e+00,3.285411e-01,9.789366e-02,1.400028e+00,0.000000e+00,order_of_magnitude
6.457876113e-02,1.909902e+00,5.543747e-01,9.198938e+00,3.247788e-01,9.677278e-02,1.383985e+00,0.000000e+00,order_of_magnitude
6.608316223e-02,1.888025e+00,5.480261e-01,9.093508e+00,3.210601e-01,9.566492e-02,1.368129e+00,0.000000e+00,order_of_magnitude
6.762260927e-02,1.866403e+00,5.417514e-01,8.989306e+00,3.173847e-01,9.456997e-02,1.352457e+00,0.000000e+00,order_of_magnitude
6.919791865e-02,1.845130e+00,5.355780e-01,8.886782e+00,3.137685e-01,9.349268e-02,1.337037e+00,0.000000e+00,order_of_magnitude
7.080992581e-02,1.824139e+00,5.294867e-01,8.785624e+00,3.102006e-01,9.242974e-02,1.321823e+00,0.000000e+00,order_of_magnitude
7.245948565e-02,1.803140e+00,5.233927e-01,8.684419e+00,3.066310e-01,9.136633e-02,1.306603e+00,0.000000e+00,order_of_magnitude
7.414747298e-02,1.782545e+00,5.174162e-01,8.585164e+00,3.031303e-01,9.032343e-02,1.291675e+00,0.000000e+00,order_of_magnitude
7.587478299e-02,1.762116e+00,5.114877e-01,8.486704e+00,2.996577e-01,8.928887e-02,1.276867e+00,0.000000e+00,order_of_magnitude
7.764233172e-02,1.741854e+00,5.056076e-01,8.389048e+00,2.962134e-01,8.826278e-02,1.262180e+00,0.000000e+00,order_of_magnitude
7.945105657e-02,1.722003e+00,4.998468e-01,8.293372e+00,2.928390e-01,8.725750e-02,1.247791e+00,0.000000e+00,order_of_magnitude
8.130191675e-02,1.702049e+00,4.940564e-01,8.197202e+00,2.894472e-01,8.624705e-02,1.233328e+00,0.000000e+00,order_of_magnitude
8.319589383e-02,1.682743e+00,4.884540e-01,8.104154e+00,2.861656e-01,8.526941e-02,1.219335e+00,0.000000e+00,order_of_magnitude
8.513399225e-02,1.663405e+00,4.828422e-01,8.010951e+00,2.828786e-01,8.429017e-02,1.205318e+00,0.000000e+00,order_of_magnitude
8.711723984e-02,1.644281e+00,4.772926e-01,7.918777e+00,2.796279e-01,8.332175e-02,1.191456e+00,0.000000e+00,order_of_magnitude
8.914668837e-02,1.625540e+00,4.718540e-01,7.828447e+00,2.764423e-01,8.237273e-02,1.177871e+00,0.000000e+00,order_of_magnitude
9.122341413e-02,1.606834e+00,4.664260e-01,7.738291e+00,2.732629e-01,8.142554e-02,1.164312e+00,0.000000e+00,order_of_magnitude
9.334851847e-02,1.588390e+00,4.610738e-01,7.649395e+00,2.701280e-01,8.049161e-02,1.150943e+00,0.000000e+00,order_of_magnitude
9.552312839e-02,1.570268e+00,4.558149e-01,7.562045e+00,2.670476e-01,7.957396e-02,1.137807e+00,0.000000e+00,order_of_magnitude
9.774839715e-02,1.552238e+00,4.505829e-01,7.475142e+00,2.639830e-01,7.866100e-02,1.124738e+00,0.000000e+00,order_of_magnitude
1.000255049e-01,1.534337e+00,4.453883e-01,7.388858e+00,2.609403e-01,7.775457e-02,1.111762e+00,0.000000e+00,order_of_magnitude
1.023556592e-01,1.516849e+00,4.403135e-01,7.304565e+00,2.579679e-01,7.686907e-02,1.099086e+00,0.000000e+00,order_of_magnitude
1.047400959e-01,1.499493e+00,4.352770e-01,7.220905e+00,2.550178e-01,7.599024e-02,1.086505e+00,0.000000e+00,order_of_magnitude
1.071800795e-01,1.482283e+00,4.302830e-01,7.137949e+00,2.520927e-01,7.511883e-02,1.074030e+00,0.000000e+00,order_of_magnitude
1.096769039e-01,1.465237e+00,4.253366e-01,7.055786e+00,2.491955e-01,7.425574e-02,1.061674e+00,0.000000e+00,order_of_magnitude
1.122318934e-01,1.448441e+00,4.204628e-01,6.974826e+00,2.463408e-01,7.340532e-02,1.049499e+00,0.000000e+00,order_of_magnitude
1.148464029e-01,1.431884e+00,4.156583e-01,6.895015e+00,2.435267e-01,7.256700e-02,1.037497e+00,0.000000e+00,order_of_magnitude
1.175218190e-01,1.415491e+00,4.109014e-01,6.815994e+00,2.407404e-01,7.173698e-02,1.025614e+00,0.000000e+00,order_of_magnitude
1.202595605e-01,1.399271e+00,4.061946e-01,6.737803e+00,2.379835e-01,7.091570e-02,1.013856e+00,0.000000e+00,order_of_magnitude
1.230610794e-01,1.383229e+00,4.015397e-01,6.660473e+00,2.352570e-01,7.010349e-02,1.002227e+00,0.000000e+00,order_of_magnitude
1.259278613e-01,1.367370e+00,3.969379e-01,6.584023e+00,2.325617e-01,6.930054e-02,9.907312e-01,0.000000e+00,order_of_magnitude
1.288614266e-01,1.351695e+00,3.923896e-01,6.508463e+00,2.298977e-01,6.850695e-02,9.793689e-01,0.000000e+00,order_of_magnitude
1.318633311e-01,1.336206e+00,3.878950e-01,6.433793e+00,2.272651e-01,6.772273e-02,9.681404e-01,0.000000e+00,order_of_magnitude
1.349351667e-01,1.320899e+00,3.834535e-01,6.360004e+00,2.246637e-01,6.694780e-02,9.570444e-01,0.000000e+00,order_of_magnitude
1.380785626e-01,1.305815e+00,3.790769e-01,6.287294e+00,2.221003e-01,6.618422e-02,9.461108e-01,0.000000e+00,order_of_magnitude
1.412951859e-01,1.291007e+00,3.747801e-01,6.215905e+00,2.195837e-01,6.543454e-02,9.353761e-01,0.000000e+00,order_of_magnitude
1.445867423e-01,1.276096e+00,3.704534e-01,6.144018e+00,2.170495e-01,6.467964e-02,9.245666e-01,0.000000e+00,order_of_magnitude
1.479549774e-01,1.261563e+00,3.662365e-01,6.073957e+00,2.145797e-01,6.394392e-02,9.140316e-01,0.000000e+00,order_of_magnitude
1.514016777e-01,1.247057e+00,3.620272e-01,6.004019e+00,2.121143e-01,6.320951e-02,9.035153e-01,0.000000e+00,order_of_magnitude
1.549286709e-01,1.232756e+00,3.578777e-01,5.935072e+00,2.096840e-01,6.248554e-02,8.931481e-01,0.000000e+00,order_of_magnitude
1.585378275e-01,1.218660e+00,3.537878e-01,5.867114e+00,2.072885e-01,6.177196e-02,8.829298e-01,0.000000e+00,order_of_magnitude
1.622310616e-01,1.204555e+00,3.496949e-01,5.799106e+00,2.048914e-01,6.105789e-02,8.727041e-01,0.000000e+00,order_of_magnitude
1.660103318e-01,1.190872e+00,3.457247e-01,5.733134e+00,2.025660e-01,6.036521e-02,8.627844e-01,0.000000e+00,order_of_magnitude
1.698776424e-01,1.177148e+00,3.417429e-01,5.666968e+00,2.002339e-01,5.967052e-02,8.528357e-01,0.000000e+00,order_of_magnitude
1.738350444e-01,1.163652e+00,3.378269e-01,5.601895e+00,1.979404e-01,5.898732e-02,8.430515e-01,0.000000e+00,order_of_magnitude
1.778846363e-01,1.150355e+00,3.339690e-01,5.537785e+00,1.956809e-01,5.831426e-02,8.334121e-01,0.000000e+00,order_of_magnitude
1.820285660e-01,1.137089e+00,3.301199e-01,5.473820e+00,1.934265e-01,5.764273e-02,8.237946e-01,0.000000e+00,order_of_magnitude
1.862690310e-01,1.124078e+00,3.263446e-01,5.411081e+00,1.912155e-01,5.698411e-02,8.143617e-01,0.000000e+00,order_of_magnitude
1.906082802e-01,1.111231e+00,3.226173e-01,5.349135e+00,1.890324e-01,5.633385e-02,8.050481e-01,0.000000e+00,order_of_magnitude
1.950486148e-01,1.098454e+00,3.189102e-01,5.287527e+00,1.868614e-01,5.568715e-02,7.957853e-01,0.000000e+00,order_of_magnitude
1.995923897e-01,1.085825e+00,3.152459e-01,5.226627e+00,1.847153e-01,5.504792e-02,7.866291e-01,0.000000e+00,order_of_magnitude
2.042420145e-01,1.073566e+00,3.116892e-01,5.167515e+00,1.826323e-01,5.442748e-02,7.777416e-01,0.000000e+00,order_of_magnitude
2.089999552e-01,1.061087e+00,3.080687e-01,5.107340e+00,1.805119e-01,5.379590e-02,7.686945e-01,0.000000e+00,order_of_magnitude
2.138687349e-01,1.049078e+00,3.045846e-01,5.049430e+00,1.784714e-01,5.318812e-02,7.599881e-01,0.000000e+00,order_of_magnitude
2.188509358e-01,1.036870e+00,3.010426e-01,4.990557e+00,1.763970e-01,5.257023e-02,7.511370e-01,0.000000e+00,order_of_magnitude
2.239492001e-01,1.025136e+00,2.976384e-01,4.933971e+00,1.744033e-01,5.197639e-02,7.426300e-01,0.000000e+00,order_of_magnitude
2.291662315e-01,1.013273e+00,2.941964e-01,4.876756e+00,1.723875e-01,5.137595e-02,7.340285e-01,0.000000e+00,order_of_magnitude
2.345047967e-01,1.001719e+00,2.908445e-01,4.821037e+00,1.704245e-01,5.079125e-02,7.256519e-01,0.000000e+00,order_of_magnitude
2.399677271e-01,9.902036e-01,2.875036e-01,4.765500e+00,1.684680e-01,5.020849e-02,7.173028e-01,0.000000e+00,order_of_magnitude
2.455579198e-01,9.788012e-01,2.841956e-01,4.710507e+00,1.665306e-01,4.963145e-02,7.090356e-01,0.000000e+00,order_of_magnitude
2.512783393e-01,9.676306e-01,2.809549e-01,4.656630e+00,1.646328e-01,4.906617e-02,7.009363e-01,0.000000e+00,order_of_magnitude
2.571320194e-01,9.564427e-01,2.777092e-01,4.602670e+00,1.627320e-01,4.850003e-02,6.928246e-01,0.000000e+00,order_of_magnitude
2.631220646e-01,9.455179e-01,2.745398e-01,4.549977e+00,1.608759e-01,4.794721e-02,6.849034e-01,0.000000e+00,order_of_magnitude
2.692516514e-01,9.346796e-01,2.713956e-01,4.497700e+00,1.590346e-01,4.739878e-02,6.770450e-01,0.000000e+00,order_of_magnitude
2.755240307e-01,9.238750e-01,2.682611e-01,4.445585e+00,1.571991e-01,4.685207e-02,6.692109e-01,0.000000e+00,order_of_magnitude
2.819425288e-01,9.133260e-01,2.652009e-01,4.394700e+00,1.554070e-01,4.631831e-02,6.615620e-01,0.000000e+00,order_of_magnitude
2.885105497e-01,9.028592e-01,2.621645e-01,4.344211e+00,1.536289e-01,4.578872e-02,6.539727e-01,0.000000e+00,order_of_magnitude
2.952315766e-01,8.924543e-01,2.591461e-01,4.294020e+00,1.518613e-01,4.526228e-02,6.464281e-01,0.000000e+00,order_of_magnitude
3.021091739e-01,8.821990e-01,2.561712e-01,4.244548e+00,1.501191e-01,4.474342e-02,6.389919e-01,0.000000e+00,order_of_magnitude
3.091469889e-01,8.721119e-01,2.532450e-01,4.195887e+00,1.484056e-01,4.423307e-02,6.316777e-01,0.000000e+00,order_of_magnitude
3.163487541e-01,8.621010e-01,2.503410e-01,4.147592e+00,1.467051e-01,4.372661e-02,6.244186e-01,0.000000e+00,order_of_magnitude
3.237182887e-01,8.521791e-01,2.474628e-01,4.099725e+00,1.450197e-01,4.322466e-02,6.172239e-01,0.000000e+00,order_of_magnitude
3.312595010e-01,8.423553e-01,2.446133e-01,4.052331e+00,1.433510e-01,4.272769e-02,6.101004e-01,0.000000e+00,order_of_magnitude
3.389763905e-01,8.327200e-01,2.418183e-01,4.005843e+00,1.417143e-01,4.224028e-02,6.031134e-01,0.000000e+00,order_of_magnitude
3.468730495e-01,8.231757e-01,2.390498e-01,3.959794e+00,1.400932e-01,4.175747e-02,5.961923e-01,0.000000e+00,order_of_magnitude
3.549536660e-01,8.137279e-01,2.363093e-01,3.914209e+00,1.384885e-01,4.127957e-02,5.893411e-01,0.000000e+00,order_of_magnitude
3.632225253e-01,8.043810e-01,2.335982e-01,3.869110e+00,1.369010e-01,4.080678e-02,5.825631e-01,0.000000e+00,order_of_magnitude
3.716840126e-01,7.951385e-01,2.309173e-01,3.824512e+00,1.353312e-01,4.033928e-02,5.758606e-01,0.000000e+00,order_of_magnitude
3.803426154e-01,7.860030e-01,2.282675e-01,3.780429e+00,1.337796e-01,3.987721e-02,5.692356e-01,0.000000e+00,order_of_magnitude
3.892029255e-01,7.769768e-01,2.256494e-01,3.736873e+00,1.322466e-01,3.942068e-02,5.626898e-01,0.000000e+00,order_of_magnitude
3.982696419e-01,7.680606e-01,2.230634e-01,3.693847e+00,1.307324e-01,3.896976e-02,5.562238e-01,0.000000e+00,order_of_magnitude
4.075475729e-01,7.592713e-01,2.205142e-01,3.651432e+00,1.292398e-01,3.852530e-02,5.498498e-01,0.000000e+00,order_of_magnitude
4.170416389e-01,7.506647e-01,2.180180e-01,3.609897e+00,1.277783e-01,3.809007e-02,5.436081e-01,0.000000e+00,order_of_magnitude
4.267568749e-01,7.419579e-01,2.154928e-01,3.567877e+00,1.262998e-01,3.764978e-02,5.372937e-01,0.000000e+00,order_of_magnitude
4.366984331e-01,7.335129e-01,2.130435e-01,3.527117e+00,1.248657e-01,3.722273e-02,5.311689e-01,0.000000e+00,order_of_magnitude
4.468715859e-01,7.250330e-01,2.105841e-01,3.486188e+00,1.234257e-01,3.679392e-02,5.250188e-01,0.000000e+00,order_of_magnitude
4.572817285e-01,7.167297e-01,2.081760e-01,3.446111e+00,1.220158e-01,3.637408e-02,5.189967e-01,0.000000e+00,order_of_magnitude
4.679343815e-01,7.086109e-01,2.058214e-01,3.406921e+00,1.206372e-01,3.596358e-02,5.131082e-01,0.000000e+00,order_of_magnitude
4.788351946e-01,7.006741e-01,2.035198e-01,3.368610e+00,1.192896e-01,3.556233e-02,5.073518e-01,0.000000e+00,order_of_magnitude
4.899899486e-01,6.925524e-01,2.011645e-01,3.329405e+00,1.179107e-01,3.515173e-02,5.014612e-01,0.000000e+00,order_of_magnitude
5.014045594e-01,6.843424e-01,1.987836e-01,3.289774e+00,1.165167e-01,3.473668e-02,4.955066e-01,0.000000e+00,order_of_magnitude
5.130850804e-01,6.766767e-01,1.965607e-01,3.252767e+00,1.152153e-01,3.434918e-02,4.899465e-01,0.000000e+00,order_of_magnitude
5.250377061e-01,6.688324e-01,1.942860e-01,3.214897e+00,1.138836e-01,3.395267e-02,4.842569e-01,0.000000e+00,order_of_magnitude
5.372687755e-01,6.611310e-01,1.920527e-01,3.177715e+00,1.125762e-01,3.356338e-02,4.786708e-01,0.000000e+00,order_of_magnitude
5.497847749e-01,6.535940e-01,1.898671e-01,3.141324e+00,1.112967e-01,3.318242e-02,4.732037e-01,0.000000e+00,order_of_magnitude
5.625923422e-01,6.458858e-01,1.876320e-01,3.104107e+00,1.099881e-01,3.279281e-02,4.676125e-01,0.000000e+00,order_of_magnitude
5.756982694e-01,6.386233e-01,1.855262e-01,3.069039e+00,1.087554e-01,3.242579e-02,4.623445e-01,0.000000e+00,order_of_magnitude
5.891095070e-01,6.311916e-01,1.833713e-01,3.033154e+00,1.074939e-01,3.205021e-02,4.569537e-01,0.000000e+00,order_of_magnitude
6.028331676e-01,6.239690e-01,1.812771e-01,2.998276e+00,1.062680e-01,3.168522e-02,4.517145e-01,0.000000e+00,order_of_magnitude
6.168765290e-01,6.167780e-01,1.791922e-01,2.963549e+00,1.050475e-01,3.132185e-02,4.464980e-01,0.000000e+00,order_of_magnitude
6.312470390e-01,6.097529e-01,1.771554e-01,2.929622e+00,1.038552e-01,3.096690e-02,4.414019e-01,0.000000e+00,order_of_magnitude
6.459523187e-01,6.030079e-01,1.751998e-01,2.897044e+00,1.027106e-01,3.062613e-02,4.365088e-01,0.000000e+00,order_of_magnitude
6.610001667e-01,5.961058e-01,1.731988e-01,2.863708e+00,1.015392e-01,3.027742e-02,4.315017e-01,0.000000e+00,order_of_magnitude
6.763985635e-01,5.890429e-01,1.711511e-01,2.829596e+00,1.003406e-01,2.992059e-02,4.263779e-01,0.000000e+00,order_of_magnitude
6.921556751e-01,5.820880e-01,1.691348e-01,2.796003e+00,9.916039e-02,2.956925e-02,4.213325e-01,0.000000e+00,order_of_magnitude
7.082798581e-01,5.756364e-01,1.672645e-01,2.764837e+00,9.806569e-02,2.924338e-02,4.166519e-01,0.000000e+00,order_of_magnitude
7.247796637e-01,5.690344e-01,1.653507e-01,2.732945e+00,9.694550e-02,2.890993e-02,4.118622e-01,0.000000e+00,order_of_magnitude
7.416638422e-01,5.622786e-01,1.633922e-01,2.700311e+00,9.579920e-02,2.856870e-02,4.069610e-01,0.000000e+00,order_of_magnitude
7.589413477e-01,5.557862e-01,1.615102e-01,2.668945e+00,9.469769e-02,2.824082e-02,4.022507e-01,0.000000e+00,order_of_magnitude
7.766213432e-01,5.495441e-01,1.597009e-01,2.638786e+00,9.363872e-02,2.792561e-02,3.977218e-01,0.000000e+00,order_of_magnitude
7.947132048e-01,5.431565e-01,1.578493e-01,2.607924e+00,9.255508e-02,2.760306e-02,3.930874e-01,0.000000e+00,order_of_magnitude
8.132265272e-01,5.366487e-01,1.559629e-01,2.576482e+00,9.145105e-02,2.727444e-02,3.883657e-01,0.000000e+00,order_of_magnitude
8.321711286e-01,5.307060e-01,1.542406e-01,2.547764e+00,9.044307e-02,2.697443e-02,3.840539e-01,0.000000e+00,order_of_magnitude
8.515570559e-01,5.246249e-01,1.524781e-01,2.518378e+00,8.941161e-02,2.666744e-02,3.796415e-01,0.000000e+00,order_of_magnitude
8.713945900e-01,5.184022e-01,1.506746e-01,2.488307e+00,8.835611e-02,2.635329e-02,3.751264e-01,0.000000e+00,order_of_magnitude
8.916942514e-01,5.125650e-01,1.489829e-01,2.460097e+00,8.736617e-02,2.605866e-02,3.708909e-01,0.000000e+00,order_of_magnitude
9.124668057e-01,5.067092e-01,1.472859e-01,2.431795e+00,8.637309e-02,2.576311e-02,3.666419e-01,0.000000e+00,order_of_magnitude
9.337232691e-01,5.007169e-01,1.455492e-01,2.402835e+00,8.535688e-02,2.546068e-02,3.622938e-01,0.000000e+00,order_of_magnitude
9.554749146e-01,4.950511e-01,1.439074e-01,2.375448e+00,8.439615e-02,2.517478e-02,3.581824e-01,0.000000e+00,order_of_magnitude
9.777332778e-01,4.893534e-01,1.422564e-01,2.347908e+00,8.343007e-02,2.488729e-02,3.540480e-01,0.000000e+00,order_of_magnitude
1.000510163e+00,4.835348e-01,1.405703e-01,2.319782e+00,8.244347e-02,2.459369e-02,3.498257e-01,0.000000e+00,order_of_magnitude
1.023817649e+00,4.781024e-01,1.389963e-01,2.293520e+00,8.152253e-02,2.431966e-02,3.458836e-01,0.000000e+00,order_of_magnitude
1.047668098e+00,4.725434e-01,1.373856e-01,2.266646e+00,8.058013e-02,2.403924e-02,3.418496e-01,0.000000e+00,order_of_magnitude
1.072074157e+00,4.670434e-01,1.357921e-01,2.240056e+00,7.964778e-02,2.376181e-02,3.378583e-01,0.000000e+00,order_of_magnitude
1.097048769e+00,4.617140e-01,1.342481e-01,2.214289e+00,7.874443e-02,2.349303e-02,3.339907e-01,0.000000e+00,order_of_magnitude
1.122605181e+00,4.562603e-01,1.326681e-01,2.187921e+00,7.782004e-02,2.321798e-02,3.300331e-01,0.000000e+00,order_of_magnitude
1.148756944e+00,4.510847e-01,1.311687e-01,2.162895e+00,7.694291e-02,2.295702e-02,3.262770e-01,0.000000e+00,order_of_magnitude
1.175517928e+00,4.458302e-01,1.296465e-01,2.137487e+00,7.605244e-02,2.269209e-02,3.224637e-01,0.000000e+00,order_of_magnitude
1.202902326e+00,4.406827e-01,1.281555e-01,2.112595e+00,7.518017e-02,2.243259e-02,3.187280e-01,0.000000e+00,order_of_magnitude
1.230924660e+00,4.355979e-01,1.266826e-01,2.088005e+00,7.431859e-02,2.217627e-02,3.150378e-01,0.000000e+00,order_of_magnitude
1.259599790e+00,4.305759e-01,1.252280e-01,2.063718e+00,7.346772e-02,2.192315e-02,3.113930e-01,0.000000e+00,order_of_magnitude
1.288942926e+00,4.258055e-01,1.238465e-01,2.040645e+00,7.265963e-02,2.168278e-02,3.079309e-01,0.000000e+00,order_of_magnitude
1.318969627e+00,4.209241e-01,1.224327e-01,2.017035e+00,7.183272e-02,2.143681e-02,3.043881e-01,0.000000e+00,order_of_magnitude
1.349695818e+00,4.159289e-01,1.209861e-01,1.992876e+00,7.098655e-02,2.118511e-02,3.007628e-01,0.000000e+00,order_of_magnitude
1.381137794e+00,4.109446e-01,1.195426e-01,1.968767e+00,7.014225e-02,2.093397e-02,2.971453e-01,0.000000e+00,order_of_magnitude
1.413312231e+00,4.063806e-01,1.182210e-01,1.946690e+00,6.936939e-02,2.070411e-02,2.938329e-01,0.000000e+00,order_of_magnitude
1.446236190e+00,4.017103e-01,1.168687e-01,1.924098e+00,6.857852e-02,2.046889e-02,2.904433e-01,0.000000e+00,order_of_magnitude
1.479927132e+00,3.969312e-01,1.154849e-01,1.900980e+00,6.776923e-02,2.022820e-02,2.869747e-01,0.000000e+00,order_of_magnitude
1.514402925e+00,3.922807e-01,1.141384e-01,1.878482e+00,6.698180e-02,1.999402e-02,2.835994e-01,0.000000e+00,order_of_magnitude
1.549681853e+00,3.878638e-01,1.128597e-01,1.857114e+00,6.623410e-02,1.977168e-02,2.803937e-01,0.000000e+00,order_of_magnitude
1.585782624e+00,3.833441e-01,1.115512e-01,1.835247e+00,6.546898e-02,1.954415e-02,2.771133e-01,0.000000e+00,order_of_magnitude
1.622724385e+00,3.787190e-01,1.102123e-01,1.812871e+00,6.468603e-02,1.931133e-02,2.737565e-01,0.000000e+00,order_of_magnitude
1.660526726e+00,3.744800e-01,1.089853e-01,1.792361e+00,6.396864e-02,1.909803e-02,2.706798e-01,0.000000e+00,order_of_magnitude
1.699209696e+00,3.701746e-01,1.077391e-01,1.771530e+00,6.324002e-02,1.888140e-02,2.675550e-01,0.000000e+00,order_of_magnitude
1.738793808e+00,3.657688e-01,1.064638e-01,1.750213e+00,6.249443e-02,1.865972e-02,2.643573e-01,0.000000e+00,order_of_magnitude
1.779300056e+00,3.615906e-01,1.052546e-01,1.729996e+00,6.178751e-02,1.844955e-02,2.613248e-01,0.000000e+00,order_of_magnitude
1.820749922e+00,3.574442e-01,1.040546e-01,1.709932e+00,6.108605e-02,1.824102e-02,2.583155e-01,0.000000e+00,order_of_magnitude
1.863165387e+00,3.532013e-01,1.028267e-01,1.689401e+00,6.036825e-02,1.802763e-02,2.552360e-01,0.000000e+00,order_of_magnitude
1.906568946e+00,3.491468e-01,1.016536e-01,1.669784e+00,5.968254e-02,1.782381e-02,2.522936e-01,0.000000e+00,order_of_magnitude
1.950983617e+00,3.451081e-01,1.004851e-01,1.650244e+00,5.899959e-02,1.762082e-02,2.493627e-01,0.000000e+00,order_of_magnitude
1.996432955e+00,3.409754e-01,9.928941e-02,1.630248e+00,5.830072e-02,1.741310e-02,2.463636e-01,0.000000e+00,order_of_magnitude
2.042941062e+00,3.371734e-01,9.818963e-02,1.611853e+00,5.765802e-02,1.722211e-02,2.436047e-01,0.000000e+00,order_of_magnitude
2.090532604e+00,3.333191e-01,9.707475e-02,1.593205e+00,5.700651e-02,1.702850e-02,2.408078e-01,0.000000e+00,order_of_magnitude
2.139232819e+00,3.293751e-01,9.593390e-02,1.574123e+00,5.633981e-02,1.683038e-02,2.379458e-01,0.000000e+00,order_of_magnitude
2.189067535e+00,3.253545e-01,9.477093e-02,1.554670e+00,5.566020e-02,1.662842e-02,2.350284e-01,0.000000e+00,order_of_magnitude
2.240063181e+00,3.217255e-01,9.372148e-02,1.537114e+00,5.504705e-02,1.644625e-02,2.323953e-01,0.000000e+00,order_of_magnitude
2.292246801e+00,3.180119e-01,9.264759e-02,1.519148e+00,5.441961e-02,1.625984e-02,2.297008e-01,0.000000e+00,order_of_magnitude
2.345646069e+00,3.142118e-01,9.154868e-02,1.500764e+00,5.377756e-02,1.606908e-02,2.269436e-01,0.000000e+00,order_of_magnitude
2.400289306e+00,3.105236e-01,9.048223e-02,1.482922e+00,5.315453e-02,1.588400e-02,2.242678e-01,0.000000e+00,order_of_magnitude
2.456205490e+00,3.069873e-01,8.945991e-02,1.465818e+00,5.255735e-02,1.570661e-02,2.217025e-01,0.000000e+00,order_of_magnitude
2.513424276e+00,3.033687e-01,8.841377e-02,1.448316e+00,5.194626e-02,1.552510e-02,2.190775e-01,0.000000e+00,order_of_magnitude
2.571976007e+00,2.997289e-01,8.736156e-02,1.430712e+00,5.133165e-02,1.534255e-02,2.164372e-01,0.000000e+00,order_of_magnitude
2.631891736e+00,2.963391e-01,8.638185e-02,1.414320e+00,5.075947e-02,1.517263e-02,2.139786e-01,0.000000e+00,order_of_magnitude
2.693203238e+00,2.928703e-01,8.537931e-02,1.397546e+00,5.017396e-02,1.499875e-02,2.114628e-01,0.000000e+00,order_of_magnitude
2.755943028e+00,2.893533e-01,8.436284e-02,1.380540e+00,4.958032e-02,1.482246e-02,2.089120e-01,0.000000e+00,order_of_magnitude
2.820144380e+00,2.860722e-01,8.341479e-02,1.364679e+00,4.902675e-02,1.465810e-02,2.065329e-01,0.000000e+00,order_of_magnitude
2.885841340e+00,2.827146e-01,8.244466e-02,1.348449e+00,4.846030e-02,1.448992e-02,2.040983e-01,0.000000e+00,order_of_magnitude
2.953068751e+00,2.793492e-01,8.147234e-02,1.332183e+00,4.789259e-02,1.432138e-02,2.016583e-01,0.000000e+00,order_of_magnitude
3.021862265e+00,2.761445e-01,8.054666e-02,1.316699e+00,4.735220e-02,1.416098e-02,1.993354e-01,0.000000e+00,order_of_magnitude
3.092258365e+00,2.728652e-01,7.959941e-02,1.300854e+00,4.679923e-02,1.399685e-02,1.969583e-01,0.000000e+00,order_of_magnitude
3.164294385e+00,2.696661e-01,7.867550e-02,1.285402e+00,4.625994e-02,1.383679e-02,1.946398e-01,0.000000e+00,order_of_magnitude
3.238008527e+00,2.665262e-01,7.776877e-02,1.270238e+00,4.573073e-02,1.367974e-02,1.923646e-01,0.000000e+00,order_of_magnitude
3.313439884e+00,2.633163e-01,7.684186e-02,1.254737e+00,4.518974e-02,1.351920e-02,1.900387e-01,0.000000e+00,order_of_magnitude
3.390628461e+00,2.602944e-01,7.596946e-02,1.240153e+00,4.468068e-02,1.336817e-02,1.878498e-01,0.000000e+00,order_of_magnitude
3.469615191e+00,2.572021e-01,7.507674e-02,1.225228e+00,4.415976e-02,1.321362e-02,1.856099e-01,0.000000e+00,order_of_magnitude
3.550441965e+00,2.542557e-01,7.422636e-02,1.210693e+00,4.366363e-02,1.306646e-02,1.834515e-01,0.000000e+00,order_of_magnitude
3.633151648e+00,2.513750e-01,7.339507e-02,1.196273e+00,4.317870e-02,1.292264e-02,1.813251e-01,0.000000e+00,order_of_magnitude
3.717788102e+00,2.484273e-01,7.254442e-02,1.181906e+00,4.268248e-02,1.277546e-02,1.791793e-01,0.000000e+00,order_of_magnitude
3.804396213e+00,2.454108e-01,7.167395e-02,1.167918e+00,4.217469e-02,1.262486e-02,1.770388e-01,0.000000e+00,order_of_magnitude
3.893021913e+00,2.424085e-01,7.080763e-02,1.153899e+00,4.166936e-02,1.247500e-02,1.749009e-01,0.000000e+00,order_of_magnitude
3.983712201e+00,2.396743e-01,7.001906e-02,1.140737e+00,4.120954e-02,1.233869e-02,1.729237e-01,0.000000e+00,order_of_magnitude
4.076515175e+00,2.368765e-01,6.921211e-02,1.127270e+00,4.073901e-02,1.219920e-02,1.709004e-01,0.000000e+00,order_of_magnitude
4.171480049e+00,2.340135e-01,6.838637e-02,1.113488e+00,4.025751e-02,1.205646e-02,1.688299e-01,0.000000e+00,order_of_magnitude
4.268657187e+00,2.311531e-01,6.756144e-02,1.099723e+00,3.977653e-02,1.191389e-02,1.667617e-01,0.000000e+00,order_of_magnitude
4.368098126e+00,2.285243e-01,6.680366e-02,1.087093e+00,3.933484e-02,1.178301e-02,1.648628e-01,0.000000e+00,order_of_magnitude
4.469855600e+00,2.258343e-01,6.602821e-02,1.074168e+00,3.888286e-02,1.164909e-02,1.629196e-01,0.000000e+00,order_of_magnitude
4.573983577e+00,2.230816e-01,6.523471e-02,1.060942e+00,3.842035e-02,1.151204e-02,1.609311e-01,0.000000e+00,order_of_magnitude
4.680537277e+00,2.204329e-01,6.447139e-02,1.048230e+00,3.797552e-02,1.138027e-02,1.590190e-01,0.000000e+00,order_of_magnitude
4.789573210e+00,2.178806e-01,6.373604e-02,1.035994e+00,3.754708e-02,1.125338e-02,1.571777e-01,0.000000e+00,order_of_magnitude
4.901149200e+00,2.152689e-01,6.298356e-02,1.023473e+00,3.710866e-02,1.112353e-02,1.552935e-01,0.000000e+00,order_of_magnitude
5.015324421e+00,2.126314e-01,6.222370e-02,1.010832e+00,3.666596e-02,1.099242e-02,1.533909e-01,0.000000e+00,order_of_magnitude
5.132159422e+00,2.101640e-01,6.151314e-02,9.990296e-01,3.625212e-02,1.086990e-02,1.516132e-01,0.000000e+00,order_of_magnitude
5.251716164e+00,2.076392e-01,6.078603e-02,9.869522e-01,3.582863e-02,1.074453e-02,1.497939e-01,0.000000e+00,order_of_magnitude
5.374058053e+00,2.051623e-01,6.007289e-02,9.751173e-01,3.541335e-02,1.062161e-02,1.480104e-01,0.000000e+00,order_of_magnitude
5.499249970e+00,2.027356e-01,5.937436e-02,9.635357e-01,3.500666e-02,1.050126e-02,1.462642e-01,0.000000e+00,order_of_magnitude
5.627358307e+00,2.002560e-01,5.866061e-02,9.517022e-01,3.459110e-02,1.037828e-02,1.444799e-01,0.000000e+00,order_of_magnitude
5.758451006e+00,1.979159e-01,5.798729e-02,9.405613e-01,3.419921e-02,1.026237e-02,1.427983e-01,0.000000e+00,order_of_magnitude
5.892597588e+00,1.955212e-01,5.729828e-02,9.291609e-01,3.379819e-02,1.014375e-02,1.410775e-01,0.000000e+00,order_of_magnitude
6.029869195e+00,1.931945e-01,5.662900e-02,9.181032e-01,3.340874e-02,1.002857e-02,1.394072e-01,0.000000e+00,order_of_magnitude
6.170338627e+00,1.908751e-01,5.596193e-02,9.070904e-01,3.302062e-02,9.913804e-03,1.377429e-01,0.000000e+00,order_of_magnitude
6.314080379e+00,1.886107e-01,5.531082e-02,8.963576e-01,3.264186e-02,9.801832e-03,1.361197e-01,0.000000e+00,order_of_magnitude
6.461170682e+00,1.864321e-01,5.468461e-02,8.860575e-01,3.227769e-02,9.694211e-03,1.345602e-01,0.000000e+00,order_of_magnitude
6.611687541e+00,1.842027e-01,5.404381e-02,8.755175e-01,3.190503e-02,9.584083e-03,1.329643e-01,0.000000e+00,order_of_magnitude
6.765710782e+00,1.819214e-01,5.338809e-02,8.647319e-01,3.152369e-02,9.471389e-03,1.313313e-01,0.000000e+00,order_of_magnitude
6.923322086e+00,1.796772e-01,5.274315e-02,8.541404e-01,3.114870e-02,9.360594e-03,1.297263e-01,0.000000e+00,order_of_magnitude
7.084605041e+00,1.775894e-01,5.214352e-02,8.443332e-01,3.080021e-02,9.257689e-03,1.282370e-01,0.000000e+00,order_of_magnitude
7.249645180e+00,1.754529e-01,5.152992e-02,8.342975e-01,3.044361e-02,9.152386e-03,1.267131e-01,0.000000e+00,order_of_magnitude
7.418530027e+00,1.732667e-01,5.090202e-02,8.240280e-01,3.007869e-02,9.044630e-03,1.251536e-01,0.000000e+00,order_of_magnitude
7.591349149e+00,1.711667e-01,5.029911e-02,8.141989e-01,2.972842e-02,8.941237e-03,1.236585e-01,0.000000e+00,order_of_magnitude
7.768194196e+00,1.691429e-01,4.971832e-02,8.047611e-01,2.939109e-02,8.841707e-03,1.222206e-01,0.000000e+00,order_of_magnitude
7.949158955e+00,1.670719e-01,4.912400e-02,7.951034e-01,2.904591e-02,8.739859e-03,1.207491e-01,0.000000e+00,order_of_magnitude
8.134339397e+00,1.649643e-01,4.851917e-02,7.852783e-01,2.869464e-02,8.636218e-03,1.192519e-01,0.000000e+00,order_of_magnitude
8.323833729e+00,1.630309e-01,4.796475e-02,7.763349e-01,2.837283e-02,8.541339e-03,1.178841e-01,0.000000e+00,order_of_magnitude
8.517742446e+00,1.610524e-01,4.739740e-02,7.671832e-01,2.804352e-02,8.444251e-03,1.164844e-01,0.000000e+00,order_of_magnitude
8.716168382e+00,1.590279e-01,4.681685e-02,7.578182e-01,2.770654e-02,8.344900e-03,1.150521e-01,0.000000e+00,order_of_magnitude
8.919216771e+00,1.571288e-01,4.627259e-02,7.490969e-01,2.739080e-02,8.251871e-03,1.137137e-01,0.000000e+00,order_of_magnitude
9.126995293e+00,1.552207e-01,4.572584e-02,7.403487e-01,2.707365e-02,8.158440e-03,1.123702e-01,0.000000e+00,order_of_magnitude
9.339614142e+00,1.532682e-01,4.516636e-02,7.313968e-01,2.674911e-02,8.062834e-03,1.109954e-01,0.000000e+00,order_of_magnitude
9.557186074e+00,1.514245e-01,4.463836e-02,7.230095e-01,2.644300e-02,7.972712e-03,1.097025e-01,0.000000e+00,order_of_magnitude
9.779826476e+00,1.495685e-01,4.410689e-02,7.145806e-01,2.613491e-02,7.882023e-03,1.084021e-01,0.000000e+00,order_of_magnitude
1.000765342e+01,1.476748e-01,4.356467e-02,7.059836e-01,2.582059e-02,7.789501e-03,1.070756e-01,0.000000e+00,order_of_magnitude
1.024078773e+01,1.459020e-01,4.305742e-02,6.980170e-01,2.552672e-02,7.703066e-03,1.058403e-01,0.000000e+00,order_of_magnitude
1.047935304e+01,1.440879e-01,4.253836e-02,6.898649e-01,2.522600e-02,7.614618e-03,1.045763e-01,0.000000e+00,order_of_magnitude
1.072347588e+01,1.422936e-01,4.202509e-02,6.818364e-01,2.492871e-02,7.527203e-03,1.033288e-01,0.000000e+00,order_of_magnitude
1.097328570e+01,1.405514e-01,4.152693e-02,6.740955e-01,2.464028e-02,7.442434e-03,1.021220e-01,0.000000e+00,order_of_magnitude
1.122891500e+01,1.387686e-01,4.101717e-02,6.661743e-01,2.434512e-02,7.355691e-03,1.008870e-01,0.000000e+00,order_of_magnitude
1.149049933e+01,1.370757e-01,4.053339e-02,6.587358e-01,2.406517e-02,7.273474e-03,9.972093e-02,0.000000e+00,order_of_magnitude
1.175817743e+01,1.353550e-01,4.004173e-02,6.511840e-01,2.378068e-02,7.189930e-03,9.853647e-02,0.000000e+00,order_of_magnitude
1.203209125e+01,1.336693e-01,3.956024e-02,6.438391e-01,2.350216e-02,7.108175e-03,9.738035e-02,0.000000e+00,order_of_magnitude
1.231238606e+01,1.320015e-01,3.908397e-02,6.366145e-01,2.322673e-02,7.027358e-03,9.623985e-02,0.000000e+00,order_of_magnitude
1.259921050e+01,1.303549e-01,3.861394e-02,6.295308e-01,2.295498e-02,6.947650e-03,9.511779e-02,0.000000e+00,order_of_magnitude
1.289271669e+01,1.287864e-01,3.816648e-02,6.228807e-01,2.269643e-02,6.871876e-03,9.405671e-02,0.000000e+00,order_of_magnitude
1.319306029e+01,1.271814e-01,3.770859e-02,6.160756e-01,2.243186e-02,6.794337e-03,9.297091e-02,0.000000e+00,order_of_magnitude
1.350040056e+01,1.255390e-01,3.724004e-02,6.091119e-01,2.216113e-02,6.714992e-03,9.185981e-02,0.000000e+00,order_of_magnitude
1.381490052e+01,1.239015e-01,3.677301e-02,6.022105e-01,2.189134e-02,6.635945e-03,9.075535e-02,0.000000e+00,order_of_magnitude
1.413672694e+01,1.223962e-01,3.634408e-02,5.960315e-01,2.164378e-02,6.563508e-03,8.975312e-02,0.000000e+00,order_of_magnitude
1.446605051e+01,1.208558e-01,3.590515e-02,5.897085e-01,2.139045e-02,6.489384e-03,8.872755e-02,0.000000e+00,order_of_magnitude
1.480304586e+01,1.192795e-01,3.545600e-02,5.832382e-01,2.113122e-02,6.413533e-03,8.767808e-02,0.000000e+00,order_of_magnitude
1.514789172e+01,1.177458e-01,3.501920e-02,5.770343e-01,2.087924e-02,6.339848e-03,8.666423e-02,0.000000e+00,order_of_magnitude
1.550077098e+01,1.162845e-01,3.460331e-02,5.712543e-01,2.063948e-02,6.269806e-03,8.570860e-02,0.000000e+00,order_of_magnitude
1.586187076e+01,1.147892e-01,3.417773e-02,5.653396e-01,2.039414e-02,6.198132e-03,8.473071e-02,0.000000e+00,order_of_magnitude
1.623138259e+01,1.132590e-01,3.374223e-02,5.592871e-01,2.014308e-02,6.124788e-03,8.373004e-02,0.000000e+00,order_of_magnitude
1.660950242e+01,1.118524e-01,3.334231e-02,5.539428e-01,1.991276e-02,6.057608e-03,8.282747e-02,0.000000e+00,order_of_magnitude
1.699643077e+01,1.104214e-01,3.293549e-02,5.485189e-01,1.967848e-02,5.989279e-03,8.191031e-02,0.000000e+00,order_of_magnitude
1.739237286e+01,1.089571e-01,3.251920e-02,5.429686e-01,1.943875e-02,5.919359e-03,8.097178e-02,0.000000e+00,order_of_magnitude
1.779753865e+01,1.075675e-01,3.212441e-02,5.378790e-01,1.921157e-02,5.853179e-03,8.009508e-02,0.000000e+00,order_of_magnitude
1.821214302e+01,1.061857e-01,3.173198e-02,5.328892e-01,1.898582e-02,5.787444e-03,7.922894e-02,0.000000e+00,order_of_magnitude
1.863640586e+01,1.047718e-01,3.133040e-02,5.277831e-01,1.875481e-02,5.720178e-03,7.834262e-02,0.000000e+00,order_of_magnitude
1.907055215e+01,1.034222e-01,3.094739e-02,5.230965e-01,1.853465e-02,5.656146e-03,7.751136e-02,0.000000e+00,order_of_magnitude
1.951481214e+01,1.020766e-01,3.056559e-02,5.184959e-01,1.831524e-02,5.592362e-03,7.668819e-02,0.000000e+00,order_of_magnitude
1.996942143e+01,1.006995e-01,3.017489e-02,5.137882e-01,1.809072e-02,5.527093e-03,7.584584e-02,0.000000e+00,order_of_magnitude
2.043462112e+01,9.943009e-02,2.981509e-02,5.097624e-01,1.788420e-02,5.467169e-03,7.509394e-02,0.000000e+00,order_of_magnitude
2.091065792e+01,9.814113e-02,2.944978e-02,5.056998e-01,1.767453e-02,5.406344e-03,7.433245e-02,0.000000e+00,order_of_magnitude
2.139778428e+01,9.682215e-02,2.907597e-02,5.015426e-01,1.745998e-02,5.344101e-03,7.355322e-02,0.000000e+00,order_of_magnitude
2.189625854e+01,9.547920e-02,2.869538e-02,4.973282e-01,1.724156e-02,5.280740e-03,7.276126e-02,0.000000e+00,order_of_magnitude
2.240634506e+01,9.426011e-02,2.835030e-02,4.939255e-01,1.704380e-02,5.223511e-03,7.207545e-02,0.000000e+00,order_of_magnitude
2.292831436e+01,9.301262e-02,2.799719e-02,4.904435e-01,1.684143e-02,5.164949e-03,7.137366e-02,0.000000e+00,order_of_magnitude
2.346244324e+01,9.173606e-02,2.763585e-02,4.868804e-01,1.663435e-02,5.105022e-03,7.065553e-02,0.000000e+00,order_of_magnitude
2.400901498e+01,9.049672e-02,2.728522e-02,4.836454e-01,1.643353e-02,5.046974e-03,6.997586e-02,0.000000e+00,order_of_magnitude
2.456831943e+01,8.930456e-02,2.694815e-02,4.808023e-01,1.624063e-02,4.991292e-03,6.934305e-02,0.000000e+00,order_of_magnitude
2.514065322e+01,8.808463e-02,2.660323e-02,4.778930e-01,1.604324e-02,4.934312e-03,6.869551e-02,0.000000e+00,order_of_magnitude
2.572631986e+01,8.685811e-02,2.625651e-02,4.750576e-01,1.584485e-02,4.877070e-03,6.805146e-02,0.000000e+00,order_of_magnitude
2.632562997e+01,8.570983e-02,2.593217e-02,4.728499e-01,1.565949e-02,4.823701e-03,6.748334e-02,0.000000e+00,order_of_magnitude
2.693890136e+01,8.453479e-02,2.560028e-02,4.705906e-01,1.546981e-02,4.769089e-03,6.690199e-02,0.000000e+00,order_of_magnitude
2.756645928e+01,8.334434e-02,2.526406e-02,4.683617e-01,1.527769e-02,4.713785e-03,6.631767e-02,0.000000e+00,order_of_magnitude
2.820863654e+01,8.222944e-02,2.494944e-02,4.667968e-01,1.509811e-02,4.662216e-03,6.581117e-02,0.000000e+00,order_of_magnitude
2.886577371e+01,8.108856e-02,2.462749e-02,4.651956e-01,1.491436e-02,4.609445e-03,6.529287e-02,0.000000e+00,order_of_magnitude
2.953821928e+01,7.994586e-02,2.430509e-02,4.637423e-01,1.473039e-02,4.556645e-03,6.478546e-02,0.000000e+00,order_of_magnitude
3.022632988e+01,7.885554e-02,2.399765e-02,4.628470e-01,1.455514e-02,4.506447e-03,6.433955e-02,0.000000e+00,order_of_magnitude
3.093047042e+01,7.773983e-02,2.368306e-02,4.619308e-01,1.437580e-02,4.455079e-03,6.388326e-02,0.000000e+00,order_of_magnitude
3.165101435e+01,7.665085e-02,2.337612e-02,4.614241e-01,1.420094e-02,4.405064e-03,6.346805e-02,0.000000e+00,order_of_magnitude
3.238834378e+01,7.557950e-02,2.307425e-02,4.612571e-01,1.402907e-02,4.355962e-03,6.308533e-02,0.000000e+00,order_of_magnitude
3.314284974e+01,7.448523e-02,2.276592e-02,4.611045e-01,1.385352e-02,4.305814e-03,6.269583e-02,0.000000e+00,order_of_magnitude
3.391493237e+01,7.345137e-02,2.247478e-02,4.617252e-01,1.368796e-02,4.258641e-03,6.238728e-02,0.000000e+00,order_of_magnitude
3.470500113e+01,7.239343e-02,2.217687e-02,4.623603e-01,1.351855e-02,4.210369e-03,6.207153e-02,0.000000e+00,order_of_magnitude
3.551347502e+01,7.136197e-02,2.188650e-02,4.635280e-01,1.335353e-02,4.164510e-03,6.180638e-02,0.000000e+00,order_of_magnitude
3.634078279e+01,7.033655e-02,2.159789e-02,4.650274e-01,1.318959e-02,4.119661e-03,6.156912e-02,0.000000e+00,order_of_magnitude
3.718736320e+01,6.931461e-02,2.131031e-02,4.668763e-01,1.302628e-02,4.073768e-03,6.136010e-02,0.000000e+00,order_of_magnitude
3.805366521e+01,6.831677e-02,2.102959e-02,4.693188e-01,1.286698e-02,4.026806e-03,6.120531e-02,0.000000e+00,order_of_magnitude
3.894014824e+01,6.731703e-02,2.074836e-02,4.720130e-01,1.270744e-02,3.980169e-03,6.106943e-02,0.000000e+00,order_of_magnitude
3.984728243e+01,6.637396e-02,2.048317e-02,4.754998e-01,1.255719e-02,3.937764e-03,6.101475e-02,0.000000e+00,order_of_magnitude
4.077554885e+01,6.540893e-02,2.021181e-02,4.792274e-01,1.240343e-02,3.894371e-03,6.097117e-02,0.000000e+00,order_of_magnitude
4.172543981e+01,6.442141e-02,1.993412e-02,4.838858e-01,1.224609e-02,3.849968e-03,6.099197e-02,0.000000e+00,order_of_magnitude
4.269745904e+01,6.343546e-02,1.965690e-02,4.888730e-01,1.208906e-02,3.805699e-03,6.103884e-02,0.000000e+00,order_of_magnitude
4.369212204e+01,6.252519e-02,1.940103e-02,4.948607e-01,1.194436e-02,3.765092e-03,6.118945e-02,0.000000e+00,order_of_magnitude
4.470995632e+01,6.159371e-02,1.913919e-02,5.013871e-01,1.179629e-02,3.723540e-03,6.137451e-02,0.000000e+00,order_of_magnitude
4.575150166e+01,6.064053e-02,1.887127e-02,5.088982e-01,1.164476e-02,3.681019e-03,6.162841e-02,0.000000e+00,order_of_magnitude
4.681731043e+01,5.972273e-02,1.861329e-02,5.173165e-01,1.149899e-02,3.640234e-03,6.196487e-02,0.000000e+00,order_of_magnitude
4.790794785e+01,5.883533e-02,1.836387e-02,5.265893e-01,1.135818e-02,3.600950e-03,6.237807e-02,0.000000e+00,order_of_magnitude
4.902399233e+01,5.792725e-02,1.810864e-02,5.373458e-01,1.121408e-02,3.560750e-03,6.289915e-02,0.000000e+00,order_of_magnitude
5.016603574e+01,5.701089e-02,1.785107e-02,5.489036e-01,1.106870e-02,3.520221e-03,6.347948e-02,0.000000e+00,order_of_magnitude
5.133468373e+01,5.615060e-02,1.760924e-02,5.621586e-01,1.093236e-02,3.482397e-03,6.421071e-02,0.000000e+00,order_of_magnitude
5.253055609e+01,5.527028e-02,1.736177e-02,5.771217e-01,1.079285e-02,3.443691e-03,6.506742e-02,0.000000e+00,order_of_magnitude
5.375428701e+01,5.440708e-02,1.711908e-02,5.937746e-01,1.065611e-02,3.405850e-03,6.606101e-02,0.000000e+00,order_of_magnitude
5.500652548e+01,5.356016e-02,1.688092e-02,6.123543e-01,1.052201e-02,3.368836e-03,6.720954e-02,0.000000e+00,order_of_magnitude
5.628793559e+01,5.269549e-02,1.663777e-02,6.331435e-01,1.038510e-02,3.331052e-03,6.852321e-02,0.000000e+00,order_of_magnitude
5.759919693e+01,5.187734e-02,1.640760e-02,6.569643e-01,1.025564e-02,3.295506e-03,7.008784e-02,0.000000e+00,order_of_magnitude
5.894100489e+01,5.104014e-02,1.617206e-02,6.838961e-01,1.012317e-02,3.259133e-03,7.188702e-02,0.000000e+00,order_of_magnitude
6.031407107e+01,5.022659e-02,1.594308e-02,7.143731e-01,9.994462e-03,3.223924e-03,7.396909e-02,0.000000e+00,order_of_magnitude
6.171912365e+01,4.941451e-02,1.571447e-02,7.490198e-01,9.866000e-03,3.188847e-03,7.637481e-02,0.000000e+00,order_of_magnitude
6.315690779e+01,4.861019e-02,1.548796e-02,7.884558e-01,9.740646e-03,3.154742e-03,7.915508e-02,0.000000e+00,order_of_magnitude
6.462818596e+01,4.781958e-02,1.526521e-02,8.341311e-01,9.619793e-03,3.122018e-03,8.242451e-02,0.000000e+00,order_of_magnitude
6.613373845e+01,4.702893e-02,1.504239e-02,8.860259e-01,9.496126e-03,3.088532e-03,8.617482e-02,0.000000e+00,order_of_magnitude
6.767436369e+01,4.625667e-02,1.482462e-02,9.470171e-01,9.369577e-03,3.054266e-03,9.063417e-02,0.000000e+00,order_of_magnitude
6.925087872e+01,4.548260e-02,1.460828e-02,1.019237e+00,9.245194e-03,3.020703e-03,9.596461e-02,0.000000e+00,order_of_magnitude
7.086411962e+01,4.472602e-02,1.440119e-02,1.103476e+00,9.129151e-03,2.989656e-03,1.022359e-01,0.000000e+00,order_of_magnitude
7.251494194e+01,4.397037e-02,1.418928e-02,1.204870e+00,9.010404e-03,2.957885e-03,1.098345e-01,0.000000e+00,order_of_magnitude
7.420422115e+01,4.322711e-02,1.397242e-02,1.327620e+00,8.888892e-03,2.925375e-03,1.190884e-01,0.000000e+00,order_of_magnitude
7.593285315e+01,4.250203e-02,1.376410e-02,1.477733e+00,8.772224e-03,2.894363e-03,1.304708e-01,0.000000e+00,order_of_magnitude
7.770175466e+01,4.179105e-02,1.356278e-02,1.664763e+00,8.659538e-03,2.864598e-03,1.447207e-01,0.000000e+00,order_of_magnitude
7.951186380e+01,4.106350e-02,1.335678e-02,1.902104e+00,8.544227e-03,2.834140e-03,1.628640e-01,0.000000e+00,order_of_magnitude
8.136414052e+01,4.032396e-02,1.314734e-02,2.208743e+00,8.427002e-03,2.803200e-03,1.863737e-01,0.000000e+00,order_of_magnitude
8.325956714e+01,3.964453e-02,1.295438e-02,2.617980e+00,8.319086e-03,2.775085e-03,2.178553e-01,0.000000e+00,order_of_magnitude
8.519914887e+01,3.894926e-02,1.275693e-02,3.179586e+00,8.208656e-03,2.746316e-03,2.611400e-01,0.000000e+00,order_of_magnitude
8.718391432e+01,3.823779e-02,1.255488e-02,3.984232e+00,8.095653e-03,2.716876e-03,3.232547e-01,0.000000e+00,order_of_magnitude
8.921491608e+01,3.757194e-02,1.236527e-02,5.201181e+00,7.989651e-03,2.689598e-03,4.173385e-01,0.000000e+00,order_of_magnitude
9.129323124e+01,3.690229e-02,1.217448e-02,7.172702e+00,7.882996e-03,2.662221e-03,5.699002e-01,0.000000e+00,order_of_magnitude
9.341996201e+01,3.621705e-02,1.197925e-02,1.070486e+01,7.773857e-03,2.634206e-03,8.434061e-01,0.000000e+00,order_of_magnitude
9.559623625e+01,3.557230e-02,1.179501e-02,1.806641e+01,7.670883e-03,2.608123e-03,1.413703e+00,0.000000e+00,order_of_magnitude
9.782320810e+01,3.492286e-02,1.160932e-02,3.791527e+01,7.567103e-03,2.581906e-03,2.951765e+00,0.000000e+00,order_of_magnitude
1.001020586e+02,3.426098e-02,1.142005e-02,1.293183e+02,7.461319e-03,2.555202e-03,1.003527e+01,0.000000e+00,order_of_magnitude
1.024339963e+02,3.364234e-02,1.124249e-02,1.053693e+03,7.362077e-03,2.530564e-03,8.167412e+01,0.000000e+00,order_of_magnitude
1.048202579e+02,3.300929e-02,1.106080e-02,1.533355e+02,7.260523e-03,2.505352e-03,1.189617e+01,0.000000e+00,order_of_magnitude
1.072621089e+02,3.238454e-02,1.088121e-02,3.756876e+01,7.160129e-03,2.480612e-03,2.924032e+00,0.000000e+00,order_of_magnitude
1.097608443e+02,3.177855e-02,1.070659e-02,1.603982e+01,7.062493e-03,2.456828e-03,1.255330e+00,0.000000e+00,order_of_magnitude
1.123177892e+02,3.115845e-02,1.052790e-02,8.685499e+00,6.962582e-03,2.432490e-03,6.851547e-01,0.000000e+00,order_of_magnitude
1.149342997e+02,3.057223e-02,1.035833e-02,5.369560e+00,6.867712e-03,2.409819e-03,4.279660e-01,0.000000e+00,order_of_magnitude
1.176117634e+02,2.997606e-02,1.018583e-02,3.613187e+00,6.771196e-03,2.386791e-03,2.916401e-01,0.000000e+00,order_of_magnitude
1.203516002e+02,2.939394e-02,1.001699e-02,2.577277e+00,6.676676e-03,2.364527e-03,2.111547e-01,0.000000e+00,order_of_magnitude
1.231552632e+02,2.881858e-02,9.849792e-03,1.921584e+00,6.583043e-03,2.342690e-03,1.601384e-01,0.000000e+00,order_of_magnitude
1.260242391e+02,2.824560e-02,9.683047e-03,1.481686e+00,6.489622e-03,2.321421e-03,1.258469e-01,0.000000e+00,order_of_magnitude
1.289600496e+02,2.768840e-02,9.520427e-03,1.174430e+00,6.398439e-03,2.301642e-03,1.018405e-01,0.000000e+00,order_of_magnitude
1.319642516e+02,2.712801e-02,9.356720e-03,9.529923e-01,6.306614e-03,2.281401e-03,8.448382e-02,0.000000e+00,order_of_magnitude
1.350384383e+02,2.658672e-02,9.198061e-03,7.890740e-01,6.217510e-03,2.260689e-03,7.159113e-02,0.000000e+00,order_of_magnitude
1.381842400e+02,2.604122e-02,9.038026e-03,6.655040e-01,6.128166e-03,2.240309e-03,6.182413e-02,0.000000e+00,order_of_magnitude
1.414033250e+02,2.551390e-02,8.882807e-03,5.705193e-01,6.043496e-03,2.222451e-03,5.427946e-02,0.000000e+00,order_of_magnitude
1.446974006e+02,2.498475e-02,8.726873e-03,4.970782e-01,5.956855e-03,2.204177e-03,4.840309e-02,0.000000e+00,order_of_magnitude
1.480682136e+02,2.446975e-02,8.574659e-03,4.397529e-01,5.868194e-03,2.185478e-03,4.377885e-02,0.000000e+00,order_of_magnitude
1.515175517e+02,2.395786e-02,8.425053e-03,3.952697e-01,5.782030e-03,2.167864e-03,4.015223e-02,0.000000e+00,order_of_magnitude
1.550472443e+02,2.345370e-02,8.279976e-03,3.616039e-01,5.699800e-03,2.151822e-03,3.736835e-02,0.000000e+00,order_of_magnitude
1.586591632e+02,2.295952e-02,8.131520e-03,3.364086e-01,5.615655e-03,2.135406e-03,3.524133e-02,0.000000e+00,order_of_magnitude
1.623552239e+02,2.246492e-02,7.979606e-03,3.196929e-01,5.529549e-03,2.118608e-03,3.376969e-02,0.000000e+00,order_of_magnitude
1.661373865e+02,2.198864e-02,7.841344e-03,3.108956e-01,5.450448e-03,2.104592e-03,3.292202e-02,0.000000e+00,order_of_magnitude
1.700076569e+02,2.151198e-02,7.700561e-03,3.107465e-01,5.369871e-03,2.090379e-03,3.274326e-02,0.000000e+00,order_of_magnitude
1.739680876e+02,2.104442e-02,7.556499e-03,3.218472e-01,5.287418e-03,2.075836e-03,3.343662e-02,0.000000e+00,order_of_magnitude
1.780207789e+02,2.059605e-02,7.421647e-03,3.476289e-01,5.209276e-03,2.063304e-03,3.527597e-02,0.000000e+00,order_of_magnitude
1.821678801e+02,2.014775e-02,7.288045e-03,3.989851e-01,5.131492e-03,2.051302e-03,3.909786e-02,0.000000e+00,order_of_magnitude
1.864115905e+02,1.968901e-02,7.151332e-03,4.989778e-01,5.051895e-03,2.039021e-03,4.668541e-02,0.000000e+00,order_of_magnitude
1.907541607e+02,1.925719e-02,7.024384e-03,7.154872e-01,4.976098e-03,2.028775e-03,6.331276e-02,0.000000e+00,order_of_magnitude
1.951978937e+02,1.882818e-02,6.898910e-03,1.329677e+00,4.900470e-03,2.019085e-03,1.107614e-01,0.000000e+00,order_of_magnitude
1.997451461e+02,1.838917e-02,6.770514e-03,4.854610e+00,4.823079e-03,2.009170e-03,3.837892e-01,0.000000e+00,order_of_magnitude
2.043983295e+02,1.797855e-02,6.653893e-03,5.946125e+02,4.749696e-03,2.002351e-03,4.608988e+01,0.000000e+00,order_of_magnitude
2.091599116e+02,1.756066e-02,6.543452e-03,3.654193e+00,4.674948e-03,1.995570e-03,2.904690e-01,0.000000e+00,order_of_magnitude
2.140324176e+02,1.716403e-02,6.441404e-03,2.068620e+00,4.603133e-03,1.988632e-03,1.674508e-01,0.000000e+00,order_of_magnitude
2.190184316e+02,1.676124e-02,6.353776e-03,4.645008e+00,4.530217e-03,1.984870e-03,3.669870e-01,0.000000e+00,order_of_magnitude
2.241205978e+02,1.637782e-02,6.295308e-03,4.014783e+02,4.461910e-03,1.981040e-03,3.112144e+01,0.000000e+00,order_of_magnitude
2.293416220e+02,1.599200e-02,6.287378e-03,6.410655e+00,4.392012e-03,1.978041e-03,5.035972e-01,0.000000e+00,order_of_magnitude
2.346842731e+02,1.561920e-02,6.416528e-03,1.482645e+00,4.320486e-03,1.978067e-03,1.216091e-01,0.000000e+00,order_of_magnitude
2.401513845e+02,1.525060e-02,6.976609e-03,6.922948e-01,4.251219e-03,1.978287e-03,6.040959e-02,0.000000e+00,order_of_magnitude
2.457458555e+02,1.488741e-02,1.025770e-02,4.298525e-01,4.184606e-03,1.981842e-03,4.087223e-02,0.000000e+00,order_of_magnitude
2.514706531e+02,1.453605e-02,2.378366e+00,3.140074e-01,4.116441e-03,1.985480e-03,6.818432e-01,0.000000e+00,order_of_magnitude
2.573288134e+02,1.418593e-02,1.195611e-02,2.564149e-01,4.048021e-03,1.992998e-03,2.770374e-02,0.000000e+00,order_of_magnitude
2.633234429e+02,1.384733e-02,6.709277e-03,2.280099e-01,3.984044e-03,2.000783e-03,2.396970e-02,0.000000e+00,order_of_magnitude
2.694577210e+02,1.351492e-02,5.754454e-03,2.179743e-01,3.918578e-03,2.013120e-03,2.283852e-02,0.000000e+00,order_of_magnitude
2.757349008e+02,1.318590e-02,5.363271e-03,2.225760e-01,3.852350e-03,2.026307e-03,2.299694e-02,0.000000e+00,order_of_magnitude
2.821583113e+02,1.286833e-02,5.127593e-03,2.426819e-01,3.790475e-03,2.044146e-03,2.440392e-02,0.000000e+00,order_of_magnitude
2.887313589e+02,1.255686e-02,4.953054e-03,2.843628e-01,3.727158e-03,2.065526e-03,2.750075e-02,0.000000e+00,order_of_magnitude
2.954575297e+02,1.225002e-02,4.810078e-03,3.631981e-01,3.663877e-03,2.090391e-03,3.348695e-02,0.000000e+00,order_of_magnitude
3.023403907e+02,1.195070e-02,4.678510e-03,5.255857e-01,3.603664e-03,2.119926e-03,4.595461e-02,0.000000e+00,order_of_magnitude
3.093835921e+02,1.166106e-02,4.557721e-03,9.567542e-01,3.542048e-03,2.155746e-03,7.925771e-02,0.000000e+00,order_of_magnitude
3.165908690e+02,1.138140e-02,4.445163e-03,4.091796e+00,3.482125e-03,2.197271e-03,3.221163e-01,0.000000e+00,order_of_magnitude
3.239660439e+02,1.110659e-02,4.337786e-03,7.754273e+00,3.423244e-03,2.245434e-03,6.058545e-01,0.000000e+00,order_of_magnitude
3.315130278e+02,1.082649e-02,4.232027e-03,1.482596e+02,3.363166e-03,2.301368e-03,1.149491e+01,0.000000e+00,order_of_magnitude
3.392358234e+02,1.057129e-02,4.131933e-03,6.584531e+00,3.306643e-03,2.368660e-03,5.149999e-01,0.000000e+00,order_of_magnitude
3.471385260e+02,1.031016e-02,4.031978e-03,1.661721e+00,3.248804e-03,2.447810e-03,1.333860e-01,0.000000e+00,order_of_magnitude
3.552253269e+02,1.006219e-02,3.935471e-03,1.408673e+00,3.192660e-03,2.540511e-03,1.136840e-01,0.000000e+00,order_of_magnitude
3.635005147e+02,9.819231e-03,3.839071e-03,7.028853e+00,3.136914e-03,2.648228e-03,5.491594e-01,0.000000e+00,order_of_magnitude
3.719684780e+02,9.581041e-03,3.747484e-03,8.807102e+00,3.081524e-03,2.779309e-03,6.868895e-01,0.000000e+00,order_of_magnitude
3.806337075e+02,9.354701e-03,3.656083e-03,1.019444e+00,3.027603e-03,2.936704e-03,8.326685e-02,0.000000e+00,order_of_magnitude
3.895007988e+02,9.128832e-03,3.566747e-03,5.086260e-01,2.973340e-03,3.126314e-03,4.360232e-02,0.000000e+00,order_of_magnitude
3.985744544e+02,8.917868e-03,3.480206e-03,6.002868e-01,2.921019e-03,3.356514e-03,5.063758e-02,0.000000e+00,order_of_magnitude
4.078594861e+02,8.706118e-03,3.394638e-03,3.014114e+01,2.868135e-03,3.642047e-03,2.339989e+00,0.000000e+00,order_of_magnitude
4.173608183e+02,8.509582e-03,3.310801e-03,7.986000e-01,2.817219e-03,4.001251e-03,6.588832e-02,0.000000e+00,order_of_magnitude
4.270834898e+02,8.313286e-03,3.231181e-03,2.715617e-01,2.765879e-03,4.459485e-03,2.499730e-02,0.000000e+00,order_of_magnitude
4.370326567e+02,8.130493e-03,3.150679e-03,2.047872e-01,2.716202e-03,5.057004e-03,1.979063e-02,0.000000e+00,order_of_magnitude
4.472135955e+02,7.950728e-03,3.069536e-03,2.143488e-01,2.666508e-03,5.856348e-03,2.051606e-02,0.000000e+00,order_of_magnitude
4.576317054e+02,7.781235e-03,2.994163e-03,2.889075e-01,2.617923e-03,6.954330e-03,2.630594e-02,0.000000e+00,order_of_magnitude
4.682925114e+02,7.618984e-03,2.917034e-03,5.275621e-01,2.569937e-03,8.545478e-03,4.485261e-02,0.000000e+00,order_of_magnitude
4.792016673e+02,7.462579e-03,2.842817e-03,1.702953e+00,2.522321e-03,1.094613e-02,1.360611e-01,0.000000e+00,order_of_magnitude
4.903649585e+02,7.318859e-03,2.770377e-03,9.146020e+01,2.476076e-03,1.486717e-02,7.092484e+00,0.000000e+00,order_of_magnitude
5.017883053e+02,7.178313e-03,2.697496e-03,2.451207e+00,2.429904e-03,2.190837e-02,1.947660e-01,0.000000e+00,order_of_magnitude
5.134777659e+02,7.049745e-03,2.629798e-03,8.029611e-01,2.385846e-03,3.671875e-02,6.811069e-02,0.000000e+00,order_of_magnitude
5.254395395e+02,6.931376e-03,2.561115e-03,3.609969e-01,2.340761e-03,7.743495e-02,3.694617e-02,0.000000e+00,order_of_magnitude
5.376799698e+02,6.821542e-03,2.494826e-03,2.510913e-01,2.296919e-03,2.811039e-01,4.411531e-02,0.000000e+00,order_of_magnitude
5.502055483e+02,6.721075e-03,2.431340e-03,8.023427e-01,2.254177e-03,1.776629e+02,1.379840e+01,0.000000e+00,order_of_magnitude
5.630229177e+02,6.630826e-03,2.367044e-03,2.061521e+00,2.210602e-03,3.375416e-01,1.886804e-01,0.000000e+00,order_of_magnitude
5.761388754e+02,6.554170e-03,2.306885e-03,1.837388e-01,2.169931e-03,7.643331e-02,2.292151e-02,0.000000e+00,order_of_magnitude
5.895603773e+02,6.489948e-03,2.247554e-03,8.134575e-02,2.128313e-03,3.246647e-02,1.154272e-02,0.000000e+00,order_of_magnitude
6.032945411e+02,6.438729e-03,2.190815e-03,5.165723e-02,2.088334e-03,1.774982e-02,8.063564e-03,0.000000e+00,order_of_magnitude
6.173486505e+02,6.401901e-03,2.138495e-03,3.819622e-02,2.048596e-03,1.114020e-02,6.472970e-03,0.000000e+00,order_of_magnitude
6.317301589e+02,6.381087e-03,2.089252e-03,3.116846e-02,2.009559e-03,7.642038e-03,5.625864e-03,0.000000e+00,order_of_magnitude
6.464466931e+02,6.378041e-03,2.046102e-03,2.955617e-02,1.971505e-03,5.590921e-03,5.315999e-03,0.000000e+00,order_of_magnitude
6.615060579e+02,6.396533e-03,2.014076e-03,8.170706e-02,1.933694e-03,4.274552e-03,9.237149e-03,0.000000e+00,order_of_magnitude
6.769162397e+02,6.437738e-03,2.006073e-03,4.977188e-02,1.897158e-03,3.393086e-03,6.686979e-03,0.000000e+00,order_of_magnitude
6.926854109e+02,6.504538e-03,2.049269e-03,2.079330e-02,1.860768e-03,2.770926e-03,4.405361e-03,0.000000e+00,order_of_magnitude
7.088219344e+02,6.600680e-03,2.319893e-03,1.814883e-02,1.825611e-03,2.323438e-03,4.247054e-03,0.000000e+00,order_of_magnitude
7.253343680e+02,6.735657e-03,4.676531e-03,2.397741e-02,1.790773e-03,1.984074e-03,5.334483e-03,0.000000e+00,order_of_magnitude
7.422314686e+02,6.912575e-03,2.708752e-02,2.965119e-01,1.756879e-03,1.722433e-03,3.261152e-02,0.000000e+00,order_of_magnitude
7.595221974e+02,7.141977e-03,2.623741e-03,5.065205e-01,1.723680e-03,1.517929e-03,4.219114e-02,0.000000e+00,order_of_magnitude
7.772157241e+02,7.435280e-03,1.894537e-03,2.009691e-02,1.690947e-03,1.357021e-03,4.329091e-03,0.000000e+00,order_of_magnitude
7.953214322e+02,7.810422e-03,1.690568e-03,2.870958e-02,1.659444e-03,1.221266e-03,4.995758e-03,0.000000e+00,order_of_magnitude
8.138489236e+02,8.281569e-03,1.582733e-03,5.903695e-02,1.627965e-03,1.113322e-03,7.393610e-03,0.000000e+00,order_of_magnitude
8.328080241e+02,8.900107e-03,1.510669e-03,4.445091e-02,1.598020e-03,1.022263e-03,6.352675e-03,0.000000e+00,order_of_magnitude
8.522087882e+02,9.677172e-03,1.454158e-03,5.125747e+01,1.568374e-03,9.474864e-04,3.975489e+00,0.000000e+00,order_of_magnitude
8.720615048e+02,1.070857e-02,1.403525e-03,3.793982e-02,1.539359e-03,8.811439e-04,6.158335e-03,0.000000e+00,order_of_magnitude
8.923767024e+02,1.207684e-02,1.357544e-03,2.888065e-02,1.511550e-03,8.234937e-04,5.710475e-03,0.000000e+00,order_of_magnitude
9.131651548e+02,1.394355e-02,1.315573e-03,2.248720e-01,1.484112e-03,7.739767e-04,2.125842e-02,0.000000e+00,order_of_magnitude
9.344378867e+02,1.656403e-02,1.276317e-03,6.381657e-02,1.457459e-03,7.314660e-04,9.291869e-03,0.000000e+00,order_of_magnitude
9.562061796e+02,2.040130e-02,1.236927e-03,2.064785e-02,1.432711e-03,6.931999e-04,6.712817e-03,0.000000e+00,order_of_magnitude
9.784815781e+02,2.635336e-02,1.201091e-03,1.830203e-02,1.407811e-03,6.588410e-04,7.733773e-03,0.000000e+00,order_of_magnitude
1.001275895e+03,3.627546e-02,1.164650e-03,2.466138e-02,1.382535e-03,6.279607e-04,1.024598e-02,0.000000e+00,order_of_magnitude
1.024601220e+03,5.484935e-02,1.131317e-03,1.719329e-01,1.360197e-03,6.008431e-04,2.546078e-02,0.000000e+00,order_of_magnitude
1.048469922e+03,9.619007e-02,1.099144e-03,1.664687e-01,1.337338e-03,5.759628e-04,3.352199e-02,0.000000e+00,order_of_magnitude
1.072894660e+03,2.229090e-01,1.068498e-03,1.054338e-01,1.315411e-03,5.535383e-04,5.483972e-02,0.000000e+00,order_of_magnitude
1.097888387e+03,1.093942e+00,1.039225e-03,6.841183e-02,1.294996e-03,5.332182e-04,2.311249e-01,0.000000e+00,order_of_magnitude
1.123464357e+03,1.311060e+01,1.009270e-03,2.136683e-01,1.274105e-03,5.124248e-04,2.714192e+00,0.000000e+00,order_of_magnitude
1.149636136e+03,4.352465e-01,9.826923e-04,3.212673e+01,1.255826e-03,4.953964e-04,2.580118e+00,0.000000e+00,order_of_magnitude
1.176417601e+03,1.279673e-01,9.557559e-04,1.915480e-01,1.237319e-03,4.782423e-04,4.191880e-02,0.000000e+00,order_of_magnitude
1.203822958e+03,5.978207e-02,9.304771e-04,3.376789e-01,1.220241e-03,4.626153e-04,3.920385e-02,0.000000e+00,order_of_magnitude
1.231866738e+03,3.461941e-02,9.061970e-04,5.685098e-01,1.204059e-03,4.479629e-04,5.190358e-02,0.000000e+00,order_of_magnitude
1.260563815e+03,2.282619e-02,8.826311e-04,8.161467e-02,1.188611e-03,4.338634e-04,1.173015e-02,0.000000e+00,order_of_magnitude
1.289929408e+03,1.660921e-02,8.607643e-04,1.237192e-01,1.174757e-03,4.210061e-04,1.370237e-02,0.000000e+00,order_of_magnitude
1.319979090e+03,1.325522e-02,8.391853e-04,1.082743e+01,1.161321e-03,4.083218e-04,8.425382e-01,0.000000e+00,order_of_magnitude
1.350728797e+03,1.181611e-02,8.195649e-04,2.802649e-01,1.149860e-03,3.968012e-04,2.482644e-02,0.000000e+00,order_of_magnitude
1.382194837e+03,1.262823e-02,8.001752e-04,5.217210e-02,1.138817e-03,3.853620e-04,7.306068e-03,0.000000e+00,order_of_magnitude
1.414393898e+03,1.924274e-02,7.827079e-04,2.315994e-02,1.129879e-03,3.748636e-04,6.409363e-03,0.000000e+00,order_of_magnitude
1.447343055e+03,7.266961e-02,7.656999e-04,2.088092e-02,1.121653e-03,3.644990e-04,1.721417e-02,0.000000e+00,order_of_magnitude
1.481059782e+03,1.025292e+00,7.503764e-04,3.298383e-02,1.115448e-03,3.548014e-04,2.140993e-01,0.000000e+00,order_of_magnitude
1.515561961e+03,3.065056e-02,7.359899e-04,2.561555e-01,1.110564e-03,3.455649e-04,2.679097e-02,0.000000e+00,order_of_magnitude
1.550867889e+03,1.081272e-02,7.228799e-04,1.309118e-01,1.107393e-03,3.369686e-04,1.299852e-02,0.000000e+00,order_of_magnitude
1.586996290e+03,6.174848e-03,7.114580e-04,4.490722e-02,1.107369e-03,3.281721e-04,5.375328e-03,0.000000e+00,order_of_magnitude
1.623966324e+03,4.316974e-03,7.007386e-04,1.215106e-01,1.108910e-03,3.191707e-04,1.092685e-02,0.000000e+00,order_of_magnitude
1.661797597e+03,3.343043e-03,6.928311e-04,3.463307e+00,1.111294e-03,3.115764e-04,2.697138e-01,0.000000e+00,order_of_magnitude
1.700510172e+03,2.744348e-03,6.860065e-04,6.734110e-02,1.118541e-03,3.038516e-04,6.403512e-03,0.000000e+00,order_of_magnitude
1.740124580e+03,2.354236e-03,6.814065e-04,3.548762e-02,1.125958e-03,2.959469e-04,3.855454e-03,0.000000e+00,order_of_magnitude
1.780661829e+03,2.084959e-03,6.790647e-04,9.946894e-02,1.138588e-03,2.888517e-04,8.762035e-03,0.000000e+00,order_of_magnitude
1.822143418e+03,1.931966e-03,6.810566e-04,3.319986e-01,1.154596e-03,2.819185e-04,2.675746e-02,0.000000e+00,order_of_magnitude
1.864591346e+03,2.008470e-03,6.871593e-04,3.563553e-02,1.175781e-03,2.748239e-04,3.813925e-03,0.000000e+00,order_of_magnitude
1.908028124e+03,4.338247e-03,6.988945e-04,4.232566e-02,1.203273e-03,2.683917e-04,4.824404e-03,0.000000e+00,order_of_magnitude
1.952476787e+03,8.311639e-03,7.190568e-04,4.120071e+01,1.236507e-03,2.620767e-04,3.195434e+00,0.000000e+00,order_of_magnitude
1.997960909e+03,1.753305e-03,7.544642e-04,3.057462e-01,1.277013e-03,2.556145e-04,2.474895e-02,0.000000e+00,order_of_magnitude
2.044504611e+03,1.309970e-03,8.278187e-04,1.986530e-01,1.329522e-03,2.499221e-04,1.639690e-02,0.000000e+00,order_of_magnitude
2.092132576e+03,1.137622e-03,1.008026e-03,3.191227e-02,1.394633e-03,2.441403e-04,3.511826e-03,0.000000e+00,order_of_magnitude
2.140870064e+03,1.037165e-03,1.883753e-03,1.986439e-02,1.476041e-03,2.385395e-04,2.827119e-03,0.000000e+00,order_of_magnitude
2.190742920e+03,9.619682e-04,2.084751e+01,2.741087e-02,1.579925e-03,2.332261e-04,5.725558e+00,0.000000e+00,order_of_magnitude
2.241777595e+03,9.007519e-04,2.013049e-03,1.648006e-01,1.715449e-03,2.278400e-04,1.415367e-02,0.000000e+00,order_of_magnitude
2.294001153e+03,8.521311e-04,1.282976e-03,1.171687e+01,1.888588e-03,2.233297e-04,9.092912e-01,0.000000e+00,order_of_magnitude
2.347441291e+03,8.084310e-04,1.325294e-03,4.700558e-02,2.131893e-03,2.187143e-04,4.968068e-03,0.000000e+00,order_of_magnitude
2.402126349e+03,7.701991e-04,1.632307e-03,2.983327e-02,2.460489e-03,2.139914e-04,3.833197e-03,0.000000e+00,order_of_magnitude
2.458085328e+03,7.398557e-04,2.382999e-03,1.177001e-01,2.947916e-03,2.091585e-04,1.102024e-02,0.000000e+00,order_of_magnitude
2.515347905e+03,7.114013e-04,4.662736e-03,3.426428e-02,3.703175e-03,2.050242e-04,5.449246e-03,0.000000e+00,order_of_magnitude
2.573944448e+03,6.879646e-04,1.983560e-02,1.430657e+00,4.983184e-03,2.012532e-04,1.182967e-01,0.000000e+00,order_of_magnitude
2.633906033e+03,6.683916e-04,2.538239e-01,2.831419e-02,7.404460e-03,1.973943e-04,7.472438e-02,0.000000e+00,order_of_magnitude
2.695264459e+03,6.510878e-04,1.382709e-02,6.551314e-01,1.308339e-02,1.934456e-04,5.949254e-02,0.000000e+00,order_of_magnitude
2.758052267e+03,6.404956e-04,3.431143e+01,1.124651e-02,3.256124e-02,1.901975e-04,9.431390e+00,0.000000e+00,order_of_magnitude
2.822302754e+03,6.322416e-04,6.655492e-03,7.783346e-03,2.410122e-01,1.873257e-04,9.054412e-02,0.000000e+00,order_of_magnitude
2.888049996e+03,6.347863e-04,2.377389e-03,1.948146e-02,3.354497e-01,1.843870e-04,1.247464e-01,0.000000e+00,order_of_magnitude
2.955328859e+03,6.474241e-04,1.485370e-03,6.760158e-01,3.818952e-02,1.813799e-04,6.688533e-02,0.000000e+00,order_of_magnitude
3.024175023e+03,1.404919e-03,1.159395e-03,1.066803e-02,8.265170e-02,1.794885e-04,3.161576e-02,0.000000e+00,order_of_magnitude
3.094625000e+03,3.847694e-03,1.014152e-03,3.840561e-03,3.265286e-02,1.775830e-04,1.329952e-02,0.000000e+00,order_of_magnitude
3.166716152e+03,2.807351e-02,9.679281e-04,2.341776e-03,7.721666e-03,1.762389e-04,9.053936e-03,0.000000e+00,order_of_magnitude
3.240486711e+03,7.850199e-03,9.809079e-04,1.765726e-03,4.346930e-03,1.754942e-04,3.621084e-03,0.000000e+00,order_of_magnitude
3.315975799e+03,9.827319e-03,1.057770e-03,1.514134e-03,3.124652e-03,1.749544e-04,3.583205e-03,0.000000e+00,order_of_magnitude
3.393223451e+03,1.203682e-02,1.234176e-03,1.409305e-03,2.538216e-03,1.757349e-04,3.864009e-03,0.000000e+00,order_of_magnitude
3.472270633e+03,1.433019e-02,1.677235e-03,1.406773e-03,2.240343e-03,1.770974e-04,4.348560e-03,0.000000e+00,order_of_magnitude
3.553159268e+03,1.670185e-02,3.405968e-03,1.513206e-03,2.093811e-03,1.796737e-04,5.265912e-03,0.000000e+00,order_of_magnitude
3.635932251e+03,1.914922e-02,4.963422e-02,1.756895e-03,2.051179e-03,1.839616e-04,1.846265e-02,0.000000e+00,order_of_magnitude
3.720633481e+03,2.166999e-02,8.625310e-03,2.262672e-03,2.090162e-03,1.895606e-04,7.778084e-03,0.000000e+00,order_of_magnitude
3.807307877e+03,2.428810e-02,2.581677e-03,3.399272e-03,2.200166e-03,1.993784e-04,6.786649e-03,0.000000e+00,order_of_magnitude
3.896001406e+03,2.704532e-02,2.046960e-03,6.811657e-03,2.393757e-03,2.122131e-04,7.543141e-03,0.000000e+00,order_of_magnitude
3.986761103e+03,3.000203e-02,2.179294e-03,3.073239e-02,2.696893e-03,2.312569e-04,1.015364e-02,0.000000e+00,order_of_magnitude
4.079635103e+03,3.339378e-02,2.655901e-03,2.183868e-01,3.273734e-03,2.584781e-04,2.573801e-02,0.000000e+00,order_of_magnitude
4.174672658e+03,3.825101e-02,3.584736e-03,2.837068e-02,4.085766e-01,3.037056e-04,1.602049e-01,0.000000e+00,order_of_magnitude
4.271924170e+03,4.824106e-02,5.555243e-03,1.383740e-01,4.602021e-03,3.792081e-04,2.388114e-02,0.000000e+00,order_of_magnitude
4.371441214e+03,2.747358e-01,1.076696e-02,1.801218e-02,5.718954e-03,5.165677e-04,6.299198e-02,0.000000e+00,order_of_magnitude
4.473276569e+03,6.930205e-02,3.672126e-02,3.375772e-01,7.762247e-03,8.177042e-04,5.339408e-02,0.000000e+00,order_of_magnitude
4.577484238e+03,5.102120e-02,4.856989e+00,7.497125e-03,1.146919e-02,1.686848e-03,1.348636e+00,0.000000e+00,order_of_magnitude
4.684119489e+03,5.142588e-02,3.973893e-02,3.675162e-03,1.923494e-02,6.649528e-03,2.930622e-02,0.000000e+00,order_of_magnitude
4.793238871e+03,5.391305e-02,2.631656e-02,1.052010e-02,4.014063e-02,1.417879e+00,1.433825e-01,0.000000e+00,order_of_magnitude
4.904900256e+03,5.707447e-02,1.398597e-01,6.282119e-03,1.348676e-01,4.815007e-03,1.002175e-01,0.000000e+00,order_of_magnitude
5.019162859e+03,6.088868e-02,1.894872e-01,3.266436e-03,1.198367e+00,1.314338e-03,5.022977e-01,0.000000e+00,order_of_magnitude
5.136087279e+03,6.629204e-02,1.992452e-02,9.584619e-03,1.551262e-01,6.434170e-04,7.651917e-02,0.000000e+00,order_of_magnitude
5.255735523e+03,7.299144e-02,7.238315e-03,2.614050e-02,3.918662e-02,4.104030e-04,3.336199e-02,0.000000e+00,order_of_magnitude
5.378171045e+03,8.416633e-02,3.769444e-03,6.138970e+00,1.686508e-02,3.117631e-04,5.002978e-01,0.000000e+00,order_of_magnitude
5.503458777e+03,1.332796e-01,2.324143e-03,7.414135e-03,9.180930e-03,2.728452e-04,3.200032e-02,0.000000e+00,order_of_magnitude
5.631665161e+03,6.224031e-01,1.588158e-03,5.642734e-03,5.692582e-03,2.750269e-04,1.310006e-01,0.000000e+00,order_of_magnitude
5.762858190e+03,1.093100e-01,1.162573e-03,5.324687e+00,3.837243e-03,3.328682e-04,4.368938e-01,0.000000e+00,order_of_magnitude
5.897107440e+03,9.961862e-02,8.980355e-04,4.706538e-03,2.744639e-03,5.442431e-04,2.214668e-02,0.000000e+00,order_of_magnitude
6.034484107e+03,1.017272e-01,7.175700e-04,2.688776e-03,1.346825e-01,1.725598e-03,7.062314e-02,0.000000e+00,order_of_magnitude
6.175061046e+03,1.061866e-01,5.968133e-04,1.533946e-02,1.330441e-01,7.441600e+00,6.469920e-01,0.000000e+00,order_of_magnitude
6.318912810e+03,1.116535e-01,5.089749e-04,4.210076e-02,1.313675e-01,1.687224e-03,7.444921e-02,0.000000e+00,order_of_magnitude
6.466115687e+03,1.182438e-01,4.482945e-04,6.974362e-03,1.296519e-01,4.657948e-04,7.234525e-02,0.000000e+00,order_of_magnitude
6.616747743e+03,1.292444e-01,4.053570e-04,2.097224e+00,1.278963e-01,2.437196e-04,2.359327e-01,0.000000e+00,order_of_magnitude
6.770888864e+03,5.067069e-01,3.757984e-04,5.213741e-03,1.260998e-01,1.659243e-04,1.507761e-01,0.000000e+00,order_of_magnitude
6.928620795e+03,1.468204e-01,3.583476e-04,1.629734e-03,1.242614e-01,1.284681e-04,7.579098e-02,0.000000e+00,order_of_magnitude
7.090027187e+03,1.426788e-01,3.526206e-04,1.038710e-03,1.223802e-01,1.083324e-04,7.420347e-02,0.000000e+00,order_of_magnitude
7.255193637e+03,1.475632e-01,3.581629e-04,9.515535e-04,1.205700e-01,9.516348e-05,7.454122e-02,0.000000e+00,order_of_magnitude
7.424207740e+03,1.537068e-01,3.770285e-04,1.211753e-03,1.189517e-01,8.713160e-05,7.523898e-02,0.000000e+00,order_of_magnitude
7.597159127e+03,1.570248e-01,4.139097e-04,2.434777e-03,1.172957e-01,8.047181e-05,7.542145e-02,0.000000e+00,order_of_magnitude
7.774139521e+03,1.579799e-01,4.734081e-04,1.753369e-02,1.156010e-01,7.606456e-05,7.618554e-02,0.000000e+00,order_of_magnitude
7.955242780e+03,1.591485e-01,5.799465e-04,1.635760e-02,1.138670e-01,7.270144e-05,7.573082e-02,0.000000e+00,order_of_magnitude
8.140564949e+03,1.608112e-01,7.709947e-04,3.198627e-03,1.123721e-01,7.002570e-05,7.455964e-02,0.000000e+00,order_of_magnitude
8.330204309e+03,1.640057e-01,1.145247e-03,4.819413e-03,1.109336e-01,6.858054e-05,7.491992e-02,0.000000e+00,order_of_magnitude
8.524261432e+03,1.782132e-01,2.050734e-03,6.412863e-02,1.094616e-01,6.710171e-05,8.215001e-02,0.000000e+00,order_of_magnitude
8.722839232e+03,7.778252e-01,5.338946e-03,4.400751e-01,1.079552e-01,6.578494e-05,2.349788e-01,0.000000e+00,order_of_magnitude
8.926043022e+03,1.741178e-01,4.794864e-02,4.334882e-01,1.064138e-01,6.532910e-05,1.214194e-01,0.000000e+00,order_of_magnitude
9.133980566e+03,1.675239e-01,3.529653e-02,4.267479e-01,1.048365e-01,6.518750e-05,1.154919e-01,0.000000e+00,order_of_magnitude
9.346762141e+03,1.677628e-01,4.711299e-03,4.203560e-01,1.032224e-01,6.548335e-05,1.060609e-01,0.000000e+00,order_of_magnitude
9.564500590e+03,1.705999e-01,3.732404e-03,4.139578e-01,1.015707e-01,6.595538e-05,1.052771e-01,0.000000e+00,order_of_magnitude
9.787311388e+03,1.860915e-01,7.349475e-03,4.077422e-01,9.988055e-02,6.715876e-05,1.083581e-01,0.000000e+00,order_of_magnitude
1.001531270e+04,3.325205e-01,1.111366e-03,4.016362e-01,9.818333e-02,6.845151e-05,1.356736e-01,0.000000e+00,order_of_magnitude
1.024862543e+04,2.071614e-01,7.442440e-04,3.956332e-01,9.690572e-02,7.064611e-05,1.088550e-01,0.000000e+00,order_of_magnitude
1.048737333e+04,1.978885e-01,7.570032e-04,3.897784e-01,9.559835e-02,7.343718e-05,1.060204e-01,0.000000e+00,order_of_magnitude
1.073168301e+04,1.525344e-01,1.154559e-03,3.840070e-01,9.426053e-02,7.685124e-05,9.586482e-02,0.000000e+00,order_of_magnitude
1.098168402e+04,1.421255e-01,3.611007e-03,3.783681e-01,9.289154e-02,8.163877e-05,9.346170e-02,0.000000e+00,order_of_magnitude
1.123750896e+04,1.341726e-01,9.429688e-01,3.728356e-01,9.149066e-02,8.779169e-05,3.487399e-01,0.000000e+00,order_of_magnitude
1.149929349e+04,1.275594e-01,3.304034e-03,3.673835e-01,9.005714e-02,9.543818e-05,8.849639e-02,0.000000e+00,order_of_magnitude
1.176717646e+04,1.605474e-01,2.510603e-03,3.620898e-01,8.859023e-02,1.060991e-04,9.411935e-02,0.000000e+00,order_of_magnitude
1.204129991e+04,1.148849e-01,8.299660e-02,3.567987e-01,8.708914e-02,1.206381e-04,1.058632e-01,0.000000e+00,order_of_magnitude
1.232180924e+04,1.033327e-01,8.198683e-02,3.517384e-01,8.555309e-02,1.410980e-04,1.022584e-01,0.000000e+00,order_of_magnitude
1.260885320e+04,9.358474e-02,8.101553e-02,3.466691e-01,8.413970e-02,1.725186e-04,9.908032e-02,0.000000e+00,order_of_magnitude
1.290258403e+04,8.348632e-02,8.012546e-02,3.417510e-01,8.295879e-02,2.239464e-04,9.595055e-02,0.000000e+00,order_of_magnitude
1.320315749e+04,1.490073e-01,7.921466e-02,3.369164e-01,8.175037e-02,3.180207e-04,1.083697e-01,0.000000e+00,order_of_magnitude
1.351073299e+04,6.472997e-02,7.828264e-02,3.321063e-01,8.051380e-02,5.392666e-04,8.997100e-02,8.175750e-06,order_of_magnitude
1.382547364e+04,3.846781e-02,7.732891e-02,3.295878e-01,7.924842e-02,1.453023e-03,8.372066e-02,1.044329e-04,order_of_magnitude
1.414754637e+04,1.402963e-01,7.635296e-02,3.280243e-01,7.795357e-02,1.198476e-01,1.129570e-01,2.029324e-04,order_of_magnitude
1.447712198e+04,1.385644e-01,7.535427e-02,3.264243e-01,7.662855e-02,2.686675e-03,1.026624e-01,3.037265e-04,order_of_magnitude
1.481437525e+04,1.367922e-01,7.433232e-02,3.247871e-01,7.527266e-02,4.825988e-03,1.015610e-01,4.068687e-04,order_of_magnitude
1.515948504e+04,1.350851e-01,7.339137e-02,3.231117e-01,7.402380e-02,1.688964e-01,1.130485e-01,5.124136e-04,order_of_magnitude
1.551263437e+04,1.334647e-01,7.255334e-02,3.213973e-01,7.291093e-02,3.088765e-03,9.912913e-02,6.204173e-04,order_of_magnitude
1.587401052e+04,1.318067e-01,7.169577e-02,3.196430e-01,7.177214e-02,8.772729e-04,9.783010e-02,7.309370e-04,order_of_magnitude
1.624380515e+04,1.301100e-01,7.081823e-02,3.178478e-01,7.060682e-02,4.274499e-04,9.664096e-02,8.440313e-04,order_of_magnitude
1.662221437e+04,1.283738e-01,6.992025e-02,3.160108e-01,6.941435e-02,2.650191e-04,9.544715e-02,9.597602e-04,order_of_magnitude
1.700943885e+04,1.266050e-01,6.900618e-02,3.141310e-01,6.820037e-02,1.927719e-04,9.423804e-02,1.078185e-03,order_of_magnitude
1.740568397e+04,1.251198e-01,6.826844e-02,3.122074e-01,6.721488e-02,1.555726e-04,9.321836e-02,1.199369e-03,order_of_magnitude
1.781115985e+04,1.236000e-01,6.751351e-02,3.102389e-01,6.620642e-02,1.374903e-04,9.217648e-02,1.323375e-03,order_of_magnitude
1.822608154e+04,1.220448e-01,6.674100e-02,3.082247e-01,6.517447e-02,1.317236e-04,9.111130e-02,1.450271e-03,order_of_magnitude
1.865066908e+04,1.204534e-01,6.595049e-02,3.061635e-01,6.411848e-02,1.357023e-04,9.002208e-02,1.580123e-03,order_of_magnitude
1.908514764e+04,1.188249e-01,6.514157e-02,3.040542e-01,6.303789e-02,1.521332e-04,8.890844e-02,1.712999e-03,order_of_magnitude
1.952974764e+04,1.171585e-01,6.431380e-02,3.018959e-01,6.193213e-02,1.898001e-04,8.777047e-02,1.848971e-03,order_of_magnitude
1.998470487e+04,1.154532e-01,6.346675e-02,2.996873e-01,6.080061e-02,2.773436e-04,8.660977e-02,1.988111e-03,order_of_magnitude
2.045026059e+04,1.141169e-01,6.284540e-02,2.974755e-01,5.995706e-02,5.921437e-04,8.570936e-02,2.040785e-03,order_of_magnitude
2.092666172e+04,1.127637e-01,6.221811e-02,2.952138e-01,5.910478e-02,7.738874e-03,8.532490e-02,2.091567e-03,order_of_magnitude
2.141416090e+04,1.113789e-01,6.157620e-02,2.928995e-01,5.823265e-02,1.733740e-03,8.390196e-02,2.143533e-03,order_of_magnitude
2.191301667e+04,1.099619e-01,6.091934e-02,2.905313e-01,5.734020e-02,1.255323e-03,8.288391e-02,2.196709e-03,order_of_magnitude
2.242349358e+04,1.085119e-01,6.024718e-02,2.881079e-01,5.642696e-02,7.082506e-03,8.233043e-02,2.251123e-03,order_of_magnitude
2.294586236e+04,1.070281e-01,5.955936e-02,2.856280e-01,5.549245e-02,9.819946e-03,8.151473e-02,2.306806e-03,order_of_magnitude
2.348040003e+04,1.055098e-01,5.885552e-02,2.830904e-01,5.453617e-02,1.109810e-03,7.979019e-02,2.363786e-03,order_of_magnitude
2.402739008e+04,1.039560e-01,5.813528e-02,2.804936e-01,5.355761e-02,4.446231e-04,7.866304e-02,2.422093e-03,order_of_magnitude
2.458712260e+04,1.023661e-01,5.739827e-02,2.778364e-01,5.255625e-02,2.780777e-04,7.754938e-02,2.481758e-03,order_of_magnitude
2.515989441e+04,1.008571e-01,5.671230e-02,2.751173e-01,5.161797e-02,2.272128e-04,7.649355e-02,2.542813e-03,order_of_magnitude
2.574600930e+04,9.962491e-02,5.619059e-02,2.723348e-01,5.088613e-02,2.246351e-04,7.561391e-02,2.605291e-03,order_of_magnitude
2.634577808e+04,9.836398e-02,5.565673e-02,2.694875e-01,5.013724e-02,2.591634e-04,7.471665e-02,2.669224e-03,order_of_magnitude
2.695951884e+04,9.707367e-02,5.511044e-02,2.665738e-01,4.937091e-02,3.462536e-04,7.380249e-02,2.734646e-03,order_of_magnitude
2.758755705e+04,9.575330e-02,5.455142e-02,2.635923e-01,4.858672e-02,5.444230e-04,7.287546e-02,2.801592e-03,order_of_magnitude
2.823022580e+04,9.440218e-02,5.397938e-02,2.605414e-01,4.778426e-02,1.073544e-03,7.195206e-02,2.870098e-03,order_of_magnitude
2.888786590e+04,9.301958e-02,5.339401e-02,2.574193e-01,4.696311e-02,3.239234e-03,7.113271e-02,2.940200e-03,order_of_magnitude
2.956082612e+04,9.160477e-02,5.279500e-02,2.542246e-01,4.612284e-02,1.413645e-02,7.096531e-02,3.011935e-03,order_of_magnitude
3.024946336e+04,9.027762e-02,5.224637e-02,2.509554e-01,4.534580e-02,2.604412e-02,7.092521e-02,3.085341e-03,order_of_magnitude
3.095414281e+04,8.913685e-02,5.180085e-02,2.476100e-01,4.469986e-02,2.568386e-02,7.004537e-02,3.160457e-03,order_of_magnitude
3.167523820e+04,8.796951e-02,5.134495e-02,2.441867e-01,4.403888e-02,2.531521e-02,6.914505e-02,3.237323e-03,order_of_magnitude
3.241313193e+04,8.677498e-02,5.087844e-02,2.406837e-01,4.336250e-02,2.493797e-02,6.822375e-02,3.315980e-03,order_of_magnitude
3.316821535e+04,8.555261e-02,5.040105e-02,2.370991e-01,4.267036e-02,2.455195e-02,6.728099e-02,3.396469e-03,order_of_magnitude
3.394088889e+04,8.430178e-02,4.991254e-02,2.334309e-01,4.196209e-02,2.415693e-02,6.631626e-02,3.478833e-03,order_of_magnitude
3.473156232e+04,8.302180e-02,4.941265e-02,2.296774e-01,4.123733e-02,2.375271e-02,6.532906e-02,3.563116e-03,order_of_magnitude
3.554065497e+04,8.189391e-02,4.898988e-02,2.258363e-01,4.061298e-02,2.340556e-02,6.442860e-02,3.649362e-03,order_of_magnitude
3.636859592e+04,8.083216e-02,4.860236e-02,2.219058e-01,4.003368e-02,2.308410e-02,6.356292e-02,3.737617e-03,order_of_magnitude
3.721582425e+04,7.974567e-02,4.820581e-02,2.178837e-01,3.944088e-02,2.275516e-02,6.267706e-02,3.827928e-03,order_of_magnitude
3.808278927e+04,7.863388e-02,4.780002e-02,2.137680e-01,3.883427e-02,2.241856e-02,6.177058e-02,3.920343e-03,order_of_magnitude
3.896995077e+04,7.749618e-02,4.738478e-02,2.095563e-01,3.821354e-02,2.207411e-02,6.084297e-02,4.014911e-03,order_of_magnitude
3.987777923e+04,7.633199e-02,4.695987e-02,2.052466e-01,3.757834e-02,2.172164e-02,5.989376e-02,4.111682e-03,order_of_magnitude
4.080675609e+04,7.544900e-02,4.663929e-02,2.008364e-01,3.709023e-02,2.145098e-02,5.908326e-02,4.210707e-03,order_of_magnitude
4.175737404e+04,7.459325e-02,4.632895e-02,1.963235e-01,3.661586e-02,2.118796e-02,5.827882e-02,4.312040e-03,order_of_magnitude
4.273013720e+04,7.371756e-02,4.601139e-02,1.917055e-01,3.613043e-02,2.091882e-02,5.745564e-02,4.415732e-03,order_of_magnitude
4.372556146e+04,7.282147e-02,4.568642e-02,1.869799e-01,3.563370e-02,2.064340e-02,5.661328e-02,4.521841e-03,order_of_magnitude
4.474417473e+04,7.190451e-02,4.535389e-02,1.821442e-01,3.512539e-02,2.036157e-02,5.575129e-02,4.630421e-03,order_of_magnitude
4.578651721e+04,7.096619e-02,4.501361e-02,1.771958e-01,3.460524e-02,2.007318e-02,5.486923e-02,4.741530e-03,order_of_magnitude
4.685314168e+04,7.000600e-02,4.466540e-02,1.721322e-01,3.407298e-02,1.977806e-02,5.396662e-02,4.855228e-03,order_of_magnitude
4.794461382e+04,6.902345e-02,4.430909e-02,1.669506e-01,3.352831e-02,1.947607e-02,5.304298e-02,4.971575e-03,order_of_magnitude
4.906151245e+04,6.801801e-02,4.394447e-02,1.616483e-01,3.297096e-02,1.916705e-02,5.209782e-02,5.090632e-03,order_of_magnitude
5.020442991e+04,6.704721e-02,4.359192e-02,1.568589e-01,3.243290e-02,1.887072e-02,5.121088e-02,5.201109e-03,order_of_magnitude
5.137397232e+04,6.632653e-02,4.332781e-02,1.549476e-01,3.203394e-02,1.866096e-02,5.068017e-02,5.260825e-03,order_of_magnitude
5.257075993e+04,6.558906e-02,4.305754e-02,1.529917e-01,3.162568e-02,1.844630e-02,5.013710e-02,5.321931e-03,order_of_magnitude
5.379542742e+04,6.483442e-02,4.278097e-02,1.509903e-01,3.120791e-02,1.822665e-02,4.958137e-02,5.384462e-03,order_of_magnitude
5.504862428e+04,6.406219e-02,4.249796e-02,1.489423e-01,3.078041e-02,1.800188e-02,4.901271e-02,5.448448e-03,order_of_magnitude
5.633101511e+04,6.327198e-02,4.220836e-02,1.468466e-01,3.034295e-02,1.777187e-02,4.843079e-02,5.513926e-03,order_of_magnitude
5.764328001e+04,6.246335e-02,4.191201e-02,1.447020e-01,2.989530e-02,1.753651e-02,4.783532e-02,5.580929e-03,order_of_magnitude
5.898611491e+04,6.163589e-02,4.160876e-02,1.425075e-01,2.943722e-02,1.729566e-02,4.722598e-02,5.649493e-03,order_of_magnitude
6.036023196e+04,6.085330e-02,4.131734e-02,1.402618e-01,2.900488e-02,1.706620e-02,4.663542e-02,5.719653e-03,order_of_magnitude
6.176635989e+04,6.023724e-02,4.107356e-02,1.379638e-01,2.866733e-02,1.688037e-02,4.612612e-02,5.791449e-03,order_of_magnitude
6.320524442e+04,5.960683e-02,4.082410e-02,1.356124e-01,2.832192e-02,1.669022e-02,4.560495e-02,5.864917e-03,order_of_magnitude
6.467764863e+04,5.896173e-02,4.056884e-02,1.332061e-01,2.796845e-02,1.649563e-02,4.507164e-02,5.940096e-03,order_of_magnitude
6.618435338e+04,5.830160e-02,4.030762e-02,1.307438e-01,2.760676e-02,1.629651e-02,4.452591e-02,6.017027e-03,order_of_magnitude
6.772615772e+04,5.762609e-02,4.004032e-02,1.282241e-01,2.723663e-02,1.609275e-02,4.396746e-02,6.095936e-03,order_of_magnitude
6.930387933e+04,5.693485e-02,3.976680e-02,1.256456e-01,2.685789e-02,1.588424e-02,4.339600e-02,6.179325e-03,order_of_magnitude
7.091835491e+04,5.622751e-02,3.948689e-02,1.233169e-01,2.652883e-02,1.567088e-02,4.285659e-02,7.032250e-03,order_of_magnitude
7.257044067e+04,5.557354e-02,3.921617e-02,1.211742e-01,2.623748e-02,1.547051e-02,4.235986e-02,7.833318e-03,order_of_magnitude
7.426101276e+04,5.503989e-02,3.896960e-02,1.189815e-01,2.593935e-02,1.530034e-02,4.189050e-02,8.653047e-03,order_of_magnitude
7.599096775e+04,5.449381e-02,3.871728e-02,1.167378e-01,2.563427e-02,1.512621e-02,4.141021e-02,9.491873e-03,order_of_magnitude
7.776122307e+04,5.393500e-02,3.845908e-02,1.144418e-01,2.532208e-02,1.494801e-02,4.091873e-02,1.035024e-02,order_of_magnitude
7.957271757e+04,5.336318e-02,3.819487e-02,1.120923e-01,2.500262e-02,1.476567e-02,4.041579e-02,1.122860e-02,order_of_magnitude
8.142641191e+04,5.277803e-02,3.795358e-02,1.096881e-01,2.472304e-02,1.457908e-02,3.992640e-02,1.212743e-02,order_of_magnitude
8.332328918e+04,5.217926e-02,3.771559e-02,1.072278e-01,2.445145e-02,1.438815e-02,3.943334e-02,1.304719e-02,order_of_magnitude
8.526435535e+04,5.158835e-02,3.747205e-02,1.047103e-01,2.417354e-02,1.419854e-02,3.893374e-02,1.398838e-02,order_of_magnitude
8.725063983e+04,5.112525e-02,3.722283e-02,1.021341e-01,2.388915e-02,1.404206e-02,3.845452e-02,1.495149e-02,order_of_magnitude
8.928319599e+04,5.065137e-02,3.696782e-02,9.949789e-02,2.359814e-02,1.388193e-02,3.796413e-02,1.593705e-02,order_of_magnitude
9.136310178e+04,5.016645e-02,3.670686e-02,9.680027e-02,2.333190e-02,1.371807e-02,3.747384e-02,1.694556e-02,order_of_magnitude
9.349146022e+04,4.967024e-02,3.643982e-02,9.403981e-02,2.307644e-02,1.355039e-02,3.697833e-02,1.797756e-02,order_of_magnitude
9.566940006e+04,4.916246e-02,3.616656e-02,9.121505e-02,2.281503e-02,1.337881e-02,3.647127e-02,1.903361e-02,order_of_magnitude
9.789807631e+04,4.864285e-02,3.588693e-02,8.832447e-02,2.254754e-02,1.320323e-02,3.595240e-02,2.011425e-02,order_of_magnitude
1.001786709e+05,4.812268e-02,3.560543e-02,8.553483e-02,2.227837e-02,1.302704e-02,3.544007e-02,2.115681e-02,order_of_magnitude
1.025123933e+05,4.772927e-02,3.537317e-02,8.470577e-02,2.205784e-02,1.288865e-02,3.513995e-02,2.146208e-02,order_of_magnitude
1.049004812e+05,4.732669e-02,3.513549e-02,8.385739e-02,2.183219e-02,1.274704e-02,3.483284e-02,2.177446e-02,order_of_magnitude
1.073442011e+05,4.691474e-02,3.489229e-02,8.298926e-02,2.160127e-02,1.260213e-02,3.451857e-02,2.209411e-02,order_of_magnitude
1.098448489e+05,4.649319e-02,3.464341e-02,8.210090e-02,2.136497e-02,1.245384e-02,3.419698e-02,2.242122e-02,order_of_magnitude
1.124037507e+05,4.606182e-02,3.438874e-02,8.119184e-02,2.112317e-02,1.230210e-02,3.386790e-02,2.275594e-02,order_of_magnitude
1.150222638e+05,4.562040e-02,3.412814e-02,8.026161e-02,2.087574e-02,1.214683e-02,3.353116e-02,2.309846e-02,order_of_magnitude
1.177017766e+05,4.516870e-02,3.386146e-02,7.930971e-02,2.062255e-02,1.198794e-02,3.318657e-02,2.344896e-02,order_of_magnitude
1.204437103e+05,4.470647e-02,3.358857e-02,7.833563e-02,2.036345e-02,1.182534e-02,3.283395e-02,2.380763e-02,order_of_magnitude
1.232495191e+05,4.423348e-02,3.330933e-02,7.733886e-02,2.009832e-02,1.165896e-02,3.247312e-02,2.417465e-02,order_of_magnitude
1.261206908e+05,4.380246e-02,3.304435e-02,7.631887e-02,1.985458e-02,1.150615e-02,3.213190e-02,2.455022e-02,order_of_magnitude
1.290587482e+05,4.344608e-02,3.280640e-02,7.527512e-02,1.964923e-02,1.137765e-02,3.182750e-02,2.493454e-02,order_of_magnitude
1.320652494e+05,4.308141e-02,3.256290e-02,7.420705e-02,1.943909e-02,1.124616e-02,3.151601e-02,2.532781e-02,order_of_magnitude
1.351417889e+05,4.270824e-02,3.231373e-02,7.311411e-02,1.922406e-02,1.111161e-02,3.119726e-02,2.573024e-02,order_of_magnitude
1.382899982e+05,4.232638e-02,3.205876e-02,7.199570e-02,1.900402e-02,1.097392e-02,3.087109e-02,2.614205e-02,order_of_magnitude
1.415115469e+05,4.193563e-02,3.179785e-02,7.085124e-02,1.877886e-02,1.083302e-02,3.053732e-02,2.656345e-02,order_of_magnitude
1.448081436e+05,4.153577e-02,3.153086e-02,6.968012e-02,1.854845e-02,1.068885e-02,3.019577e-02,2.699467e-02,order_of_magnitude
1.481815364e+05,4.112659e-02,3.125766e-02,6.848171e-02,1.831267e-02,1.054131e-02,2.984627e-02,2.743594e-02,order_of_magnitude
1.516335145e+05,4.077880e-02,3.101877e-02,6.725539e-02,1.812112e-02,1.040348e-02,2.953354e-02,2.788748e-02,order_of_magnitude
1.551659085e+05,4.050369e-02,3.082068e-02,6.600050e-02,1.798175e-02,1.027740e-02,2.926471e-02,2.834954e-02,order_of_magnitude
1.587805917e+05,4.022218e-02,3.061797e-02,6.471638e-02,1.783913e-02,1.014838e-02,2.898961e-02,2.882237e-02,order_of_magnitude
1.624794811e+05,3.993411e-02,3.041054e-02,6.340234e-02,1.769319e-02,1.001636e-02,2.870810e-02,2.930621e-02,order_of_magnitude
1.662645384e+05,3.963932e-02,3.019827e-02,6.205769e-02,1.754385e-02,9.881267e-03,2.842003e-02,2.980132e-02,order_of_magnitude
1.701377709e+05,3.934029e-02,2.998279e-02,6.068172e-02,1.739259e-02,9.744055e-03,2.812692e-02,3.030797e-02,order_of_magnitude
1.741012327e+05,3.910706e-02,2.981021e-02,5.927369e-02,1.728088e-02,9.632252e-03,2.787303e-02,3.082642e-02,order_of_magnitude
1.781570257e+05,3.886840e-02,2.963361e-02,5.783286e-02,1.716658e-02,9.517845e-03,2.761323e-02,3.135695e-02,order_of_magnitude
1.823073008e+05,3.862417e-02,2.945290e-02,5.635847e-02,1.704961e-02,9.400773e-03,2.734738e-02,3.189983e-02,order_of_magnitude
1.865542591e+05,3.837426e-02,2.926797e-02,5.484973e-02,1.692992e-02,9.280973e-03,2.707534e-02,3.245537e-02,order_of_magnitude
1.909001529e+05,3.811852e-02,2.907874e-02,5.330584e-02,1.680744e-02,9.158383e-03,2.679696e-02,3.302384e-02,order_of_magnitude
1.953472868e+05,3.785683e-02,2.888510e-02,5.172599e-02,1.668211e-02,9.032937e-03,2.651209e-02,3.360556e-02,order_of_magnitude
1.998980194e+05,3.758904e-02,2.868695e-02,5.010933e-02,1.655385e-02,8.904569e-03,2.622059e-02,3.420083e-02,order_of_magnitude
2.045547641e+05,3.735414e-02,2.851376e-02,4.954615e-02,1.643410e-02,8.810263e-03,2.603008e-02,3.446189e-02,order_of_magnitude
2.093199905e+05,3.711467e-02,2.833722e-02,4.899485e-02,1.631181e-02,8.714609e-03,2.583761e-02,3.472106e-02,order_of_magnitude
2.141962256e+05,3.686962e-02,2.815656e-02,4.843071e-02,1.618668e-02,8.616727e-03,2.564065e-02,3.498627e-02,order_of_magnitude
2.191860556e+05,3.661886e-02,2.797169e-02,4.785343e-02,1.605863e-02,8.516565e-03,2.543910e-02,3.525765e-02,order_of_magnitude
2.242921267e+05,3.636226e-02,2.778252e-02,4.726270e-02,1.592760e-02,8.414069e-03,2.523286e-02,3.553536e-02,order_of_magnitude
2.295171468e+05,3.609968e-02,2.758893e-02,4.665820e-02,1.579352e-02,8.309186e-03,2.502181e-02,3.581953e-02,order_of_magnitude
2.348638868e+05,3.583098e-02,2.739084e-02,4.603963e-02,1.565631e-02,8.201859e-03,2.480585e-02,3.611033e-02,order_of_magnitude
2.403351824e+05,3.555603e-02,2.718813e-02,4.540664e-02,1.551591e-02,8.092033e-03,2.458485e-02,3.640790e-02,order_of_magnitude
2.459339352e+05,3.527467e-02,2.698070e-02,4.475891e-02,1.537223e-02,7.979647e-03,2.435871e-02,3.671240e-02,order_of_magnitude
2.516631142e+05,3.501280e-02,2.679225e-02,4.409609e-02,1.524254e-02,7.873844e-03,2.414623e-02,3.702400e-02,order_of_magnitude
2.575257579e+05,3.481001e-02,2.665898e-02,4.341783e-02,1.515319e-02,7.788594e-03,2.397616e-02,3.734285e-02,order_of_magnitude
2.635249754e+05,3.460249e-02,2.652260e-02,4.272377e-02,1.506176e-02,7.701358e-03,2.380214e-02,3.766914e-02,order_of_magnitude
2.696639483e+05,3.439014e-02,2.638305e-02,4.201354e-02,1.496820e-02,7.612090e-03,2.362405e-02,3.800302e-02,order_of_magnitude
2.759459323e+05,3.417284e-02,2.624025e-02,4.128677e-02,1.487245e-02,7.520742e-03,2.344182e-02,3.834468e-02,order_of_magnitude
2.823742589e+05,3.395048e-02,2.609411e-02,4.054306e-02,1.477448e-02,7.427267e-03,2.325535e-02,3.869430e-02,order_of_magnitude
2.889523372e+05,3.372294e-02,2.594458e-02,3.978203e-02,1.467423e-02,7.331613e-03,2.306453e-02,3.905207e-02,order_of_magnitude
2.956836558e+05,3.349010e-02,2.579156e-02,3.900327e-02,1.457163e-02,7.233732e-03,2.286926e-02,3.941817e-02,order_of_magnitude
3.025717845e+05,3.327922e-02,2.567461e-02,3.835665e-02,1.450099e-02,7.144848e-03,2.271102e-02,3.973664e-02,order_of_magnitude
3.096203763e+05,3.311049e-02,2.562299e-02,3.795309e-02,1.448768e-02,7.073264e-03,2.262047e-02,3.996606e-02,order_of_magnitude
3.168331693e+05,3.293782e-02,2.557017e-02,3.754012e-02,1.447406e-02,7.000011e-03,2.252781e-02,4.020084e-02,order_of_magnitude
3.242139887e+05,3.276113e-02,2.551612e-02,3.711753e-02,1.446011e-02,6.925053e-03,2.243300e-02,4.044108e-02,order_of_magnitude
3.317667487e+05,3.258032e-02,2.546081e-02,3.668510e-02,1.444585e-02,6.848348e-03,2.233597e-02,4.068691e-02,order_of_magnitude
3.394954548e+05,3.239530e-02,2.540421e-02,3.624259e-02,1.443125e-02,6.769856e-03,2.223669e-02,4.093848e-02,order_of_magnitude
3.474042057e+05,3.220597e-02,2.534630e-02,3.578977e-02,1.441631e-02,6.689536e-03,2.213509e-02,4.119590e-02,order_of_magnitude
3.554971958e+05,3.205472e-02,2.533037e-02,3.532641e-02,1.442872e-02,6.619244e-03,2.206279e-02,4.145932e-02,order_of_magnitude
3.637787169e+05,3.192047e-02,2.533502e-02,3.485225e-02,1.445479e-02,6.553064e-03,2.200411e-02,4.192730e-02,order_of_magnitude
3.722531610e+05,3.178310e-02,2.533978e-02,3.436704e-02,1.448148e-02,6.485343e-03,2.194406e-02,4.253247e-02,order_of_magnitude
3.809250225e+05,3.164252e-02,2.534465e-02,3.387054e-02,1.450878e-02,6.416044e-03,2.188261e-02,4.317067e-02,order_of_magnitude
3.897989001e+05,3.149867e-02,2.534963e-02,3.336247e-02,1.453672e-02,6.345130e-03,2.181972e-02,4.382375e-02,order_of_magnitude
3.988795001e+05,3.135147e-02,2.535473e-02,3.284255e-02,1.456531e-02,6.272565e-03,2.175538e-02,4.449559e-02,order_of_magnitude
4.081716381e+05,3.120764e-02,2.535203e-02,3.251007e-02,1.456888e-02,6.217331e-03,2.169631e-02,4.494175e-02,order_of_magnitude
4.176802421e+05,3.106141e-02,2.534814e-02,3.219783e-02,1.456892e-02,6.163479e-03,2.163682e-02,4.536009e-02,order_of_magnitude
4.274103547e+05,3.091177e-02,2.534417e-02,3.187833e-02,1.456897e-02,6.108372e-03,2.157595e-02,4.578819e-02,order_of_magnitude
4.373671362e+05,3.075865e-02,2.534011e-02,3.155138e-02,1.456901e-02,6.051982e-03,2.151365e-02,4.622625e-02,order_of_magnitude
4.475558668e+05,3.060196e-02,2.533595e-02,3.121681e-02,1.456906e-02,5.994278e-03,2.144991e-02,4.667452e-02,order_of_magnitude
4.579819501e+05,3.047781e-02,2.533169e-02,3.087445e-02,1.456911e-02,5.948914e-03,2.139318e-02,4.713323e-02,order_of_magnitude
4.686509153e+05,3.036211e-02,2.532733e-02,3.052411e-02,1.456916e-02,5.906781e-03,2.133779e-02,4.760263e-02,order_of_magnitude
4.795684204e+05,3.024371e-02,2.532288e-02,3.016561e-02,1.456921e-02,5.863667e-03,2.128112e-02,4.808296e-02,order_of_magnitude
4.907402554e+05,3.012256e-02,2.531832e-02,2.979876e-02,1.456926e-02,5.819548e-03,2.122312e-02,4.857449e-02,order_of_magnitude
5.021723450e+05,3.000642e-02,2.534220e-02,2.942640e-02,1.459113e-02,5.774401e-03,2.118142e-02,4.895180e-02,order_of_magnitude
5.138707520e+05,2.992175e-02,2.549115e-02,2.905856e-02,1.470871e-02,5.728203e-03,2.121573e-02,4.938627e-02,order_of_magnitude
5.258416804e+05,2.983512e-02,2.564357e-02,2.868216e-02,1.482902e-02,5.680928e-03,2.125084e-02,5.018851e-02,order_of_magnitude
5.380914789e+05,2.974646e-02,2.579954e-02,2.829699e-02,1.495213e-02,5.632552e-03,2.128676e-02,5.100945e-02,order_of_magnitude
5.506266437e+05,2.965758e-02,2.595914e-02,2.790285e-02,1.507812e-02,5.583773e-03,2.132396e-02,5.184951e-02,order_of_magnitude
5.634538228e+05,2.960242e-02,2.612246e-02,2.749952e-02,1.520704e-02,5.547937e-03,2.137047e-02,5.303407e-02,order_of_magnitude
5.765798187e+05,2.954597e-02,2.628959e-02,2.708680e-02,1.533896e-02,5.295587e-03,2.140139e-02,5.783969e-02,order_of_magnitude
5.900115926e+05,2.948820e-02,2.646061e-02,2.666447e-02,1.547395e-02,4.787049e-03,2.141369e-02,6.623407e-02,order_of_magnitude
6.037562677e+05,2.949457e-02,2.662105e-02,2.624362e-02,1.561725e-02,4.355162e-03,2.144534e-02,7.329466e-02,order_of_magnitude
6.178211333e+05,2.967929e-02,2.674560e-02,2.584381e-02,1.429520e-02,4.154020e-03,2.098845e-02,9.473532e-02,order_of_magnitude
6.322136485e+05,2.986831e-02,2.687305e-02,2.543469e-02,1.300696e-02,3.948193e-03,2.054449e-02,1.169386e-01,order_of_magnitude
6.469414459e+05,3.006173e-02,2.700347e-02,2.501604e-02,1.168870e-02,3.737570e-03,2.009018e-02,1.396592e-01,order_of_magnitude
6.620123363e+05,3.028435e-02,2.713692e-02,2.458763e-02,1.033974e-02,3.522042e-03,1.963038e-02,1.629090e-01,order_of_magnitude
6.774343121e+05,3.051858e-02,2.727349e-02,2.414925e-02,8.959349e-03,3.301492e-03,1.916118e-02,1.879059e-01,order_of_magnitude
6.932155521e+05,3.075828e-02,2.741323e-02,2.370065e-02,7.546802e-03,3.075804e-03,1.868105e-02,2.142930e-01,order_of_magnitude
7.093644256e+05,3.102005e-02,2.737084e-02,2.327068e-02,6.835055e-03,2.941944e-03,1.841981e-02,2.365373e-01,order_of_magnitude
7.258894968e+05,3.130016e-02,2.722583e-02,2.285225e-02,6.650673e-03,2.876941e-03,1.833287e-02,2.566637e-01,order_of_magnitude
7.427995295e+05,3.158680e-02,2.707744e-02,2.242408e-02,6.461996e-03,2.810424e-03,1.824390e-02,2.772589e-01,order_of_magnitude
7.601034916e+05,3.189562e-02,2.692560e-02,2.198592e-02,6.268924e-03,2.742357e-03,1.815605e-02,2.986663e-01,order_of_magnitude
7.778105599e+05,3.222293e-02,2.677022e-02,2.153756e-02,6.071353e-03,2.672704e-03,1.806849e-02,3.209548e-01,order_of_magnitude
7.959301250e+05,3.255788e-02,2.661121e-02,2.107875e-02,5.869180e-03,2.601429e-03,1.797888e-02,3.437849e-01,order_of_magnitude
8.144717963e+05,3.284787e-02,2.504897e-02,2.017069e-02,5.757877e-03,2.562025e-03,1.749565e-02,3.592093e-01,order_of_magnitude
8.334454070e+05,3.312943e-02,2.304758e-02,1.911527e-02,5.671486e-03,2.531352e-03,1.688848e-02,3.728302e-01,order_of_magnitude
8.528610194e+05,3.342102e-02,2.099956e-02,1.803526e-02,5.583083e-03,2.499965e-03,1.626789e-02,3.971211e-01,order_of_magnitude
8.727289301e+05,3.373992e-02,1.890384e-02,1.693008e-02,5.492621e-03,2.467846e-03,1.563706e-02,4.375986e-01,order_of_magnitude
8.930596758e+05,3.406626e-02,1.675929e-02,1.579916e-02,5.400051e-03,2.434980e-03,1.499153e-02,4.804075e-01,order_of_magnitude
9.138640384e+05,3.441541e-02,1.555434e-02,1.500620e-02,5.338525e-03,2.414624e-03,1.464711e-02,5.093861e-01,order_of_magnitude
9.351530512e+05,3.478049e-02,1.482823e-02,1.438139e-02,5.292572e-03,2.400594e-03,1.445661e-02,5.311149e-01,order_of_magnitude
9.569380044e+05,3.516104e-02,1.408522e-02,1.374203e-02,5.245550e-03,2.386238e-03,1.426311e-02,5.535355e-01,order_of_magnitude
9.792304511e+05,3.556571e-02,1.332489e-02,1.308777e-02,5.197431e-03,2.371547e-03,1.406823e-02,5.765441e-01,order_of_magnitude
1.002042214e+06,3.591326e-02,1.259705e-02,1.245450e-02,5.152195e-03,2.355198e-03,1.387308e-02,5.992000e-01,order_of_magnitude
1.025385390e+06,3.557627e-02,1.237473e-02,1.218360e-02,5.147570e-03,2.324775e-03,1.371770e-02,6.132152e-01,order_of_magnitude
1.049272360e+06,3.523142e-02,1.214723e-02,1.190639e-02,5.142837e-03,2.293643e-03,1.355870e-02,6.275916e-01,order_of_magnitude
1.073715791e+06,3.393694e-02,1.191443e-02,1.162273e-02,5.137993e-03,2.261786e-03,1.320231e-02,6.533522e-01,order_of_magnitude
1.098728647e+06,3.186132e-02,1.167621e-02,1.133245e-02,5.133037e-03,2.229187e-03,1.268313e-02,6.825564e-01,order_of_magnitude
1.124324192e+06,2.973735e-02,1.143244e-02,1.103542e-02,5.127965e-03,2.195829e-03,1.215187e-02,7.126178e-01,order_of_magnitude
1.150516001e+06,2.756389e-02,1.118299e-02,1.073146e-02,5.122775e-03,2.161693e-03,1.160822e-02,7.472750e-01,order_of_magnitude
1.177317963e+06,2.533981e-02,1.092772e-02,1.042043e-02,5.117464e-03,2.126762e-03,1.105191e-02,7.840855e-01,order_of_magnitude
1.204744294e+06,2.336147e-02,1.070596e-02,1.013298e-02,5.096192e-03,2.093725e-03,1.055150e-02,8.173176e-01,order_of_magnitude
1.232809537e+06,2.279283e-02,1.067198e-02,9.989712e-03,4.996941e-03,2.073169e-03,1.037629e-02,8.348537e-01,order_of_magnitude
1.261528577e+06,2.221094e-02,1.063722e-02,9.843106e-03,4.895377e-03,2.052133e-03,1.019699e-02,8.644734e-01,order_of_magnitude
1.290916645e+06,2.161549e-02,1.060165e-02,9.693084e-03,4.791448e-03,2.030608e-03,1.001352e-02,8.948027e-01,order_of_magnitude
1.320989325e+06,2.100618e-02,1.056524e-02,9.539567e-03,4.685097e-03,2.008581e-03,9.825770e-03,9.258416e-01,order_of_magnitude
1.351762566e+06,2.038266e-02,1.052799e-02,9.382475e-03,4.576269e-03,1.986042e-03,9.633649e-03,9.576194e-01,order_of_magnitude
1.383252689e+06,1.974463e-02,1.048987e-02,9.221722e-03,4.464906e-03,1.962977e-03,9.437052e-03,9.901713e-01,order_of_magnitude
1.415476393e+06,1.934476e-02,1.040144e-02,9.098665e-03,4.365859e-03,1.937139e-03,9.282840e-03,1.013200e+00,order_of_magnitude
1.448450767e+06,1.921579e-02,1.025623e-02,9.018628e-03,4.281014e-03,1.908226e-03,9.177042e-03,1.025699e+00,order_of_magnitude
1.482193300e+06,1.908380e-02,1.010763e-02,8.936726e-03,4.194193e-03,1.878639e-03,9.068778e-03,1.038716e+00,order_of_magnitude
1.516721885e+06,1.894874e-02,9.955575e-03,8.852917e-03,4.105348e-03,1.848363e-03,8.957994e-03,1.069322e+00,order_of_magnitude
1.552054834e+06,1.881053e-02,9.799974e-03,8.767155e-03,4.014435e-03,1.817381e-03,8.844626e-03,1.105903e+00,order_of_magnitude
1.588210885e+06,1.866911e-02,9.640748e-03,8.679395e-03,3.921404e-03,1.785677e-03,8.728620e-03,1.145096e+00,order_of_magnitude
1.625209214e+06,1.848095e-02,9.477812e-03,8.527642e-03,3.855113e-03,1.768768e-03,8.607924e-03,1.167535e+00,order_of_magnitude
1.663069440e+06,1.826761e-02,9.311082e-03,8.342708e-03,3.801111e-03,1.758898e-03,8.483466e-03,1.181800e+00,order_of_magnitude
1.701811644e+06,1.804929e-02,9.140467e-03,8.153466e-03,3.745851e-03,1.748798e-03,8.356109e-03,1.196397e+00,order_of_magnitude
1.741456370e+06,1.782590e-02,8.965878e-03,7.959815e-03,3.689304e-03,1.738462e-03,8.225785e-03,1.219405e+00,order_of_magnitude
1.782024645e+06,1.759729e-02,8.787221e-03,7.761654e-03,3.631439e-03,1.727886e-03,8.092424e-03,1.265876e+00,order_of_magnitude
1.823537981e+06,1.738257e-02,8.674296e-03,7.524547e-03,3.589030e-03,1.726985e-03,7.983334e-03,1.299009e+00,order_of_magnitude
1.866018396e+06,1.717786e-02,8.613360e-03,7.255092e-03,3.558765e-03,1.733816e-03,7.893096e-03,1.320060e+00,order_of_magnitude
1.909488418e+06,1.696838e-02,8.551004e-03,6.979359e-03,3.527795e-03,1.740806e-03,7.800755e-03,1.341602e+00,order_of_magnitude
1.953971099e+06,1.675402e-02,8.487196e-03,6.697203e-03,3.496103e-03,1.747959e-03,7.706264e-03,1.365792e+00,order_of_magnitude
1.999490032e+06,1.653466e-02,8.421902e-03,6.408475e-03,3.463673e-03,1.755278e-03,7.609572e-03,1.394685e+00,order_of_magnitude
2.046069356e+06,1.646157e-02,8.330729e-03,6.320733e-03,3.474007e-03,1.768812e-03,7.567529e-03,1.406626e+00,order_of_magnitude
2.093733773e+06,1.638851e-02,8.237157e-03,6.233299e-03,3.485075e-03,1.782730e-03,7.525154e-03,1.422372e+00,order_of_magnitude
2.142508561e+06,1.631374e-02,8.141404e-03,6.143829e-03,3.496400e-03,1.796973e-03,7.481790e-03,1.447704e+00,order_of_magnitude
2.192419588e+06,1.623722e-02,8.043422e-03,6.052275e-03,3.507990e-03,1.811546e-03,7.437416e-03,1.475242e+00,order_of_magnitude
2.243493322e+06,1.579493e-02,8.014370e-03,5.940745e-03,3.453285e-03,1.809761e-03,7.309713e-03,1.495553e+00,order_of_magnitude
2.295756849e+06,1.527742e-02,7.997342e-03,5.823434e-03,3.385434e-03,1.804955e-03,7.164358e-03,1.518815e+00,order_of_magnitude
2.349237886e+06,1.474785e-02,7.979918e-03,5.703391e-03,3.316002e-03,1.800038e-03,7.015616e-03,1.547187e+00,order_of_magnitude
2.403964797e+06,1.422878e-02,7.952678e-03,5.569853e-03,3.247460e-03,1.793976e-03,6.865530e-03,1.581411e+00,order_of_magnitude
2.459966603e+06,1.399679e-02,7.801521e-03,5.293056e-03,3.210165e-03,1.774280e-03,6.739731e-03,1.586856e+00,order_of_magnitude
2.517273006e+06,1.375940e-02,7.646842e-03,5.009811e-03,3.172002e-03,1.754125e-03,6.611002e-03,1.601326e+00,order_of_magnitude
2.575914396e+06,1.351648e-02,7.488561e-03,4.719967e-03,3.132949e-03,1.733501e-03,6.479272e-03,1.639774e+00,order_of_magnitude
2.635921872e+06,1.316961e-02,7.281504e-03,4.514090e-03,3.077854e-03,1.689836e-03,6.311645e-03,1.672888e+00,order_of_magnitude
2.697327258e+06,1.274723e-02,7.038689e-03,4.365660e-03,3.011091e-03,1.629674e-03,6.117587e-03,1.694438e+00,order_of_magnitude
2.760163120e+06,1.231502e-02,6.790217e-03,4.213774e-03,2.942773e-03,1.568110e-03,5.919008e-03,1.724125e+00,order_of_magnitude
2.824462781e+06,1.199313e-02,6.589105e-03,4.069384e-03,2.870828e-03,1.508995e-03,5.755570e-03,1.750135e+00,order_of_magnitude
2.890260342e+06,1.186436e-02,6.471874e-03,3.940019e-03,2.793815e-03,1.454972e-03,5.654592e-03,1.757558e+00,order_of_magnitude
2.957590696e+06,1.173260e-02,6.351911e-03,3.807641e-03,2.715008e-03,1.399690e-03,5.551261e-03,1.778896e+00,order_of_magnitude
3.026489551e+06,1.157897e-02,6.201686e-03,3.637422e-03,2.619123e-03,1.347399e-03,5.426191e-03,1.805205e+00,order_of_magnitude
3.096993447e+06,1.139097e-02,6.002964e-03,3.406296e-03,2.496034e-03,1.300898e-03,5.266535e-03,1.810438e+00,order_of_magnitude
3.169139773e+06,1.119859e-02,5.799612e-03,3.169786e-03,2.370077e-03,1.253313e-03,5.103161e-03,1.839657e+00,order_of_magnitude
3.242966791e+06,1.091344e-02,5.608858e-03,3.021778e-03,2.246651e-03,1.209933e-03,4.932270e-03,1.850739e+00,order_of_magnitude
3.318513654e+06,1.055676e-02,5.426400e-03,2.939416e-03,2.124366e-03,1.169444e-03,4.754669e-03,1.849266e+00,order_of_magnitude
3.395820427e+06,1.019178e-02,5.239691e-03,2.855137e-03,1.999232e-03,1.128013e-03,4.572932e-03,1.859772e+00,order_of_magnitude
3.474928108e+06,9.818291e-03,5.048633e-03,2.768893e-03,1.871183e-03,1.085617e-03,4.386961e-03,1.889529e+00,order_of_magnitude
3.555878649e+06,9.369462e-03,4.814775e-03,2.612302e-03,1.743424e-03,1.036471e-03,4.167876e-03,1.902498e+00,order_of_magnitude
3.638714983e+06,8.879580e-03,4.557863e-03,2.420685e-03,1.614191e-03,9.835342e-04,3.930473e-03,1.908138e+00,order_of_magnitude
3.723481038e+06,8.397515e-03,4.312863e-03,2.262214e-03,1.490620e-03,9.296124e-04,3.702507e-03,1.915526e+00,order_of_magnitude
3.810221770e+06,7.955574e-03,4.109959e-03,2.200501e-03,1.387332e-03,8.750967e-04,3.509205e-03,1.917048e+00,order_of_magnitude
3.898983179e+06,7.503337e-03,3.902329e-03,2.137350e-03,1.281637e-03,8.193111e-04,3.311401e-03,1.918605e+00,order_of_magnitude
3.989812339e+06,7.040566e-03,3.689861e-03,2.072728e-03,1.173481e-03,7.622258e-04,3.108988e-03,1.920198e+00,order_of_magnitude
4.082757419e+06,6.603704e-03,3.451177e-03,1.988343e-03,1.112150e-03,7.230933e-04,2.921656e-03,1.915554e+00,order_of_magnitude
4.177867710e+06,6.161287e-03,3.204253e-03,1.899693e-03,1.055606e-03,6.854781e-04,2.732454e-03,1.910012e+00,order_of_magnitude
4.275193653e+06,5.708564e-03,2.951578e-03,1.808978e-03,9.977446e-04,6.469867e-04,2.538844e-03,1.904340e+00,order_of_magnitude
4.374786862e+06,5.245294e-03,2.693016e-03,1.716149e-03,9.385355e-04,6.075985e-04,2.340724e-03,1.898536e+00,order_of_magnitude
4.476700155e+06,4.771232e-03,2.428431e-03,1.621157e-03,8.779470e-04,5.672929e-04,2.137989e-03,1.892597e+00,order_of_magnitude
4.580987579e+06,4.475921e-03,2.285184e-03,1.550046e-03,8.390619e-04,5.362261e-04,2.015816e-03,1.882679e+00,order_of_magnitude
4.687704442e+06,4.229606e-03,2.176136e-03,1.484959e-03,8.060759e-04,5.074320e-04,1.915906e-03,1.871398e+00,order_of_magnitude
4.796907338e+06,3.977552e-03,2.064548e-03,1.418356e-03,7.723215e-04,4.779671e-04,1.813668e-03,1.859855e+00,order_of_magnitude
4.908654182e+06,3.719627e-03,1.950361e-03,1.350202e-03,7.377808e-04,4.478157e-04,1.709048e-03,1.848043e+00,order_of_magnitude
5.023004235e+06,3.494609e-03,1.852116e-03,1.294673e-03,7.086162e-04,4.224036e-04,1.618881e-03,1.836010e+00,order_of_magnitude
5.140018142e+06,3.422479e-03,1.827174e-03,1.295603e-03,7.038865e-04,4.185103e-04,1.595242e-03,1.823917e+00,order_of_magnitude
5.259757958e+06,3.348667e-03,1.801650e-03,1.296555e-03,6.990466e-04,4.145263e-04,1.571052e-03,1.811541e+00,order_of_magnitude
5.382287185e+06,3.273137e-03,1.775532e-03,1.297529e-03,6.940940e-04,4.104495e-04,1.546298e-03,1.798877e+00,order_of_magnitude
5.507670804e+06,3.195846e-03,1.748805e-03,1.298526e-03,6.890259e-04,4.062778e-04,1.520968e-03,1.785918e+00,order_of_magnitude
5.635975311e+06,3.116756e-03,1.721456e-03,1.299546e-03,6.838399e-04,4.020088e-04,1.495048e-03,1.772658e+00,order_of_magnitude
5.767268748e+06,3.035823e-03,1.693469e-03,1.300590e-03,6.785330e-04,3.976404e-04,1.468524e-03,1.759088e+00,order_of_magnitude
5.901620744e+06,2.953004e-03,1.664831e-03,1.301658e-03,6.731025e-04,3.931703e-04,1.441382e-03,1.745202e+00,order_of_magnitude
6.039102551e+06,2.855420e-03,1.624504e-03,1.286792e-03,6.629549e-04,3.858857e-04,1.404820e-03,1.731826e+00,order_of_magnitude
6.179787080e+06,2.722518e-03,1.554864e-03,1.230491e-03,6.407522e-04,3.714539e-04,1.344783e-03,1.720281e+00,order_of_magnitude
6.323748939e+06,2.586521e-03,1.483601e-03,1.172879e-03,6.180322e-04,3.566859e-04,1.283347e-03,1.708468e+00,order_of_magnitude
6.471064477e+06,2.447355e-03,1.410678e-03,1.113925e-03,5.947830e-04,3.415738e-04,1.220481e-03,1.696379e+00,order_of_magnitude
6.621811818e+06,2.304947e-03,1.336057e-03,1.053597e-03,5.709923e-04,3.261097e-04,1.156149e-03,1.684009e+00,order_of_magnitude
6.776070910e+06,2.159221e-03,1.259697e-03,9.918642e-04,5.466473e-04,3.102853e-04,1.090319e-03,1.671350e+00,order_of_magnitude
6.933923560e+06,2.010101e-03,1.181558e-03,9.286931e-04,5.217351e-04,2.940923e-04,1.022956e-03,1.658397e+00,order_of_magnitude
7.095453482e+06,1.895985e-03,1.119881e-03,8.823410e-04,5.010765e-04,2.813783e-04,9.704363e-04,1.647543e+00,order_of_magnitude
7.260746342e+06,1.806468e-03,1.069716e-03,8.478654e-04,4.833607e-04,2.710997e-04,9.283197e-04,1.638136e+00,order_of_magnitude
7.429889797e+06,1.714865e-03,1.018383e-03,8.125866e-04,4.652323e-04,2.605817e-04,8.852219e-04,1.628510e+00,order_of_magnitude
7.602973552e+06,1.621128e-03,9.658536e-04,7.764860e-04,4.466815e-04,2.498187e-04,8.411201e-04,1.618660e+00,order_of_magnitude
7.780089397e+06,1.525207e-03,9.121007e-04,7.395444e-04,4.276986e-04,2.388049e-04,7.959910e-04,1.608581e+00,order_of_magnitude
7.961331262e+06,1.427052e-03,8.570956e-04,7.017423e-04,4.082734e-04,2.275346e-04,7.498105e-04,1.598266e+00,order_of_magnitude
8.146795265e+06,1.353133e-03,8.153866e-04,6.784714e-04,3.943419e-04,2.209826e-04,7.157613e-04,1.589695e+00,order_of_magnitude
8.336579764e+06,1.284642e-03,7.766355e-04,6.588127e-04,3.816886e-04,2.156206e-04,6.844790e-04,1.581458e+00,order_of_magnitude
8.530785407e+06,1.214555e-03,7.369816e-04,6.386961e-04,3.687405e-04,2.101337e-04,6.524679e-04,1.573029e+00,order_of_magnitude
8.729515187e+06,1.142835e-03,6.964039e-04,6.181109e-04,3.554908e-04,2.045190e-04,6.197112e-04,1.564404e+00,order_of_magnitude
8.932874497e+06,1.069445e-03,6.548810e-04,5.970461e-04,3.419324e-04,1.987735e-04,5.861913e-04,1.555578e+00,order_of_magnitude
9.140971185e+06,1.014767e-03,6.240199e-04,5.872858e-04,3.333855e-04,1.967342e-04,5.624389e-04,1.546482e+00,order_of_magnitude
9.353915610e+06,9.687657e-04,5.981063e-04,5.830455e-04,3.272352e-04,1.965185e-04,5.432730e-04,1.537141e+00,order_of_magnitude
9.571820704e+06,9.216930e-04,5.715890e-04,5.787063e-04,3.209417e-04,1.962977e-04,5.236607e-04,1.527584e+00,order_of_magnitude
9.794802028e+06,8.735237e-04,5.444540e-04,5.742661e-04,3.145015e-04,1.960718e-04,5.035915e-04,1.517803e+00,order_of_magnitude
1.002297784e+07,8.264882e-04,5.182002e-04,5.712944e-04,3.087950e-04,1.966134e-04,4.844383e-04,1.505754e+00,order_of_magnitude
1.025646914e+07,7.989721e-04,5.051651e-04,5.826187e-04,3.110307e-04,2.042287e-04,4.774824e-04,1.474777e+00,order_of_magnitude
1.049539976e+07,7.708151e-04,4.918263e-04,5.942069e-04,3.133185e-04,2.120215e-04,4.703645e-04,1.443078e+00,order_of_magnitude
1.073989641e+07,7.420022e-04,4.781768e-04,6.060650e-04,3.156595e-04,2.199957e-04,4.630808e-04,1.410641e+00,order_of_magnitude
1.099008876e+07,7.125180e-04,4.642093e-04,6.181993e-04,3.180551e-04,2.281557e-04,4.556274e-04,1.377449e+00,order_of_magnitude
1.124610950e+07,7.007826e-04,4.647096e-04,6.287114e-04,3.310380e-04,2.446634e-04,4.601802e-04,1.302857e+00,order_of_magnitude
1.150809438e+07,6.895335e-04,4.658312e-04,6.393899e-04,3.447574e-04,2.618918e-04,4.653411e-04,1.224854e+00,order_of_magnitude
1.177618237e+07,6.780223e-04,4.669788e-04,6.503172e-04,3.587963e-04,2.795215e-04,4.706221e-04,1.145034e+00,order_of_magnitude
1.205051563e+07,6.676141e-04,4.707888e-04,6.611194e-04,3.734862e-04,2.983269e-04,4.771796e-04,1.062762e+00,order_of_magnitude
1.233123964e+07,6.631801e-04,4.866368e-04,6.704524e-04,3.899866e-04,3.210386e-04,4.891194e-04,9.758891e-01,order_of_magnitude
1.261850329e+07,6.586427e-04,5.028540e-04,6.800028e-04,4.068714e-04,3.442794e-04,5.013373e-04,8.869921e-01,order_of_magnitude
1.291245892e+07,6.539997e-04,5.194490e-04,6.897756e-04,4.241495e-04,3.680616e-04,5.138398e-04,7.960241e-01,order_of_magnitude
1.321326242e+07,6.476663e-04,5.258855e-04,6.940888e-04,4.371032e-04,3.866813e-04,5.208055e-04,7.253759e-01,order_of_magnitude
1.352107332e+07,6.405208e-04,5.280427e-04,6.961136e-04,4.483731e-04,4.033335e-04,5.254855e-04,6.625072e-01,order_of_magnitude
1.383605486e+07,6.332088e-04,5.302501e-04,6.981856e-04,4.599055e-04,4.203737e-04,5.302745e-04,5.981739e-01,order_of_magnitude
1.415837408e+07,6.227495e-04,5.289805e-04,6.909994e-04,4.663600e-04,4.310361e-04,5.303977e-04,5.450523e-01,order_of_magnitude
1.448820193e+07,6.088931e-04,5.239437e-04,6.737877e-04,4.673013e-04,4.347704e-04,5.254631e-04,5.041572e-01,order_of_magnitude
1.482571331e+07,5.947140e-04,5.187895e-04,6.561750e-04,4.682646e-04,4.385918e-04,5.204137e-04,4.623095e-01,order_of_magnitude
1.517108723e+07,5.783490e-04,5.089639e-04,6.373749e-04,4.628723e-04,4.359939e-04,5.107243e-04,4.281174e-01,order_of_magnitude
1.552450684e+07,5.596687e-04,4.941648e-04,6.173268e-04,4.507059e-04,4.265512e-04,4.960950e-04,4.021257e-01,order_of_magnitude
1.588615957e+07,5.405531e-04,4.790210e-04,5.968117e-04,4.382560e-04,4.168886e-04,4.811249e-04,3.755285e-01,order_of_magnitude
1.625623721e+07,5.128230e-04,4.550403e-04,5.655723e-04,4.168903e-04,3.964308e-04,4.570372e-04,3.559112e-01,order_of_magnitude
1.663493604e+07,4.807328e-04,4.266440e-04,5.289468e-04,3.911055e-04,3.706911e-04,4.284018e-04,3.392917e-01,order_of_magnitude
1.702245689e+07,4.477302e-04,3.973293e-04,4.913439e-04,3.643557e-04,3.440713e-04,3.988307e-04,3.226707e-01,order_of_magnitude
1.741900527e+07,4.112164e-04,3.630596e-04,4.507984e-04,3.309231e-04,3.121690e-04,3.641015e-04,3.120767e-01,order_of_magnitude
1.782479148e+07,3.738520e-04,3.279915e-04,4.093083e-04,2.967117e-04,2.795235e-04,3.285634e-04,3.012358e-01,order_of_magnitude
1.824003073e+07,3.372233e-04,2.931699e-04,3.662270e-04,2.631857e-04,2.472197e-04,2.933974e-04,2.932819e-01,order_of_magnitude
1.866494322e+07,3.009408e-04,2.583313e-04,3.216754e-04,2.299860e-04,2.149867e-04,2.583087e-04,2.874877e-01,order_of_magnitude
1.909975431e+07,2.653543e-04,2.245190e-04,2.801181e-04,1.981075e-04,1.839713e-04,2.244532e-04,2.817876e-01,order_of_magnitude
1.954469458e+07,2.342356e-04,1.962359e-04,2.514520e-04,1.726859e-04,1.589990e-04,1.968575e-04,2.767417e-01,order_of_magnitude
2.000000000e+07,2.023920e-04,1.672940e-04,2.221180e-04,1.466720e-04,1.334450e-04,1.686190e-04,2.715783e-01,order_of_magnitude
