# Impulse-approximation quantum broadening widths (plan 11-02, CALC-15).
# sigma_E = sqrt(E_R * omega_bar) with the LOCKED omega_bar = 1.7859677040e-02 eV
# (CONVENTIONS.md Section J; harmonic mean of the measured Ge VDOS).
# frac_width = sigma_E/E_R = sqrt(omega_bar/E_R) = 1/sqrt(2W) -- an ALGEBRAIC
# IDENTITY once 2W = E_R/omega_bar, NOT a cross-check (fp-identity-as-evidence).
# frac_width_upper_moment uses the ARITHMETIC VDOS mean omega_bar_p = 2.4195531663e-02 eV
# which is what actually governs <p_x^2>; it is a ONE-SIDED correction of
# x1.163941 on every width, and it can only make the broadening LARGER.
# counting_floor_* are the Phase-10 PIPELINE-DERIVED floors at 0.49382 eV
# (16.009%% Ta->Al, 14.271%% Al->Hf), held CONSTANT across the table because
# Phase 10 evaluated them only at that energy; they are NOT extrapolated.
# BEST CASE WITH NO NOISE SOURCES: the Phase-10 counting floor is 1/sqrt(N_obs) quasiparticle counting statistics with no baseline, amplifier, phonon-collection, position or readout noise, and this project has no resolution parameter at all. It is NOT the detector resolution (fp-poisson-as-resolution).
# quadrature_* = sqrt(frac_width^2 + floor^2), NEVER a linear sum; the two
# mechanisms are ASSERTED independent (sensor counting statistics vs nuclear
# zero-point motion), not proven so.
# One extended-grid bin = 0.0292047068 fractional width; sigma_E/E_R falls below it
# at E_R = 20.939577 eV.
E_R_eV,sigma_E_eV,frac_width,two_W,frac_width_upper_moment,counting_floor_TaAl,counting_floor_AlHf,quadrature_TaAl,quadrature_AlHf,is_roadmap_energy
1.0000000000e-01,4.2260711116e-02,4.2260711116e-01,5.5992053930e+00,4.9188953702e-01,1.600900e-01,1.427100e-01,4.5191324223e-01,4.4605259163e-01,1
1.0138382944e-01,4.2552114529e-02,4.1971303277e-01,5.6766888458e+00,4.8852100194e-01,1.600900e-01,1.427100e-01,4.4920801193e-01,4.4331159919e-01,0
1.0434471446e-01,4.3169003939e-02,4.1371529131e-01,5.8424748794e+00,4.8153998767e-01,1.600900e-01,1.427100e-01,4.4360923160e-01,4.3763739141e-01,0
1.0739207126e-01,4.3794836560e-02,4.0780325817e-01,6.0131026454e+00,4.7465873280e-01,1.600900e-01,1.427100e-01,4.3810079374e-01,4.3205282255e-01,0
1.1052842521e-01,4.4429742043e-02,4.0197570858e-01,6.1887135454e+00,4.6787581175e-01,1.600900e-01,1.427100e-01,4.3268149763e-01,4.2655669540e-01,0
1.1375637547e-01,4.5073851922e-02,3.9623143526e-01,6.3694531102e+00,4.6118981933e-01,1.600900e-01,1.427100e-01,4.2735015899e-01,4.2114782962e-01,0
1.1707859707e-01,4.5727299635e-02,3.9056924819e-01,6.5554711209e+00,4.5459937041e-01,1.600900e-01,1.427100e-01,4.2210560969e-01,4.1582506145e-01,0
1.2049784317e-01,4.6390220554e-02,3.8498797434e-01,6.7469217332e+00,4.4810309967e-01,1.600900e-01,1.427100e-01,4.1694669741e-01,4.1058724345e-01,0
1.2401694735e-01,4.7062752015e-02,3.7948645745e-01,6.9439636045e+00,4.4169966129e-01,1.600900e-01,1.427100e-01,4.1187228541e-01,4.0543324418e-01,0
1.2763882594e-01,4.7745033345e-02,3.7406355779e-01,7.1467600258e+00,4.3538772870e-01,1.600900e-01,1.427100e-01,4.0688125217e-01,4.0036194795e-01,0
1.3136648044e-01,4.8437205890e-02,3.6871815192e-01,7.3554790572e+00,4.2916599425e-01,1.600900e-01,1.427100e-01,4.0197249117e-01,3.9537225453e-01,0
1.3520299999e-01,4.9139413047e-02,3.6344913243e-01,7.5702936667e+00,4.2303316901e-01,1.600900e-01,1.427100e-01,3.9714491054e-01,3.9046307887e-01,0
1.3915156396e-01,4.9851800288e-02,3.5825540776e-01,7.7913818739e+00,4.1698798247e-01,1.600900e-01,1.427100e-01,3.9239743283e-01,3.8563335085e-01,0
1.4321544460e-01,5.0574515199e-02,3.5313590194e-01,8.0189268974e+00,4.1102918224e-01,1.600900e-01,1.427100e-01,3.8772899471e-01,3.8088201499e-01,0
1.4739800967e-01,5.1307707501e-02,3.4808955437e-01,8.2531173066e+00,4.0515553388e-01,1.600900e-01,1.427100e-01,3.8313854670e-01,3.7620803017e-01,0
1.5170272533e-01,5.2051529089e-02,3.4311531962e-01,8.4941471780e+00,3.9936582053e-01,1.600900e-01,1.427100e-01,3.7862505287e-01,3.7161036942e-01,0
1.5613315895e-01,5.2806134057e-02,3.3821216718e-01,8.7422162562e+00,3.9365884278e-01,1.600900e-01,1.427100e-01,3.7418749061e-01,3.6708801959e-01,0
1.6069298208e-01,5.3571678736e-02,3.3337908129e-01,8.9975301191e+00,3.8803341831e-01,1.600900e-01,1.427100e-01,3.6982485035e-01,3.6263998116e-01,0
1.6538597352e-01,5.4348321722e-02,3.2861506067e-01,9.2603003484e+00,3.8248838172e-01,1.600900e-01,1.427100e-01,3.6553613529e-01,3.5826526792e-01,0
1.7021602239e-01,5.5136223908e-02,3.2391911839e-01,9.5307447053e+00,3.7702258427e-01,1.600900e-01,1.427100e-01,3.6132036112e-01,3.5396290676e-01,0
1.7518713142e-01,5.5935548525e-02,3.1929028160e-01,9.8090873104e+00,3.7163489360e-01,1.600900e-01,1.427100e-01,3.5717655582e-01,3.4973193738e-01,0
1.8030342024e-01,5.6746461164e-02,3.1472759136e-01,1.0095558830e+01,3.6632419358e-01,1.600900e-01,1.427100e-01,3.5310375934e-01,3.4557141210e-01,0
1.8556912877e-01,5.7569129821e-02,3.1023010241e-01,1.0390396666e+01,3.6108938400e-01,1.600900e-01,1.427100e-01,3.4910102340e-01,3.4148039554e-01,0
1.9098862077e-01,5.8403724926e-02,3.0579688303e-01,1.0693845154e+01,3.5592938038e-01,1.600900e-01,1.427100e-01,3.4516741123e-01,3.3745796445e-01,0
1.9656638745e-01,5.9250419380e-02,3.0142701481e-01,1.1006155767e+01,3.5084311372e-01,1.600900e-01,1.427100e-01,3.4130199729e-01,3.3350320742e-01,0
2.0230705117e-01,6.0109388591e-02,2.9711959244e-01,1.1327587319e+01,3.4582953033e-01,1.600900e-01,1.427100e-01,3.3750386711e-01,3.2961522464e-01,0
2.0821536929e-01,6.0980810508e-02,2.9287372357e-01,1.1658406186e+01,3.4088759155e-01,1.600900e-01,1.427100e-01,3.3377211696e-01,3.2579312770e-01,0
2.1429623811e-01,6.1864865663e-02,2.8868852860e-01,1.1998886521e+01,3.3601627357e-01,1.600900e-01,1.427100e-01,3.3010585369e-01,3.2203603935e-01,0
2.2055469692e-01,6.2761737202e-02,2.8456314048e-01,1.2349310484e+01,3.3121456721e-01,1.600900e-01,1.427100e-01,3.2650419449e-01,3.1834309325e-01,0
2.2699593218e-01,6.3671610928e-02,2.8049670457e-01,1.2709968477e+01,3.2648147772e-01,1.600900e-01,1.427100e-01,3.2296626662e-01,3.1471343374e-01,0
2.3362528183e-01,6.4594675337e-02,2.7648837844e-01,1.3081159380e+01,3.2181602456e-01,1.600900e-01,1.427100e-01,3.1949120726e-01,3.1114621565e-01,0
2.4044823970e-01,6.5531121659e-02,2.7253733170e-01,1.3463190805e+01,3.1721724119e-01,1.600900e-01,1.427100e-01,3.1607816323e-01,3.0764060406e-01,0
2.4747046005e-01,6.6481143894e-02,2.6864274581e-01,1.3856379345e+01,3.1268417490e-01,1.600900e-01,1.427100e-01,3.1272629083e-01,3.0419577409e-01,0
2.5469776229e-01,6.7444938856e-02,2.6480381394e-01,1.4261050842e+01,3.0821588658e-01,1.600900e-01,1.427100e-01,3.0943475561e-01,3.0081091067e-01,0
2.6213613576e-01,6.8422706211e-02,2.6101974080e-01,1.4677540651e+01,3.0381145055e-01,1.600900e-01,1.427100e-01,3.0620273217e-01,2.9748520835e-01,0
2.6979174476e-01,6.9414648522e-02,2.5728974244e-01,1.5106193923e+01,2.9946995436e-01,1.600900e-01,1.427100e-01,3.0302940396e-01,2.9421787108e-01,0
2.7767093357e-01,7.0420971287e-02,2.5361304614e-01,1.5547365888e+01,2.9519049858e-01,1.600900e-01,1.427100e-01,2.9991396311e-01,2.9100811204e-01,0
2.8578023179e-01,7.1441882983e-02,2.4998889019e-01,1.6001422150e+01,2.9097219665e-01,1.600900e-01,1.427100e-01,2.9685561022e-01,2.8785515337e-01,0
2.9412635968e-01,7.2477595109e-02,2.4641652380e-01,1.6468738993e+01,2.8681417469e-01,1.600900e-01,1.427100e-01,2.9385355417e-01,2.8475822605e-01,0
3.0271623378e-01,7.3528322231e-02,2.4289520688e-01,1.6949703688e+01,2.8271557128e-01,1.600900e-01,1.427100e-01,2.9090701199e-01,2.8171656967e-01,0
3.1155697264e-01,7.4594282026e-02,2.3942420994e-01,1.7444714815e+01,2.7867553732e-01,1.600900e-01,1.427100e-01,2.8801520863e-01,2.7872943225e-01,0
3.2065590269e-01,7.5675695326e-02,2.3600281389e-01,1.7954182597e+01,2.7469323585e-01,1.600900e-01,1.427100e-01,2.8517737684e-01,2.7579607007e-01,0
3.3002056433e-01,7.6772786164e-02,2.3263030993e-01,1.8478529236e+01,2.7076784188e-01,1.600900e-01,1.427100e-01,2.8239275699e-01,2.7291574744e-01,0
3.3965871816e-01,7.7885781823e-02,2.2930599940e-01,1.9018189265e+01,2.6689854217e-01,1.600900e-01,1.427100e-01,2.7966059691e-01,2.7008773660e-01,0
3.4957835145e-01,7.9014912877e-02,2.2602919360e-01,1.9573609907e+01,2.6308453515e-01,1.600900e-01,1.427100e-01,2.7698015174e-01,2.6731131749e-01,0
3.5978768472e-01,8.0160413248e-02,2.2279921368e-01,2.0145251446e+01,2.5932503068e-01,1.600900e-01,1.427100e-01,2.7435068383e-01,2.6458577762e-01,0
3.7029517857e-01,8.1322520244e-02,2.1961539050e-01,2.0733587609e+01,2.5561924990e-01,1.600900e-01,1.427100e-01,2.7177146253e-01,2.6191041187e-01,0
3.8110954071e-01,8.2501474616e-02,2.1647706448e-01,2.1339105957e+01,2.5196642510e-01,1.600900e-01,1.427100e-01,2.6924176412e-01,2.5928452238e-01,0
3.9223973312e-01,8.3697520607e-02,2.1338358545e-01,2.1962308290e+01,2.4836579954e-01,1.600900e-01,1.427100e-01,2.6676087164e-01,2.5670741835e-01,0
4.0369497953e-01,8.4910905996e-02,2.1033431254e-01,2.2603711065e+01,2.4481662727e-01,1.600900e-01,1.427100e-01,2.6432807481e-01,2.5417841595e-01,0
4.1548477306e-01,8.6141882159e-02,2.0732861405e-01,2.3263845820e+01,2.4131817304e-01,1.600900e-01,1.427100e-01,2.6194266988e-01,2.5169683809e-01,0
4.2761888405e-01,8.7390704113e-02,2.0436586730e-01,2.3943259617e+01,2.3786971207e-01,1.600900e-01,1.427100e-01,2.5960395956e-01,2.4926201439e-01,0
4.4010736820e-01,8.8657630574e-02,2.0144545849e-01,2.4642515495e+01,2.3447052995e-01,1.600900e-01,1.427100e-01,2.5731125286e-01,2.4687328095e-01,0
4.5296057486e-01,8.9942924007e-02,1.9856678263e-01,2.5362192936e+01,2.3111992249e-01,1.600900e-01,1.427100e-01,2.5506386507e-01,2.4452998029e-01,0
4.6618915566e-01,9.1246850684e-02,1.9572924332e-01,2.6102888345e+01,2.2781719554e-01,1.600900e-01,1.427100e-01,2.5286111760e-01,2.4223146119e-01,0
4.7980407328e-01,9.2569680735e-02,1.9293225274e-01,2.6865215547e+01,2.2456166490e-01,1.600900e-01,1.427100e-01,2.5070233794e-01,2.3997707859e-01,0
4.9381661058e-01,9.3911688207e-02,1.9017523144e-01,2.7649806291e+01,2.2135265611e-01,1.600900e-01,1.427100e-01,2.4858685958e-01,2.3776619346e-01,0
5.0000000000e-01,9.4497822832e-02,1.8899564566e-01,2.7996026965e+01,2.1997968844e-01,1.600900e-01,1.427100e-01,2.4768561157e-01,2.3682377030e-01,1
5.0823837993e-01,9.5273151122e-02,1.8745760825e-01,2.8457310778e+01,2.1818950439e-01,1.600900e-01,1.427100e-01,2.4651402190e-01,2.3559817273e-01,0
5.2308133281e-01,9.6654351530e-02,1.8477882017e-01,2.9288398197e+01,2.1507155442e-01,1.600900e-01,1.427100e-01,2.4448317014e-01,2.3347238912e-01,0
5.3835776979e-01,9.8055575570e-02,1.8213831224e-01,3.0143757280e+01,2.1199816026e-01,1.600900e-01,1.427100e-01,2.4249365535e-01,2.3138822115e-01,0
5.5408035063e-01,9.9477113531e-02,1.7953553743e-01,3.1024096874e+01,2.0896868523e-01,1.600900e-01,1.427100e-01,2.4054483428e-01,2.2934505292e-01,0
5.7026210483e-01,1.0091925991e-01,1.7696995654e-01,3.1930146528e+01,2.0598250169e-01,1.600900e-01,1.427100e-01,2.3863606940e-01,2.2734227415e-01,0
5.8691644243e-01,1.0238231347e-01,1.7444103806e-01,3.2862657097e+01,2.0303899102e-01,1.600900e-01,1.427100e-01,2.3676672878e-01,2.2537928001e-01,0
6.0405716507e-01,1.0386657731e-01,1.7194825807e-01,3.3822401363e+01,2.0013754341e-01,1.600900e-01,1.427100e-01,2.3493618613e-01,2.2345547108e-01,0
6.2169847748e-01,1.0537235892e-01,1.6949110016e-01,3.4810174680e+01,1.9727755778e-01,1.600900e-01,1.427100e-01,2.3314382071e-01,2.2157025327e-01,0
6.3985499926e-01,1.0689997025e-01,1.6706905529e-01,3.5826795626e+01,1.9445844163e-01,1.600900e-01,1.427100e-01,2.3138901732e-01,2.1972303779e-01,0
6.5854177693e-01,1.0844972777e-01,1.6468162168e-01,3.6873106689e+01,1.9167961093e-01,1.600900e-01,1.427100e-01,2.2967116628e-01,2.1791324104e-01,0
6.7777429647e-01,1.1002195254e-01,1.6232830474e-01,3.7949974960e+01,1.8894049001e-01,1.600900e-01,1.427100e-01,2.2798966340e-01,2.1614028458e-01,0
6.9756849610e-01,1.1161697028e-01,1.6000861693e-01,3.9058292853e+01,1.8624051140e-01,1.600900e-01,1.427100e-01,2.2634391000e-01,2.1440359510e-01,0
7.1794077952e-01,1.1323511141e-01,1.5772207770e-01,4.0198978846e+01,1.8357911575e-01,1.600900e-01,1.427100e-01,2.2473331283e-01,2.1270260434e-01,0
7.3890802952e-01,1.1487671117e-01,1.5546821334e-01,4.1372978238e+01,1.8095575172e-01,1.600900e-01,1.427100e-01,2.2315728413e-01,2.1103674907e-01,0
7.6048762190e-01,1.1654210964e-01,1.5324655693e-01,4.2581263938e+01,1.7836987582e-01,1.600900e-01,1.427100e-01,2.2161524160e-01,2.0940547106e-01,0
7.8269743995e-01,1.1823165184e-01,1.5105664821e-01,4.3824837269e+01,1.7582095235e-01,1.600900e-01,1.427100e-01,2.2010660842e-01,2.0780821704e-01,0
8.0555588922e-01,1.1994568779e-01,1.4889803351e-01,4.5104728793e+01,1.7330845325e-01,1.600900e-01,1.427100e-01,2.1863081321e-01,2.0624443867e-01,0
8.2908191281e-01,1.2168457257e-01,1.4677026563e-01,4.6421999175e+01,1.7083185802e-01,1.600900e-01,1.427100e-01,2.1718729008e-01,2.0471359255e-01,0
8.5329500702e-01,1.2344866644e-01,1.4467290377e-01,4.7777740051e+01,1.6839065358e-01,1.600900e-01,1.427100e-01,2.1577547865e-01,2.0321514015e-01,0
8.7821523754e-01,1.2523833484e-01,1.4260551342e-01,4.9173074943e+01,1.6598433420e-01,1.600900e-01,1.427100e-01,2.1439482400e-01,2.0174854785e-01,0
9.0386325609e-01,1.2705394855e-01,1.4056766629e-01,5.0609160181e+01,1.6361240136e-01,1.600900e-01,1.427100e-01,2.1304477676e-01,2.0031328689e-01,0
9.3026031751e-01,1.2889588370e-01,1.3855894019e-01,5.2087185867e+01,1.6127436368e-01,1.600900e-01,1.427100e-01,2.1172479309e-01,1.9890883341e-01,0
9.5742829736e-01,1.3076452187e-01,1.3657891900e-01,5.3608376860e+01,1.5896973680e-01,1.600900e-01,1.427100e-01,2.1043433468e-01,1.9753466839e-01,0
9.8538971010e-01,1.3266025019e-01,1.3462719250e-01,5.5173993790e+01,1.5669804327e-01,1.600900e-01,1.427100e-01,2.0917286885e-01,1.9619027769e-01,0
1.0000000000e+00,1.3364010266e-01,1.3364010266e-01,5.5992053930e+01,1.5554912942e-01,1.600900e-01,1.427100e-01,2.0853892956e-01,1.9551424792e-01,1
1.0141677277e+00,1.3458346140e-01,1.3270335638e-01,5.6785334104e+01,1.5445881247e-01,1.600900e-01,1.427100e-01,2.0793986846e-01,1.9487515207e-01,0
1.0437861989e+00,1.3653455391e-01,1.3080701206e-01,5.8443733139e+01,1.5225158049e-01,1.600900e-01,1.427100e-01,2.0673481203e-01,1.9358878714e-01,0
1.0742696688e+00,1.3851393193e-01,1.2893776670e-01,6.0150565232e+01,1.5007589009e-01,1.600900e-01,1.427100e-01,2.0555718373e-01,1.9233068341e-01,0
1.1056433996e+00,1.4052200553e-01,1.2709523304e-01,6.1907244856e+01,1.4793129052e-01,1.600900e-01,1.427100e-01,2.0440647339e-01,1.9110034632e-01,0
1.1379333909e+00,1.4255919071e-01,1.2527902937e-01,6.3715227793e+01,1.4581733750e-01,1.600900e-01,1.427100e-01,2.0328217655e-01,1.8989728619e-01,0
1.1711664020e+00,1.4462590950e-01,1.2348877944e-01,6.5576012341e+01,1.4373359307e-01,1.600900e-01,1.427100e-01,2.0218379447e-01,1.8872101830e-01,0
1.2053699734e+00,1.4672259008e-01,1.2172411236e-01,6.7491140557e+01,1.4167962557e-01,1.600900e-01,1.427100e-01,2.0111083419e-01,1.8757106288e-01,0
1.2405724501e+00,1.4884966679e-01,1.1998466255e-01,6.9462199531e+01,1.3965500947e-01,1.600900e-01,1.427100e-01,2.0006280850e-01,1.8644694512e-01,0
1.2768030048e+00,1.5100758031e-01,1.1827006965e-01,7.1490822705e+01,1.3765932533e-01,1.600900e-01,1.427100e-01,1.9903923602e-01,1.8534819523e-01,0
1.3140916623e+00,1.5319677767e-01,1.1657997845e-01,7.3578691224e+01,1.3569215972e-01,1.600900e-01,1.427100e-01,1.9803964117e-01,1.8427434839e-01,0
1.3524693240e+00,1.5541771242e-01,1.1491403883e-01,7.5727535330e+01,1.3375310511e-01,1.600900e-01,1.427100e-01,1.9706355427e-01,1.8322494486e-01,0
1.3919677941e+00,1.5767084465e-01,1.1327190565e-01,7.7939135799e+01,1.3184175978e-01,1.600900e-01,1.427100e-01,1.9611051147e-01,1.8219952994e-01,0
1.4326198055e+00,1.5995664115e-01,1.1165323873e-01,8.0215325411e+01,1.2995772777e-01,1.600900e-01,1.427100e-01,1.9518005487e-01,1.8119765401e-01,0
1.4744590469e+00,1.6227557545e-01,1.1005770271e-01,8.2557990474e+01,1.2810061876e-01,1.600900e-01,1.427100e-01,1.9427173244e-01,1.8021887256e-01,0
1.5175201911e+00,1.6462812796e-01,1.0848496707e-01,8.4969072382e+01,1.2627004803e-01,1.600900e-01,1.427100e-01,1.9338509813e-01,1.7926274621e-01,0
1.5618389234e+00,1.6701478606e-01,1.0693470597e-01,8.7450569232e+01,1.2446563634e-01,1.600900e-01,1.427100e-01,1.9251971183e-01,1.7832884075e-01,0
1.6074519713e+00,1.6943604417e-01,1.0540659827e-01,9.0004537469e+01,1.2268700987e-01,1.600900e-01,1.427100e-01,1.9167513938e-01,1.7741672711e-01,0
1.6543971349e+00,1.7189240392e-01,1.0390032737e-01,9.2633093599e+01,1.2093380016e-01,1.600900e-01,1.427100e-01,1.9085095265e-01,1.7652598145e-01,0
1.7027133182e+00,1.7438437417e-01,1.0241558124e-01,9.5338415941e+01,1.1920564399e-01,1.600900e-01,1.427100e-01,1.9004672947e-01,1.7565618515e-01,0
1.7524405615e+00,1.7691247118e-01,1.0095205228e-01,9.8122746429e+01,1.1750218334e-01,1.600900e-01,1.427100e-01,1.8926205367e-01,1.7480692480e-01,0
1.8036200744e+00,1.7947721870e-01,9.9509437297e-02,1.0098839247e+02,1.1582306532e-01,1.600900e-01,1.427100e-01,1.8849651512e-01,1.7397779229e-01,0
1.8562942699e+00,1.8207914804e-01,9.8087437426e-02,1.0393772887e+02,1.1416794206e-01,1.600900e-01,1.427100e-01,1.8774970967e-01,1.7316838476e-01,0
1.9105067998e+00,1.8471879825e-01,9.6685758077e-02,1.0697319977e+02,1.1253647069e-01,1.600900e-01,1.427100e-01,1.8702123921e-01,1.7237830465e-01,0
1.9663025908e+00,1.8739671618e-01,9.5304108866e-02,1.1009732071e+02,1.1092831320e-01,1.600900e-01,1.427100e-01,1.8631071163e-01,1.7160715972e-01,0
2.0237278815e+00,1.9011345660e-01,9.3942203562e-02,1.1331268068e+02,1.0934313644e-01,1.600900e-01,1.427100e-01,1.8561774083e-01,1.7085456304e-01,0
2.0828302610e+00,1.9286958234e-01,9.2599760022e-02,1.1662194430e+02,1.0778061202e-01,1.600900e-01,1.427100e-01,1.8494194672e-01,1.7012013301e-01,0
2.1436587082e+00,1.9566566437e-01,9.1276500135e-02,1.2002785400e+02,1.0624041623e-01,1.600900e-01,1.427100e-01,1.8428295520e-01,1.6940349340e-01,0
2.2062636323e+00,1.9850228195e-01,8.9972149764e-02,1.2353323229e+02,1.0472222999e-01,1.600900e-01,1.427100e-01,1.8364039815e-01,1.6870427331e-01,0
2.2706969149e+00,2.0138002273e-01,8.8686438692e-02,1.2714098412e+02,1.0322573879e-01,1.600900e-01,1.427100e-01,1.8301391343e-01,1.6802210720e-01,0
2.3370119526e+00,2.0429948290e-01,8.7419100561e-02,1.3085409929e+02,1.0175063260e-01,1.600900e-01,1.427100e-01,1.8240314483e-01,1.6735663489e-01,0
2.4052637016e+00,2.0726126726e-01,8.6169872818e-02,1.3467565490e+02,1.0029660582e-01,1.600900e-01,1.427100e-01,1.8180774208e-01,1.6670750158e-01,0
2.4755087229e+00,2.1026598940e-01,8.4938496666e-02,1.3860881791e+02,9.8863357234e-02,1.600900e-01,1.427100e-01,1.8122736084e-01,1.6607435779e-01,0
2.5478052294e+00,2.1331427181e-01,8.3724717003e-02,1.4265684781e+02,9.7450589913e-02,1.600900e-01,1.427100e-01,1.8066166261e-01,1.6545685944e-01,0
2.6222131342e+00,2.1640674598e-01,8.2528282374e-02,1.4682309923e+02,9.6058011178e-02,1.600900e-01,1.427100e-01,1.8011031478e-01,1.6485466779e-01,0
2.6987941000e+00,2.1954405258e-01,8.1348944916e-02,1.5111102480e+02,9.4685332534e-02,1.600900e-01,1.427100e-01,1.7957299056e-01,1.6426744942e-01,0
2.7776115905e+00,2.2272684156e-01,8.0186460308e-02,1.5552417797e+02,9.3332269606e-02,1.600900e-01,1.427100e-01,1.7904936894e-01,1.6369487627e-01,0
2.8587309227e+00,2.2595577227e-01,7.9040587723e-02,1.6006621600e+02,9.1998542083e-02,1.600900e-01,1.427100e-01,1.7853913467e-01,1.6313662559e-01,0
2.9422193213e+00,2.2923151367e-01,7.7911089772e-02,1.6474090291e+02,9.0683873661e-02,1.600900e-01,1.427100e-01,1.7804197822e-01,1.6259237992e-01,0
3.0281459740e+00,2.3255474436e-01,7.6797732461e-02,1.6955211268e+02,8.9387991983e-02,1.600900e-01,1.427100e-01,1.7755759576e-01,1.6206182713e-01,0
3.1165820894e+00,2.3592615282e-01,7.5700285137e-02,1.7450383243e+02,8.8110628584e-02,1.600900e-01,1.427100e-01,1.7708568906e-01,1.6154466030e-01,0
3.2076009557e+00,2.3934643749e-01,7.4618520446e-02,1.7960016570e+02,8.6851518837e-02,1.600900e-01,1.427100e-01,1.7662596551e-01,1.6104057779e-01,0
3.3012780012e+00,2.4281630695e-01,7.3552214282e-02,1.8484533588e+02,8.5610401895e-02,1.600900e-01,1.427100e-01,1.7617813805e-01,1.6054928317e-01,0
3.3976908574e+00,2.4633648003e-01,7.2501145740e-02,1.9024368973e+02,8.4387020638e-02,1.600900e-01,1.427100e-01,1.7574192509e-01,1.6007048520e-01,0
3.4969194229e+00,2.4990768601e-01,7.1465097073e-02,1.9579970091e+02,8.3181121623e-02,1.600900e-01,1.427100e-01,1.7531705051e-01,1.5960389782e-01,0
3.5990459294e+00,2.5353066472e-01,7.0443853646e-02,2.0151797378e+02,8.1992455026e-02,1.600900e-01,1.427100e-01,1.7490324358e-01,1.5914924008e-01,0
3.7041550107e+00,2.5720616672e-01,6.9437203890e-02,2.0740324712e+02,8.0820774595e-02,1.600900e-01,1.427100e-01,1.7450023892e-01,1.5870623612e-01,0
3.8123337719e+00,2.6093495345e-01,6.8444939260e-02,2.1346039815e+02,7.9665837595e-02,1.600900e-01,1.427100e-01,1.7410777642e-01,1.5827461518e-01,0
3.9236718620e+00,2.6471779741e-01,6.7466854192e-02,2.1969444650e+02,7.8527404760e-02,1.600900e-01,1.427100e-01,1.7372560121e-01,1.5785411149e-01,0
4.0382615485e+00,2.6855548227e-01,6.6502746058e-02,2.2611055841e+02,7.7405240246e-02,1.600900e-01,1.427100e-01,1.7335346357e-01,1.5744446428e-01,0
4.1561977931e+00,2.7244880308e-01,6.5552415126e-02,2.3271405098e+02,7.6299111575e-02,1.600900e-01,1.427100e-01,1.7299111893e-01,1.5704541773e-01,0
4.2775783312e+00,2.7639856640e-01,6.4615664518e-02,2.3951039661e+02,7.5208789594e-02,1.600900e-01,1.427100e-01,1.7263832773e-01,1.5665672089e-01,0
4.4025037524e+00,2.8040559050e-01,6.3692300171e-02,2.4650522753e+02,7.4134048424e-02,1.600900e-01,1.427100e-01,1.7229485541e-01,1.5627812771e-01,0
4.5310775838e+00,2.8447070550e-01,6.2782130794e-02,2.5370434043e+02,7.3074665413e-02,1.600900e-01,1.427100e-01,1.7196047234e-01,1.5590939692e-01,0
4.6634063763e+00,2.8859475357e-01,6.1884967828e-02,2.6111370132e+02,7.2030421093e-02,1.600900e-01,1.427100e-01,1.7163495373e-01,1.5555029201e-01,0
4.7995997924e+00,2.9277858906e-01,6.1000625412e-02,2.6873945042e+02,7.1001099128e-02,1.600900e-01,1.427100e-01,1.7131807961e-01,1.5520058119e-01,0
4.9397706973e+00,2.9702307874e-01,6.0128920338e-02,2.7658790728e+02,6.9986486278e-02,1.600900e-01,1.427100e-01,1.7100963470e-01,1.5486003733e-01,0
5.0840352523e+00,3.0132910192e-01,5.9269672016e-02,2.8466557603e+02,6.8986372348e-02,1.600900e-01,1.427100e-01,1.7070940841e-01,1.5452843790e-01,0
5.2325130114e+00,3.0569755068e-01,5.8422702440e-02,2.9297915072e+02,6.8000550146e-02,1.600900e-01,1.427100e-01,1.7041719473e-01,1.5420556495e-01,0
5.3853270199e+00,3.1012933001e-01,5.7587836144e-02,3.0153552093e+02,6.7028815443e-02,1.600900e-01,1.427100e-01,1.7013279217e-01,1.5389120499e-01,0
5.5426039168e+00,3.1462535803e-01,5.6764900172e-02,3.1034177742e+02,6.6070966927e-02,1.600900e-01,1.427100e-01,1.6985600370e-01,1.5358514899e-01,0
5.7044740393e+00,3.1918656617e-01,5.5953724037e-02,3.1940521805e+02,6.5126806162e-02,1.600900e-01,1.427100e-01,1.6958663666e-01,1.5328719233e-01,0
5.8710715312e+00,3.2381389937e-01,5.5154139691e-02,3.2873335380e+02,6.4196137550e-02,1.600900e-01,1.427100e-01,1.6932450273e-01,1.5299713470e-01,0
6.0425344541e+00,3.2850831626e-01,5.4365981486e-02,3.3833391503e+02,6.3278768285e-02,1.600900e-01,1.427100e-01,1.6906941782e-01,1.5271478004e-01,0
6.2190049014e+00,3.3327078937e-01,5.3589086141e-02,3.4821485783e+02,6.2374508320e-02,1.600900e-01,1.427100e-01,1.6882120203e-01,1.5243993654e-01,0
6.4006291164e+00,3.3810230533e-01,5.2823292709e-02,3.5838437067e+02,6.1483170321e-02,1.600900e-01,1.427100e-01,1.6857967954e-01,1.5217241653e-01,0
6.5875576133e+00,3.4300386507e-01,5.2068442541e-02,3.6885088115e+02,6.0604569631e-02,1.600900e-01,1.427100e-01,1.6834467859e-01,1.5191203642e-01,0
6.7799453021e+00,3.4797648404e-01,5.1324379259e-02,3.7962306300e+02,5.9738524234e-02,1.600900e-01,1.427100e-01,1.6811603138e-01,1.5165861666e-01,0
6.9779516171e+00,3.5302119240e-01,5.0590948715e-02,3.9070984326e+02,5.8884854712e-02,1.600900e-01,1.427100e-01,1.6789357400e-01,1.5141198167e-01,0
7.1817406484e+00,3.5813903524e-01,4.9867998968e-02,4.0212040970e+02,5.8043384214e-02,1.600900e-01,1.427100e-01,1.6767714639e-01,1.5117195977e-01,0
7.3914812786e+00,3.6333107283e-01,4.9155380246e-02,4.1386421837e+02,5.7213938414e-02,1.600900e-01,1.427100e-01,1.6746659221e-01,1.5093838315e-01,0
7.6073473224e+00,3.6859838077e-01,4.8452944917e-02,4.2595100154e+02,5.6396345478e-02,1.600900e-01,1.427100e-01,1.6726175884e-01,1.5071108775e-01,0
7.8295176708e+00,3.7394205029e-01,4.7760547459e-02,4.3839077567e+02,5.5590436027e-02,1.600900e-01,1.427100e-01,1.6706249727e-01,1.5048991326e-01,0
8.0581764390e+00,3.7936318842e-01,4.7078044431e-02,4.5119384975e+02,5.4796043103e-02,1.600900e-01,1.427100e-01,1.6686866203e-01,1.5027470302e-01,0
8.2935131195e+00,3.8486291825e-01,4.6405294439e-02,4.6437083386e+02,5.4013002134e-02,1.600900e-01,1.427100e-01,1.6668011115e-01,1.5006530396e-01,0
8.5357227388e+00,3.9044237913e-01,4.5742158113e-02,4.7793264793e+02,5.3241150899e-02,1.600900e-01,1.427100e-01,1.6649670606e-01,1.4986156655e-01,0
8.7850060191e+00,3.9610272695e-01,4.5088498071e-02,4.9189053080e+02,5.2480329496e-02,1.600900e-01,1.427100e-01,1.6631831155e-01,1.4966334474e-01,0
9.0415695444e+00,4.0184513435e-01,4.4444178898e-02,5.0625604954e+02,5.1730380308e-02,1.600900e-01,1.427100e-01,1.6614479570e-01,1.4947049588e-01,0
9.3056259323e+00,4.0767079097e-01,4.3809067110e-02,5.2104110906e+02,5.0991147969e-02,1.600900e-01,1.427100e-01,1.6597602978e-01,1.4928288067e-01,0
9.5773940096e+00,4.1358090369e-01,4.3183031133e-02,5.3625796190e+02,5.0262479334e-02,1.600900e-01,1.427100e-01,1.6581188823e-01,1.4910036310e-01,0
9.8570989939e+00,4.1957669690e-01,4.2565941273e-02,5.5191921846e+02,4.9544223447e-02,1.600900e-01,1.427100e-01,1.6565224857e-01,1.4892281040e-01,0
1.0000000000e+01,4.2260711116e-01,4.2260711116e-02,5.5992053930e+02,4.9188953702e-02,1.600900e-01,1.427100e-01,1.6557407951e-01,1.4883585524e-01,1
1.0144972680e+01,4.2565941273e-01,4.1957669690e-02,5.6803785743e+02,4.8836231510e-02,1.600900e-01,1.427100e-01,1.6549699135e-01,1.4875009293e-01,0
1.0441253633e+01,4.3183031133e-01,4.1358090369e-02,5.8462723653e+02,4.8138356848e-02,1.600900e-01,1.427100e-01,1.6534600007e-01,1.4858208418e-01,0
1.0746187385e+01,4.3809067110e-01,4.0767079097e-02,6.0170110359e+02,4.7450454886e-02,1.600900e-01,1.427100e-01,1.6519916113e-01,1.4841866068e-01,0
1.1060026637e+01,4.4444178898e-01,4.0184513435e-02,6.1927360792e+02,4.6772383111e-02,1.600900e-01,1.427100e-01,1.6505636377e-01,1.4825970194e-01,0
1.1383031472e+01,4.5088498071e-01,3.9610272695e-02,6.3735931209e+02,4.6104001051e-02,1.600900e-01,1.427100e-01,1.6491749999e-01,1.4810509040e-01,0
1.1715469569e+01,4.5742158113e-01,3.9044237913e-02,6.5597320395e+02,4.5445170237e-02,1.600900e-01,1.427100e-01,1.6478246452e-01,1.4795471136e-01,0
1.2057616424e+01,4.6405294439e-01,3.8486291825e-02,6.7513070906e+02,4.4795754182e-02,1.600900e-01,1.427100e-01,1.6465115474e-01,1.4780845293e-01,0
1.2409755576e+01,4.7078044431e-01,3.7936318842e-02,6.9484770350e+02,4.4155618348e-02,1.600900e-01,1.427100e-01,1.6452347063e-01,1.4766620598e-01,0
1.2772178850e+01,4.7760547459e-01,3.7394205029e-02,7.1514052697e+02,4.3524630120e-02,1.600900e-01,1.427100e-01,1.6439931469e-01,1.4752786405e-01,0
1.3145186589e+01,4.8452944917e-01,3.6859838077e-02,7.3602599641e+02,4.2902658776e-02,1.600900e-01,1.427100e-01,1.6427859192e-01,1.4739332333e-01,0
1.3529087910e+01,4.9155380246e-01,3.6333107283e-02,7.5752141986e+02,4.2289575466e-02,1.600900e-01,1.427100e-01,1.6416120974e-01,1.4726248261e-01,0
1.3924200956e+01,4.9867998968e-01,3.5813903524e-02,7.7964461085e+02,4.1685253178e-02,1.600900e-01,1.427100e-01,1.6404707796e-01,1.4713524318e-01,0
1.4330853163e+01,5.0590948715e-01,3.5302119240e-02,8.0241390315e+02,4.1089566716e-02,1.600900e-01,1.427100e-01,1.6393610866e-01,1.4701150881e-01,0
1.4749381528e+01,5.1324379259e-01,3.4797648404e-02,8.2584816595e+02,4.0502392674e-02,1.600900e-01,1.427100e-01,1.6382821623e-01,1.4689118569e-01,0
1.5180132892e+01,5.2068442541e-01,3.4300386507e-02,8.4996681953e+02,3.9923609407e-02,1.600900e-01,1.427100e-01,1.6372331726e-01,1.4677418238e-01,0
1.5623464222e+01,5.2823292709e-01,3.3810230533e-02,8.7478985131e+02,3.9353097012e-02,1.600900e-01,1.427100e-01,1.6362133048e-01,1.4666040975e-01,0
1.6079742915e+01,5.3589086141e-01,3.3327078937e-02,9.0033783247e+02,3.8790737297e-02,1.600900e-01,1.427100e-01,1.6352217675e-01,1.4654978093e-01,0
1.6549347093e+01,5.4365981486e-01,3.2850831626e-02,9.2663193492e+02,3.8236413758e-02,1.600900e-01,1.427100e-01,1.6342577899e-01,1.4644221126e-01,0
1.7032665923e+01,5.5154139691e-01,3.2381389937e-02,9.5369394892e+02,3.7690011558e-02,1.600900e-01,1.427100e-01,1.6333206211e-01,1.4633761825e-01,0
1.7530099938e+01,5.5953724037e-01,3.1918656617e-02,9.8154630111e+02,3.7151417501e-02,1.600900e-01,1.427100e-01,1.6324095301e-01,1.4623592151e-01,0
1.8042061367e+01,5.6764900172e-01,3.1462535803e-02,1.0102120731e+03,3.6620520007e-02,1.600900e-01,1.427100e-01,1.6315238049e-01,1.4613704273e-01,0
1.8568974480e+01,5.7587836144e-01,3.1012933001e-02,1.0397150205e+03,3.6097209092e-02,1.600900e-01,1.427100e-01,1.6306627522e-01,1.4604090562e-01,0
1.9111275936e+01,5.8422702440e-01,3.0569755068e-02,1.0700795929e+03,3.5581376342e-02,1.600900e-01,1.427100e-01,1.6298256970e-01,1.4594743583e-01,0
1.9669415147e+01,5.9269672016e-01,3.0132910192e-02,1.1013309537e+03,3.5072914895e-02,1.600900e-01,1.427100e-01,1.6290119821e-01,1.4585656097e-01,0
2.0243854650e+01,6.0128920338e-01,2.9702307874e-02,1.1334950013e+03,3.4571719412e-02,1.600900e-01,1.427100e-01,1.6282209676e-01,1.4576821050e-01,0
2.0835070490e+01,6.1000625412e-01,2.9277858906e-02,1.1665983905e+03,3.4077686063e-02,1.600900e-01,1.427100e-01,1.6274520307e-01,1.4568231575e-01,0
2.1443552616e+01,6.1884967828e-01,2.8859475357e-02,1.2006685545e+03,3.3590712501e-02,1.600900e-01,1.427100e-01,1.6267045650e-01,1.4559880981e-01,0
2.2069805284e+01,6.2782130794e-01,2.8447070550e-02,1.2357337277e+03,3.3110697840e-02,1.600900e-01,1.427100e-01,1.6259779803e-01,1.4551762753e-01,0
2.2714347477e+01,6.3692300171e-01,2.8040559050e-02,1.2718229689e+03,3.2637542636e-02,1.600900e-01,1.427100e-01,1.6252717020e-01,1.4543870548e-01,0
2.3377713336e+01,6.4615664518e-01,2.7639856640e-02,1.3089661859e+03,3.2171148869e-02,1.600900e-01,1.427100e-01,1.6245851709e-01,1.4536198188e-01,0
2.4060452600e+01,6.5552415126e-01,2.7244880308e-02,1.3471941596e+03,3.1711419915e-02,1.600900e-01,1.427100e-01,1.6239178428e-01,1.4528739657e-01,0
2.4763131065e+01,6.6502746058e-01,2.6855548227e-02,1.3865385701e+03,3.1258260533e-02,1.600900e-01,1.427100e-01,1.6232691881e-01,1.4521489101e-01,0
2.5486331048e+01,6.7466854192e-01,2.6471779741e-02,1.4270320225e+03,3.0811576846e-02,1.600900e-01,1.427100e-01,1.6226386912e-01,1.4514440817e-01,0
2.6230651875e+01,6.8444939260e-01,2.6093495345e-02,1.4687080744e+03,3.0371276312e-02,1.600900e-01,1.427100e-01,1.6220258506e-01,1.4507589255e-01,0
2.6996710373e+01,6.9437203890e-01,2.5720616672e-02,1.5116012631e+03,2.9937267718e-02,1.600900e-01,1.427100e-01,1.6214301780e-01,1.4500929012e-01,0
2.7785141385e+01,7.0443853646e-01,2.5353066472e-02,1.5557471349e+03,2.9509461151e-02,1.600900e-01,1.427100e-01,1.6208511986e-01,1.4494454829e-01,0
2.8596598293e+01,7.1465097073e-01,2.4990768601e-02,1.6011822739e+03,2.9087767982e-02,1.600900e-01,1.427100e-01,1.6202884501e-01,1.4488161586e-01,0
2.9431753563e+01,7.2501145740e-01,2.4633648003e-02,1.6479443328e+03,2.8672100851e-02,1.600900e-01,1.427100e-01,1.6197414829e-01,1.4482044301e-01,0
3.0291299298e+01,7.3552214282e-01,2.4281630695e-02,1.6960720639e+03,2.8262373645e-02,1.600900e-01,1.427100e-01,1.6192098594e-01,1.4476098124e-01,0
3.1175947813e+01,7.4618520446e-01,2.3934643749e-02,1.7456053513e+03,2.7858501482e-02,1.600900e-01,1.427100e-01,1.6186931541e-01,1.4470318335e-01,0
3.2086432230e+01,7.5700285137e-01,2.3592615282e-02,1.7965852438e+03,2.7460400693e-02,1.600900e-01,1.427100e-01,1.6181909528e-01,1.4464700341e-01,0
3.3023507076e+01,7.6797732461e-01,2.3255474436e-02,1.8490539892e+03,2.7067988805e-02,1.600900e-01,1.427100e-01,1.6177028525e-01,1.4459239673e-01,0
3.3987948919e+01,7.7911089772e-01,2.2923151367e-02,1.9030550689e+03,2.6681184521e-02,1.600900e-01,1.427100e-01,1.6172284616e-01,1.4453931980e-01,0
3.4980557003e+01,7.9040587723e-01,2.2595577227e-02,1.9586332342e+03,2.6299907710e-02,1.600900e-01,1.427100e-01,1.6167673986e-01,1.4448773031e-01,0
3.6002153916e+01,8.0186460308e-01,2.2272684156e-02,2.0158345436e+03,2.5924079383e-02,1.600900e-01,1.427100e-01,1.6163192927e-01,1.4443758707e-01,0
3.7053586266e+01,8.1348944916e-01,2.1954405258e-02,2.0747064005e+03,2.5553621680e-02,1.600900e-01,1.427100e-01,1.6158837833e-01,1.4438885002e-01,0
3.8135725390e+01,8.2528282374e-01,2.1640674598e-02,2.1352975927e+03,2.5188457855e-02,1.600900e-01,1.427100e-01,1.6154605194e-01,1.4434148017e-01,0
3.9249468070e+01,8.3724717003e-01,2.1331427181e-02,2.1976583329e+03,2.4828512259e-02,1.600900e-01,1.427100e-01,1.6150491598e-01,1.4429543959e-01,0
4.0395737279e+01,8.4938496666e-01,2.1026598940e-02,2.2618403003e+03,2.4473710320e-02,1.600900e-01,1.427100e-01,1.6146493726e-01,1.4425069138e-01,0
4.1575482944e+01,8.6169872818e-01,2.0726126726e-02,2.3278966832e+03,2.4123978538e-02,1.600900e-01,1.427100e-01,1.6142608348e-01,1.4420719964e-01,0
4.2789682735e+01,8.7419100561e-01,2.0429948290e-02,2.3958822233e+03,2.3779244457e-02,1.600900e-01,1.427100e-01,1.6138832327e-01,1.4416492946e-01,0
4.4039342874e+01,8.8686438692e-01,2.0138002273e-02,2.4658532613e+03,2.3439436661e-02,1.600900e-01,1.427100e-01,1.6135162607e-01,1.4412384687e-01,0
4.5325498972e+01,8.9972149764e-01,1.9850228195e-02,2.5378677829e+03,2.3104484753e-02,1.600900e-01,1.427100e-01,1.6131596220e-01,1.4408391881e-01,0
4.6649216882e+01,9.1276500135e-01,1.9566566437e-02,2.6119854675e+03,2.2774319342e-02,1.600900e-01,1.427100e-01,1.6128130277e-01,1.4404511315e-01,0
4.8011593585e+01,9.2599760022e-01,1.9286958234e-02,2.6882677373e+03,2.2448872027e-02,1.600900e-01,1.427100e-01,1.6124761970e-01,1.4400739862e-01,0
4.9413758101e+01,9.3942203562e-01,1.9011345660e-02,2.7667778085e+03,2.2128075387e-02,1.600900e-01,1.427100e-01,1.6121488568e-01,1.4397074482e-01,0
5.0856872420e+01,9.5304108866e-01,1.8739671618e-02,2.8475807433e+03,2.1811862964e-02,1.600900e-01,1.427100e-01,1.6118307415e-01,1.4393512216e-01,0
5.2342132469e+01,9.6685758077e-01,1.8471879825e-02,2.9307435041e+03,2.1500169247e-02,1.600900e-01,1.427100e-01,1.6115215929e-01,1.4390050189e-01,0
5.3870769103e+01,9.8087437426e-01,1.8207914804e-02,3.0163350089e+03,2.1192929666e-02,1.600900e-01,1.427100e-01,1.6112211599e-01,1.4386685602e-01,0
5.5444049122e+01,9.9509437297e-01,1.7947721870e-02,3.1044261886e+03,2.0890080569e-02,1.600900e-01,1.427100e-01,1.6109291983e-01,1.4383415735e-01,0
5.7063276323e+01,1.0095205228e+00,1.7691247118e-02,3.1950900453e+03,2.0591559215e-02,1.600900e-01,1.427100e-01,1.6106454708e-01,1.4380237941e-01,0
5.8729792579e+01,1.0241558124e+00,1.7438437417e-02,3.2884017134e+03,2.0297303763e-02,1.600900e-01,1.427100e-01,1.6103697463e-01,1.4377149648e-01,0
6.0444978954e+01,1.0390032737e+00,1.7189240392e-02,3.3844385214e+03,2.0007253250e-02,1.600900e-01,1.427100e-01,1.6101018007e-01,1.4374148352e-01,0
6.2210256844e+01,1.0540659827e+00,1.6943604417e-02,3.4832800562e+03,1.9721347588e-02,1.600900e-01,1.427100e-01,1.6098414155e-01,1.4371231621e-01,0
6.4027089157e+01,1.0693470597e+00,1.6701478606e-02,3.5850082291e+03,1.9439527547e-02,1.600900e-01,1.427100e-01,1.6095883787e-01,1.4368397088e-01,0
6.5896981526e+01,1.0848496707e+00,1.6462812796e-02,3.6897073434e+03,1.9161734742e-02,1.600900e-01,1.427100e-01,1.6093424839e-01,1.4365642452e-01,0
6.7821483552e+01,1.1005770271e+00,1.6227557545e-02,3.7974641647e+03,1.8887911625e-02,1.600900e-01,1.427100e-01,1.6091035307e-01,1.4362965475e-01,0
6.9802190097e+01,1.1165323873e+00,1.5995664115e-02,3.9083679923e+03,1.8618001467e-02,1.600900e-01,1.427100e-01,1.6088713240e-01,1.4360363982e-01,0
7.1840742595e+01,1.1327190565e+00,1.5767084465e-02,4.0225107338e+03,1.8351948353e-02,1.600900e-01,1.427100e-01,1.6086456742e-01,1.4357835858e-01,0
7.3938830422e+01,1.1491403883e+00,1.5541771242e-02,4.1399869805e+03,1.8089697165e-02,1.600900e-01,1.427100e-01,1.6084263972e-01,1.4355379045e-01,0
7.6098192288e+01,1.1657997845e+00,1.5319677767e-02,4.2608940866e+03,1.7831193573e-02,1.600900e-01,1.427100e-01,1.6082133138e-01,1.4352991544e-01,0
7.8320617684e+01,1.1827006965e+00,1.5100758031e-02,4.3853322492e+03,1.7576384022e-02,1.600900e-01,1.427100e-01,1.6080062498e-01,1.4350671410e-01,0
8.0607948363e+01,1.1998466255e+00,1.4884966679e-02,4.5134045920e+03,1.7325215726e-02,1.600900e-01,1.427100e-01,1.6078050358e-01,1.4348416753e-01,0
8.2962079864e+01,1.2172411236e+00,1.4672259008e-02,4.6452172499e+03,1.7077636651e-02,1.600900e-01,1.427100e-01,1.6076095074e-01,1.4346225735e-01,0
8.5384963085e+01,1.2348877944e+00,1.4462590950e-02,4.7808794579e+03,1.6833595505e-02,1.600900e-01,1.427100e-01,1.6074195046e-01,1.4344096569e-01,0
8.7878605900e+01,1.2527902937e+00,1.4255919071e-02,4.9205036409e+03,1.6593041731e-02,1.600900e-01,1.427100e-01,1.6072348717e-01,1.4342027517e-01,0
9.0445074823e+01,1.2709523304e+00,1.4052200553e-02,5.0642055072e+03,1.6355925495e-02,1.600900e-01,1.427100e-01,1.6070554577e-01,1.4340016890e-01,0
9.3086496718e+01,1.2893776670e+00,1.3851393193e-02,5.2121041444e+03,1.6122197675e-02,1.600900e-01,1.427100e-01,1.6068811155e-01,1.4338063047e-01,0
9.5805060565e+01,1.3080701206e+00,1.3653455391e-02,5.3643221179e+03,1.5891809848e-02,1.600900e-01,1.427100e-01,1.6067117023e-01,1.4336164391e-01,0
9.8603019272e+01,1.3270335638e+00,1.3458346140e-02,5.5209855728e+03,1.5664714286e-02,1.600900e-01,1.427100e-01,1.6065470793e-01,1.4334319370e-01,0
1.0000000000e+02,1.3364010266e+00,1.3364010266e-02,5.5992053930e+03,1.5554912942e-02,1.600900e-01,1.427100e-01,1.6064683274e-01,1.4333436737e-01,1
1.0148269154e+02,1.3462719250e+00,1.3266025019e-02,5.6822243379e+03,1.5440863943e-02,1.600900e-01,1.427100e-01,1.6063871115e-01,1.4332526476e-01,0
1.0444646380e+02,1.3657891900e+00,1.3076452187e-02,5.8481720338e+03,1.5220212444e-02,1.600900e-01,1.427100e-01,1.6062316677e-01,1.4330784243e-01,0
1.0749679215e+02,1.3855894019e+00,1.2889588370e-02,6.0189661836e+03,1.5002714077e-02,1.600900e-01,1.427100e-01,1.6060806203e-01,1.4329091244e-01,0
1.1063620445e+02,1.4056766629e+00,1.2705394855e-02,6.1947483265e+03,1.4788323783e-02,1.600900e-01,1.427100e-01,1.6059338454e-01,1.4327446094e-01,0
1.1386730237e+02,1.4260551342e+00,1.2523833484e-02,6.3756641353e+03,1.4576997148e-02,1.600900e-01,1.427100e-01,1.6057912226e-01,1.4325847446e-01,0
1.1719276356e+02,1.4467290377e+00,1.2344866644e-02,6.5618635372e+03,1.4368690393e-02,1.600900e-01,1.427100e-01,1.6056526347e-01,1.4324293990e-01,0
1.2061534386e+02,1.4677026563e+00,1.2168457257e-02,6.7535008381e+03,1.4163360361e-02,1.600900e-01,1.427100e-01,1.6055179679e-01,1.4322784454e-01,0
1.2413787962e+02,1.4889803351e+00,1.1994568779e-02,6.9507348502e+03,1.3960964517e-02,1.600900e-01,1.427100e-01,1.6053871116e-01,1.4321317600e-01,0
1.2776329000e+02,1.5105664821e+00,1.1823165184e-02,7.1537290238e+03,1.3761460929e-02,1.600900e-01,1.427100e-01,1.6052599582e-01,1.4319892225e-01,0
1.3149457943e+02,1.5324655693e+00,1.1654210964e-02,7.3626515828e+03,1.3564808268e-02,1.600900e-01,1.427100e-01,1.6051364033e-01,1.4318507161e-01,0
1.3533484007e+02,1.5546821334e+00,1.1487671117e-02,7.5776756638e+03,1.3370965793e-02,1.600900e-01,1.427100e-01,1.6050163453e-01,1.4317161272e-01,0
1.3928725440e+02,1.5772207770e+00,1.1323511141e-02,7.7989794600e+03,1.3179893347e-02,1.600900e-01,1.427100e-01,1.6048996855e-01,1.4315853452e-01,0
1.4335509783e+02,1.6000861693e+00,1.1161697028e-02,8.0267463688e+03,1.2991551345e-02,1.600900e-01,1.427100e-01,1.6047863278e-01,1.4314582628e-01,0
1.4754174143e+02,1.6232830474e+00,1.1002195254e-02,8.2611651433e+03,1.2805900769e-02,1.600900e-01,1.427100e-01,1.6046761792e-01,1.4313347757e-01,0
1.5185065474e+02,1.6468162168e+00,1.0844972777e-02,8.5024300495e+03,1.2622903158e-02,1.600900e-01,1.427100e-01,1.6045691489e-01,1.4312147824e-01,0
1.5628540859e+02,1.6706905529e+00,1.0689997025e-02,8.7507410265e+03,1.2442520602e-02,1.600900e-01,1.427100e-01,1.6044651488e-01,1.4310981845e-01,0
1.6084967813e+02,1.6949110016e+00,1.0537235892e-02,9.0063038528e+03,1.2264715731e-02,1.600900e-01,1.427100e-01,1.6043640933e-01,1.4309848860e-01,0
1.6554724583e+02,1.7194825807e+00,1.0386657731e-02,9.2693303165e+03,1.2089451709e-02,1.600900e-01,1.427100e-01,1.6042658994e-01,1.4308747939e-01,0
1.7038200461e+02,1.7444103806e+00,1.0238231347e-02,9.5400383909e+03,1.1916692228e-02,1.600900e-01,1.427100e-01,1.6041704860e-01,1.4307678177e-01,0
1.7535796111e+02,1.7696995654e+00,1.0091925991e-02,9.8186524154e+03,1.1746401497e-02,1.600900e-01,1.427100e-01,1.6040777746e-01,1.4306638693e-01,0
1.8047923895e+02,1.7953553743e+00,9.9477113531e-03,1.0105403281e+04,1.1578544238e-02,1.600900e-01,1.427100e-01,1.6039876889e-01,1.4305628634e-01,0
1.8575008222e+02,1.8213831224e+00,9.8055575570e-03,1.0400528621e+04,1.1413085676e-02,1.600900e-01,1.427100e-01,1.6039001546e-01,1.4304647168e-01,0
1.9117485891e+02,1.8477882017e+00,9.6654351530e-03,1.0704273010e+04,1.1249991533e-02,1.600900e-01,1.427100e-01,1.6038150996e-01,1.4303693487e-01,0
1.9675806462e+02,1.8745760825e+00,9.5273151122e-03,1.1016888165e+04,1.1089228023e-02,1.600900e-01,1.427100e-01,1.6037324538e-01,1.4302766807e-01,0
2.0250432622e+02,1.9017523144e+00,9.3911688207e-03,1.1338633155e+04,1.0930761838e-02,1.600900e-01,1.427100e-01,1.6036521491e-01,1.4301866365e-01,0
2.0841840570e+02,1.9293225274e+00,9.2569680735e-03,1.1669774612e+04,1.0774560152e-02,1.600900e-01,1.427100e-01,1.6035741192e-01,1.4300991419e-01,0
2.1450520413e+02,1.9572924332e+00,9.1246850684e-03,1.2010586958e+04,1.0620590603e-02,1.600900e-01,1.427100e-01,1.6034982999e-01,1.4300141250e-01,0
2.2076976574e+02,1.9856678263e+00,8.9942924007e-03,1.2361352629e+04,1.0468821295e-02,1.600900e-01,1.427100e-01,1.6034246286e-01,1.4299315157e-01,0
2.2721728202e+02,2.0144545849e+00,8.8657630574e-03,1.2722362309e+04,1.0319220786e-02,1.600900e-01,1.427100e-01,1.6033530445e-01,1.4298512459e-01,0
2.3385309613e+02,2.0436586730e+00,8.7390704113e-03,1.3093915170e+04,1.0171758082e-02,1.600900e-01,1.427100e-01,1.6032834887e-01,1.4297732496e-01,0
2.4068270725e+02,2.0732861405e+00,8.6141882159e-03,1.3476319124e+04,1.0026402636e-02,1.600900e-01,1.427100e-01,1.6032159037e-01,1.4296974624e-01,0
2.4771177515e+02,2.1033431254e+00,8.4910905996e-03,1.3869891074e+04,9.8831243335e-03,1.600900e-01,1.427100e-01,1.6031502337e-01,1.4296238218e-01,0
2.5494612493e+02,2.1338358545e+00,8.3697520607e-03,1.4274957176e+04,9.7418934925e-03,1.600900e-01,1.427100e-01,1.6030864247e-01,1.4295522673e-01,0
2.6239175176e+02,2.1647706448e+00,8.2501474616e-03,1.4691853116e+04,9.6026808543e-03,1.600900e-01,1.427100e-01,1.6030244238e-01,1.4294827398e-01,0
2.7005482595e+02,2.1961539050e+00,8.1322520244e-03,1.5120924379e+04,9.4654575788e-03,1.600900e-01,1.427100e-01,1.6029641800e-01,1.4294151819e-01,0
2.7794169797e+02,2.2279921368e+00,8.0160413248e-03,1.5562526542e+04,9.3301952377e-03,1.600900e-01,1.427100e-01,1.6029056435e-01,1.4293495380e-01,0
2.8605890378e+02,2.2602919360e+00,7.9014912877e-03,1.6017025568e+04,9.1968658090e-03,1.600900e-01,1.427100e-01,1.6028487659e-01,1.4292857540e-01,0
2.9441317020e+02,2.2930599940e+00,7.7885781823e-03,1.6484798104e+04,9.0654416713e-03,1.600900e-01,1.427100e-01,1.6027935004e-01,1.4292237771e-01,0
3.0301142053e+02,2.3263030993e+00,7.6772786164e-03,1.6966231800e+04,8.9358955978e-03,1.600900e-01,1.427100e-01,1.6027398013e-01,1.4291635563e-01,0
3.1186078023e+02,2.3600281389e+00,7.5675695326e-03,1.7461725625e+04,8.8082007507e-03,1.600900e-01,1.427100e-01,1.6026876242e-01,1.4291050419e-01,0
3.2096858289e+02,2.3942420994e+00,7.4594282026e-03,1.7971690203e+04,8.6823306757e-03,1.600900e-01,1.427100e-01,1.6026369261e-01,1.4290481857e-01,0
3.3034237626e+02,2.4289520688e+00,7.3528322231e-03,1.8496548147e+04,8.5582592969e-03,1.600900e-01,1.427100e-01,1.6025876650e-01,1.4289929406e-01,0
3.3998992851e+02,2.4641652380e+00,7.2477595109e-03,1.9036734413e+04,8.4359609105e-03,1.600900e-01,1.427100e-01,1.6025398004e-01,1.4289392611e-01,0
3.4991923470e+02,2.4998889019e+00,7.1441882983e-03,1.9592696661e+04,8.3154101803e-03,1.600900e-01,1.427100e-01,1.6024932925e-01,1.4288871028e-01,0
3.6013852337e+02,2.5361304614e+00,7.0420971287e-03,2.0164895623e+04,8.1965821322e-03,1.600900e-01,1.427100e-01,1.6024481031e-01,1.4288364228e-01,0
3.7065626337e+02,2.5728974244e+00,6.9414648522e-03,2.0753805488e+04,8.0794521489e-03,1.600900e-01,1.427100e-01,1.6024041948e-01,1.4287871792e-01,0
3.8148117087e+02,2.6101974080e+00,6.8422706211e-03,2.1359914293e+04,7.9639959648e-03,1.600900e-01,1.427100e-01,1.6023615312e-01,1.4287393313e-01,0
3.9262221663e+02,2.6480381394e+00,6.7444938856e-03,2.1983724328e+04,7.8501896612e-03,1.600900e-01,1.427100e-01,1.6023200772e-01,1.4286928395e-01,0
4.0408863337e+02,2.6864274581e+00,6.6481143894e-03,2.2625752552e+04,7.7380096612e-03,1.600900e-01,1.427100e-01,1.6022797984e-01,1.4286476656e-01,0
4.1588992344e+02,2.7253733170e+00,6.5531121659e-03,2.3286531022e+04,7.6274327246e-03,1.600900e-01,1.427100e-01,1.6022406617e-01,1.4286037722e-01,0
4.2803586673e+02,2.7648837844e+00,6.4594675337e-03,2.3966607334e+04,7.5184359436e-03,1.600900e-01,1.427100e-01,1.6022026345e-01,1.4285611230e-01,0
4.4053652874e+02,2.8049670457e+00,6.3671610928e-03,2.4666545075e+04,7.4109967375e-03,1.600900e-01,1.427100e-01,1.6021656856e-01,1.4285196828e-01,0
4.5340226891e+02,2.8456314048e+00,6.2761737202e-03,2.5386924293e+04,7.3050928485e-03,1.600900e-01,1.427100e-01,1.6021297843e-01,1.4284794173e-01,0
4.6664374925e+02,2.8868852860e+00,6.1864865663e-03,2.6128341974e+04,7.2007023367e-03,1.600900e-01,1.427100e-01,1.6020949009e-01,1.4284402933e-01,0
4.8027194314e+02,2.9287372357e+00,6.0980810508e-03,2.6891412542e+04,7.0978035759e-03,1.600900e-01,1.427100e-01,1.6020610067e-01,1.4284022785e-01,0
4.9429814445e+02,2.9711959244e+00,6.0109388591e-03,2.7676768361e+04,6.9963752487e-03,1.600900e-01,1.427100e-01,1.6020280736e-01,1.4283653414e-01,0
5.0873397684e+02,3.0142701481e+00,5.9250419380e-03,2.8485060268e+04,6.8963963425e-03,1.600900e-01,1.427100e-01,1.6019960743e-01,1.4283294516e-01,0
5.2359140350e+02,3.0579688303e+00,5.8403724926e-03,2.9316958102e+04,6.7978461449e-03,1.600900e-01,1.427100e-01,1.6019649825e-01,1.4282945792e-01,0
5.3888273694e+02,3.1023010241e+00,5.7569129821e-03,3.0173151269e+04,6.7007042396e-03,1.600900e-01,1.427100e-01,1.6019347723e-01,1.4282606956e-01,0
5.5462064929e+02,3.1472759136e+00,5.6746461164e-03,3.1054349306e+04,6.6049505018e-03,1.600900e-01,1.427100e-01,1.6019054188e-01,1.4282277728e-01,0
5.7081818276e+02,3.1929028160e+00,5.5935548525e-03,3.1961282473e+04,6.5105650946e-03,1.600900e-01,1.427100e-01,1.6018768978e-01,1.4281957834e-01,0
5.8748876044e+02,3.2391911839e+00,5.5136223908e-03,3.2894702358e+04,6.4175284644e-03,1.600900e-01,1.427100e-01,1.6018491855e-01,1.4281647010e-01,0
6.0464619746e+02,3.2861506067e+00,5.4348321722e-03,3.3855382497e+04,6.3258213370e-03,1.600900e-01,1.427100e-01,1.6018222592e-01,1.4281345000e-01,0
6.2230471240e+02,3.3337908129e+00,5.3571678736e-03,3.4844119018e+04,6.2354247136e-03,1.600900e-01,1.427100e-01,1.6017960965e-01,1.4281051554e-01,0
6.4047893909e+02,3.3821216718e+00,5.2806134057e-03,3.5861731298e+04,6.1463198671e-03,1.600900e-01,1.427100e-01,1.6017706758e-01,1.4280766428e-01,0
6.5918393874e+02,3.4311531962e+00,5.2051529089e-03,3.6909062648e+04,6.0584883379e-03,1.600900e-01,1.427100e-01,1.6017459760e-01,1.4280489388e-01,0
6.7843521242e+02,3.4808955437e+00,5.1307707501e-03,3.7986981002e+04,5.9719119300e-03,1.600900e-01,1.427100e-01,1.6017219768e-01,1.4280220204e-01,0
6.9824871391e+02,3.5313590194e+00,5.0574515199e-03,3.9096379646e+04,5.8865727077e-03,1.600900e-01,1.427100e-01,1.6016986582e-01,1.4279958654e-01,0
7.1864086289e+02,3.5825540776e+00,4.9851800288e-03,4.0238177952e+04,5.8024529914e-03,1.600900e-01,1.427100e-01,1.6016760009e-01,1.4279704521e-01,0
7.3962855862e+02,3.6344913243e+00,4.9139413047e-03,4.1413322142e+04,5.7195353544e-03,1.600900e-01,1.427100e-01,1.6016539863e-01,1.4279457594e-01,0
7.6122919384e+02,3.6871815192e+00,4.8437205890e-03,4.2622786075e+04,5.6378026187e-03,1.600900e-01,1.427100e-01,1.6016325961e-01,1.4279217671e-01,0
7.8346066928e+02,3.7406355779e+00,4.7745033345e-03,4.3867572047e+04,5.5572378521e-03,1.600900e-01,1.427100e-01,1.6016118126e-01,1.4278984551e-01,0
8.0634140844e+02,3.7948645745e+00,4.7062752015e-03,4.5148711628e+04,5.4778243641e-03,1.600900e-01,1.427100e-01,1.6015916186e-01,1.4278758043e-01,0
8.2989037289e+02,3.8498797434e+00,4.6390220554e-03,4.6467266515e+04,5.3995457028e-03,1.600900e-01,1.427100e-01,1.6015719973e-01,1.4278537959e-01,0
8.5412707794e+02,3.9056924819e+00,4.5727299635e-03,4.7824329411e+04,5.3223856515e-03,1.600900e-01,1.427100e-01,1.6015529326e-01,1.4278324117e-01,0
8.7907160885e+02,3.9623143526e+00,4.5073851922e-03,4.9221024931e+04,5.2463282250e-03,1.600900e-01,1.427100e-01,1.6015344087e-01,1.4278116340e-01,0
9.0474463747e+02,4.0197570858e+00,4.4429742043e-03,5.0658510534e+04,5.1713576669e-03,1.600900e-01,1.427100e-01,1.6015164101e-01,1.4277914455e-01,0
9.3116743937e+02,4.0780325817e+00,4.3794836560e-03,5.2137977483e+04,5.0974584455e-03,1.600900e-01,1.427100e-01,1.6014989222e-01,1.4277718297e-01,0
9.5836191146e+02,4.1371529131e+00,4.3169003939e-03,5.3660651831e+04,5.0246152515e-03,1.600900e-01,1.427100e-01,1.6014819302e-01,1.4277527702e-01,0
9.8635059012e+02,4.1971303277e+00,4.2552114529e-03,5.5227795436e+04,4.9528129940e-03,1.600900e-01,1.427100e-01,1.6014654203e-01,1.4277342513e-01,0
1.0151566699e+03,4.2579772510e+00,4.1944040532e-03,5.6840707011e+04,4.8820367980e-03,1.600900e-01,1.427100e-01,1.6014493787e-01,1.4277162577e-01,0
1.0448040229e+03,4.3197062885e+00,4.1344655973e-03,5.8500723196e+04,4.8122720010e-03,1.600900e-01,1.427100e-01,1.6014337921e-01,1.4276987745e-01,0
1.0753172181e+03,4.3823302284e+00,4.0753836679e-03,6.0209219667e+04,4.7435041499e-03,1.600900e-01,1.427100e-01,1.6014186477e-01,1.4276817871e-01,0
1.1067215422e+03,4.4458620443e+00,4.0171460253e-03,6.1967612276e+04,4.6757189984e-03,1.600900e-01,1.427100e-01,1.6014039329e-01,1.4276652816e-01,0
1.1390430204e+03,4.5103148979e+00,3.9597406044e-03,6.3777358226e+04,4.6089025035e-03,1.600900e-01,1.427100e-01,1.6013896355e-01,1.4276492442e-01,0
1.1723084379e+03,4.5757021419e+00,3.9031555128e-03,6.5639957275e+04,4.5430408230e-03,1.600900e-01,1.427100e-01,1.6013757436e-01,1.4276336618e-01,0
1.2065453621e+03,4.6420373223e+00,3.8473790278e-03,6.7556952984e+04,4.4781203126e-03,1.600900e-01,1.427100e-01,1.6013622459e-01,1.4276185214e-01,0
1.2417821657e+03,4.7093341815e+00,3.7923995944e-03,6.9529933991e+04,4.4141275228e-03,1.600900e-01,1.427100e-01,1.6013491310e-01,1.4276038104e-01,0
1.2780480498e+03,4.7776066614e+00,3.7382058227e-03,7.1560535330e+04,4.3510491964e-03,1.600900e-01,1.427100e-01,1.6013363882e-01,1.4275895167e-01,0
1.3153730684e+03,4.8468689057e+00,3.6847864854e-03,7.3650439785e+04,4.2888722656e-03,1.600900e-01,1.427100e-01,1.6013240069e-01,1.4275756285e-01,0
1.3537881533e+03,4.9171352633e+00,3.6321305158e-03,7.5801379287e+04,4.2275838494e-03,1.600900e-01,1.427100e-01,1.6013119769e-01,1.4275621343e-01,0
1.3933251394e+03,4.9884202912e+00,3.5802270053e-03,7.8015136347e+04,4.1671712509e-03,1.600900e-01,1.427100e-01,1.6013002881e-01,1.4275490228e-01,0
1.4340167916e+03,5.0607387572e+00,3.5290652011e-03,8.0293545533e+04,4.1076219544e-03,1.600900e-01,1.427100e-01,1.6012889309e-01,1.4275362833e-01,0
1.4758968316e+03,5.1341056433e+00,3.4786345044e-03,8.2638494991e+04,4.0489236234e-03,1.600900e-01,1.427100e-01,1.6012778959e-01,1.4275239052e-01,0
1.5189999659e+03,5.2085361489e+00,3.4289244673e-03,8.5051928011e+04,3.9910640975e-03,1.600900e-01,1.427100e-01,1.6012671739e-01,1.4275118782e-01,0
1.5633619146e+03,5.2840456935e+00,3.3799247917e-03,8.7535844635e+04,3.9340313900e-03,1.600900e-01,1.427100e-01,1.6012567562e-01,1.4275001924e-01,0
1.6090194410e+03,5.3606499202e+00,3.3316253264e-03,9.0092303315e+04,3.8778136856e-03,1.600900e-01,1.427100e-01,1.6012466339e-01,1.4274888380e-01,0
1.6560103821e+03,5.4383646989e+00,3.2840160653e-03,9.2723422621e+04,3.8223993379e-03,1.600900e-01,1.427100e-01,1.6012367989e-01,1.4274778058e-01,0
1.7043736798e+03,5.5172061296e+00,3.2370871453e-03,9.5431382996e+04,3.7677768668e-03,1.600900e-01,1.427100e-01,1.6012272429e-01,1.4274670866e-01,0
1.7541494134e+03,5.5971905456e+00,3.1908288443e-03,9.8218428559e+04,3.7139349563e-03,1.600900e-01,1.427100e-01,1.6012179580e-01,1.4274566715e-01,0
1.8053788328e+03,5.6783345172e+00,3.1452315791e-03,1.0108686897e+05,3.6608624521e-03,1.600900e-01,1.427100e-01,1.6012089365e-01,1.4274465518e-01,0
1.8581043924e+03,5.7606548546e+00,3.1002859034e-03,1.0403908134e+05,3.6085483594e-03,1.600900e-01,1.427100e-01,1.6012001709e-01,1.4274367192e-01,0
1.9123697864e+03,5.8441686121e+00,3.0559825059e-03,1.0707751221e+05,3.5569818403e-03,1.600900e-01,1.427100e-01,1.6011916540e-01,1.4274271655e-01,0
1.9682199854e+03,5.9288930908e+00,3.0123122084e-03,1.1020467957e+05,3.5061522119e-03,1.600900e-01,1.427100e-01,1.6011833788e-01,1.4274178829e-01,0
2.0257012730e+03,6.0148458431e+00,2.9692659639e-03,1.1342317493e+05,3.4560489440e-03,1.600900e-01,1.427100e-01,1.6011753383e-01,1.4274088637e-01,0
2.0848612849e+03,6.1020446754e+00,2.9268348545e-03,1.1673566550e+05,3.4066616569e-03,1.600900e-01,1.427100e-01,1.6011675260e-01,1.4274001003e-01,0
2.1457490475e+03,6.1905076526e+00,2.8850100900e-03,1.2014489639e+05,3.3579801191e-03,1.600900e-01,1.427100e-01,1.6011599353e-01,1.4273915855e-01,0
2.2084150194e+03,6.2802531013e+00,2.8437830056e-03,1.2365369286e+05,3.3099942454e-03,1.600900e-01,1.427100e-01,1.6011525599e-01,1.4273833123e-01,0
2.2729111326e+03,6.3712996138e+00,2.8031450603e-03,1.2726496271e+05,3.2626940946e-03,1.600900e-01,1.427100e-01,1.6011453938e-01,1.4273752738e-01,0
2.3392908359e+03,6.4636660520e+00,2.7630878354e-03,1.3098169864e+05,3.2160698677e-03,1.600900e-01,1.427100e-01,1.6011384311e-01,1.4273674634e-01,0
2.4076091389e+03,6.5573715512e+00,2.7236030322e-03,1.3480698075e+05,3.1701119057e-03,1.600900e-01,1.427100e-01,1.6011316658e-01,1.4273598745e-01,0
2.4779226580e+03,6.6524355241e+00,2.6846824709e-03,1.3874397910e+05,3.1248106877e-03,1.600900e-01,1.427100e-01,1.6011250926e-01,1.4273525010e-01,0
2.5502896628e+03,6.7488776649e+00,2.6463180882e-03,1.4279595634e+05,3.0801568285e-03,1.600900e-01,1.427100e-01,1.6011187058e-01,1.4273453366e-01,0
2.6247701248e+03,6.8467179533e+00,2.6085019365e-03,1.4696627038e+05,3.0361410776e-03,1.600900e-01,1.427100e-01,1.6011125002e-01,1.4273383755e-01,0
2.7014257668e+03,6.9459766586e+00,2.5712261814e-03,1.5125837722e+05,2.9927543161e-03,1.600900e-01,1.427100e-01,1.6011064707e-01,1.4273316119e-01,0
2.7803201143e+03,7.0466743439e+00,2.5344831006e-03,1.5567583378e+05,2.9499875558e-03,1.600900e-01,1.427100e-01,1.6011006122e-01,1.4273250402e-01,0
2.8615185482e+03,7.1488318706e+00,2.4982650821e-03,1.6022230087e+05,2.9078319369e-03,1.600900e-01,1.427100e-01,1.6010949200e-01,1.4273186550e-01,0
2.9450883585e+03,7.2524704023e+00,2.4625646227e-03,1.6490154620e+05,2.8662787259e-03,1.600900e-01,1.427100e-01,1.6010893893e-01,1.4273124509e-01,0
3.0310988006e+03,7.3576114096e+00,2.4273743265e-03,1.6971744751e+05,2.8253193146e-03,1.600900e-01,1.427100e-01,1.6010840155e-01,1.4273064228e-01,0
3.1196211525e+03,7.4642766743e+00,2.3926869031e-03,1.7467399581e+05,2.7849452173e-03,1.600900e-01,1.427100e-01,1.6010787941e-01,1.4273005658e-01,0
3.2107287737e+03,7.5724882939e+00,2.3584951666e-03,1.7977529865e+05,2.7451480699e-03,1.600900e-01,1.427100e-01,1.6010737210e-01,1.4272948749e-01,0
3.3044971662e+03,7.6822686863e+00,2.3247920334e-03,1.8502558354e+05,2.7059196278e-03,1.600900e-01,1.427100e-01,1.6010687917e-01,1.4272893455e-01,0
3.4010040372e+03,7.7936405945e+00,2.2915705213e-03,1.9042920147e+05,2.6672517641e-03,1.600900e-01,1.427100e-01,1.6010640023e-01,1.4272839730e-01,0
3.5003293631e+03,7.9066270911e+00,2.2588237480e-03,1.9599063047e+05,2.6291364681e-03,1.600900e-01,1.427100e-01,1.6010593488e-01,1.4272787529e-01,0
3.6025554560e+03,8.0212515833e+00,2.2265449294e-03,2.0171447938e+05,2.5915658434e-03,1.600900e-01,1.427100e-01,1.6010548274e-01,1.4272736809e-01,0
3.7077670319e+03,8.1375378174e+00,2.1947273783e-03,2.0760549161e+05,2.5545321068e-03,1.600900e-01,1.427100e-01,1.6010504342e-01,1.4272687528e-01,0
3.8160512811e+03,8.2555098842e+00,2.1633645033e-03,2.1366854913e+05,2.5180275860e-03,1.600900e-01,1.427100e-01,1.6010461657e-01,1.4272639646e-01,0
3.9274979400e+03,8.3751922237e+00,2.1324498069e-03,2.1990867647e+05,2.4820447184e-03,1.600900e-01,1.427100e-01,1.6010420183e-01,1.4272593122e-01,0
4.0421993660e+03,8.4966096302e+00,2.1019768846e-03,2.2633104490e+05,2.4465760497e-03,1.600900e-01,1.427100e-01,1.6010379885e-01,1.4272547918e-01,0
4.1602506134e+03,8.6197872573e+00,2.0719394234e-03,2.3294097671e+05,2.4116142318e-03,1.600900e-01,1.427100e-01,1.6010340731e-01,1.4272503996e-01,0
4.2817495130e+03,8.7447506235e+00,2.0423312006e-03,2.3974394965e+05,2.3771520218e-03,1.600900e-01,1.427100e-01,1.6010302688e-01,1.4272461321e-01,0
4.4067967522e+03,8.8715256172e+00,2.0131460823e-03,2.4674560141e+05,2.3431822802e-03,1.600900e-01,1.427100e-01,1.6010265725e-01,1.4272419857e-01,0
4.5354959595e+03,9.0001385019e+00,1.9843780222e-03,2.5395173436e+05,2.3096979697e-03,1.600900e-01,1.427100e-01,1.6010229810e-01,1.4272379569e-01,0
4.6679537893e+03,9.1306159220e+00,1.9560210606e-03,2.6136832032e+05,2.2766921533e-03,1.600900e-01,1.427100e-01,1.6010194914e-01,1.4272340424e-01,0
4.8042800113e+03,9.2629849083e+00,1.9280693229e-03,2.6900150549e+05,2.2441579934e-03,1.600900e-01,1.427100e-01,1.6010161008e-01,1.4272302390e-01,0
4.9445876006e+03,9.3972728832e+00,1.9005170183e-03,2.7685761559e+05,2.2120887499e-03,1.600900e-01,1.427100e-01,1.6010128065e-01,1.4272265435e-01,0
5.0889928319e+03,9.5335076670e+00,1.8733584389e-03,2.8494316109e+05,2.1804777791e-03,1.600900e-01,1.427100e-01,1.6010096056e-01,1.4272229529e-01,0
5.2376153756e+03,9.6717174829e+00,1.8465879583e-03,2.9326484258e+05,2.1493185322e-03,1.600900e-01,1.427100e-01,1.6010064955e-01,1.4272194641e-01,0
5.3905783972e+03,9.8119309635e+00,1.8202000306e-03,3.0182955633e+05,2.1186045542e-03,1.600900e-01,1.427100e-01,1.6010034737e-01,1.4272160743e-01,0
5.5480086590e+03,9.9541771566e+00,1.7941891890e-03,3.1064440004e+05,2.0883294820e-03,1.600900e-01,1.427100e-01,1.6010005376e-01,1.4272127807e-01,0
5.7100366254e+03,1.0098485531e+01,1.7685500450e-03,3.1971667867e+05,2.0584870435e-03,1.600900e-01,1.427100e-01,1.6009976849e-01,1.4272095806e-01,0
5.8767965710e+03,1.0244885982e+01,1.7432772869e-03,3.2905391054e+05,2.0290710566e-03,1.600900e-01,1.427100e-01,1.6009949130e-01,1.4272064712e-01,0
6.0484266920e+03,1.0393408840e+01,1.7183656791e-03,3.3866383353e+05,2.0000754270e-03,1.600900e-01,1.427100e-01,1.6009922199e-01,1.4272034501e-01,0
6.2250692204e+03,1.0544084874e+01,1.6938100607e-03,3.4855441151e+05,1.9714941480e-03,1.600900e-01,1.427100e-01,1.6009896031e-01,1.4272005147e-01,0
6.4068705420e+03,1.0696945298e+01,1.6696053445e-03,3.5873384091e+05,1.9433212982e-03,1.600900e-01,1.427100e-01,1.6009870606e-01,1.4271976626e-01,0
6.5939813179e+03,1.0852021782e+01,1.6457465161e-03,3.6921055757e+05,1.9155510414e-03,1.600900e-01,1.427100e-01,1.6009845902e-01,1.4271948914e-01,0
6.7865566092e+03,1.1009346450e+01,1.6222286328e-03,3.7999324366e+05,1.8881776243e-03,1.600900e-01,1.427100e-01,1.6009821900e-01,1.4271921989e-01,0
6.9847560054e+03,1.1168951896e+01,1.5990468225e-03,3.9109083495e+05,1.8611953761e-03,1.600900e-01,1.427100e-01,1.6009798578e-01,1.4271895827e-01,0
7.1887437569e+03,1.1330871185e+01,1.5761962825e-03,4.0251252813e+05,1.8345987069e-03,1.600900e-01,1.427100e-01,1.6009775918e-01,1.4271870408e-01,0
7.3986889108e+03,1.1495137862e+01,1.5536722790e-03,4.1426778851e+05,1.8083821068e-03,1.600900e-01,1.427100e-01,1.6009753901e-01,1.4271845710e-01,0
7.6147654515e+03,1.1661785957e+01,1.5314701459e-03,4.2636635782e+05,1.7825401445e-03,1.600900e-01,1.427100e-01,1.6009732509e-01,1.4271821713e-01,0
7.8371524441e+03,1.1830849993e+01,1.5095852834e-03,4.3881826231e+05,1.7570674665e-03,1.600900e-01,1.427100e-01,1.6009711724e-01,1.4271798397e-01,0
8.0660341837e+03,1.2002364997e+01,1.4880131578e-03,4.5163382101e+05,1.7319587956e-03,1.600900e-01,1.427100e-01,1.6009691528e-01,1.4271775742e-01,0
8.3016003473e+03,1.2176366499e+01,1.4667493001e-03,4.6482365435e+05,1.7072089302e-03,1.600900e-01,1.427100e-01,1.6009671906e-01,1.4271753730e-01,0
8.5440461518e+03,1.2352890548e+01,1.4457893050e-03,4.7839869291e+05,1.6828127428e-03,1.600900e-01,1.427100e-01,1.6009652840e-01,1.4271732343e-01,0
8.7935725148e+03,1.2531973713e+01,1.4251288304e-03,4.9237018649e+05,1.6587651794e-03,1.600900e-01,1.427100e-01,1.6009634316e-01,1.4271711562e-01,0
9.0503862222e+03,1.2713653095e+01,1.4047635960e-03,5.0674971344e+05,1.6350612581e-03,1.600900e-01,1.427100e-01,1.6009616317e-01,1.4271691372e-01,0
9.3147000985e+03,1.2897966331e+01,1.3846893829e-03,5.2154919026e+05,1.6116960682e-03,1.600900e-01,1.427100e-01,1.6009598828e-01,1.4271671754e-01,0
9.5867331842e+03,1.3084951606e+01,1.3649020323e-03,5.3678088146e+05,1.5886647693e-03,1.600900e-01,1.427100e-01,1.6009581836e-01,1.4271652693e-01,0
9.8667109164e+03,1.3274647657e+01,1.3453974449e-03,5.5245740974e+05,1.5659625899e-03,1.600900e-01,1.427100e-01,1.6009565326e-01,1.4271634172e-01,0
1.0154865316e+04,1.3467093782e+01,1.3261715801e-03,5.6859176643e+05,1.5435848269e-03,1.600900e-01,1.427100e-01,1.6009549285e-01,1.4271616177e-01,0
1.0451435181e+04,1.3662329850e+01,1.3072204548e-03,5.8519732228e+05,1.5215268445e-03,1.600900e-01,1.427100e-01,1.6009533699e-01,1.4271598693e-01,0
1.0756666281e+04,1.3860396308e+01,1.2885401430e-03,6.0228783852e+05,1.4997840728e-03,1.600900e-01,1.427100e-01,1.6009518555e-01,1.4271581705e-01,0
1.1070811566e+04,1.4061334188e+01,1.2701267747e-03,6.1987747828e+05,1.4783520075e-03,1.600900e-01,1.427100e-01,1.6009503841e-01,1.4271565199e-01,0
1.1394131373e+04,1.4265185119e+01,1.2519765353e-03,6.3798081830e+05,1.4572262086e-03,1.600900e-01,1.427100e-01,1.6009489544e-01,1.4271549161e-01,0
1.1726893639e+04,1.4471991331e+01,1.2340856646e-03,6.5661286107e+05,1.4364022994e-03,1.600900e-01,1.427100e-01,1.6009475653e-01,1.4271533578e-01,0
1.2069374130e+04,1.4681795668e+01,1.2164504563e-03,6.7578904718e+05,1.4158759660e-03,1.600900e-01,1.427100e-01,1.6009462156e-01,1.4271518438e-01,0
1.2421856663e+04,1.4894641595e+01,1.1990672569e-03,6.9552526819e+05,1.3956429560e-03,1.600900e-01,1.427100e-01,1.6009449042e-01,1.4271503727e-01,0
1.2784633345e+04,1.5110573206e+01,1.1819324652e-03,7.1583787974e+05,1.3756990778e-03,1.600900e-01,1.427100e-01,1.6009436300e-01,1.4271489433e-01,0
1.3158004814e+04,1.5329635236e+01,1.1650425313e-03,7.3674371516e+05,1.3560401996e-03,1.600900e-01,1.427100e-01,1.6009423920e-01,1.4271475545e-01,0
1.3542280487e+04,1.5551873067e+01,1.1483939564e-03,7.5826009938e+05,1.3366622487e-03,1.600900e-01,1.427100e-01,1.6009411891e-01,1.4271462051e-01,0
1.3937778819e+04,1.5777332739e+01,1.1319832912e-03,7.8040486329e+05,1.3175612107e-03,1.600900e-01,1.427100e-01,1.6009400203e-01,1.4271448941e-01,0
1.4344827563e+04,1.6006060961e+01,1.1158071361e-03,8.0319635853e+05,1.2987331284e-03,1.600900e-01,1.427100e-01,1.6009388847e-01,1.4271436202e-01,0
1.4763764047e+04,1.6238105116e+01,1.0998621398e-03,8.2665347272e+05,1.2801741013e-03,1.600900e-01,1.427100e-01,1.6009377813e-01,1.4271423824e-01,0
1.5194935448e+04,1.6473513278e+01,1.0841449992e-03,8.5079564504e+05,1.2618802846e-03,1.600900e-01,1.427100e-01,1.6009367093e-01,1.4271411798e-01,0
1.5638699083e+04,1.6712334216e+01,1.0686524581e-03,8.7564288244e+05,1.2438478884e-03,1.600900e-01,1.427100e-01,1.6009356676e-01,1.4271400113e-01,0
1.6095422705e+04,1.6954617404e+01,1.0533813069e-03,9.0121577611e+05,1.2260731769e-03,1.600900e-01,1.427100e-01,1.6009346555e-01,1.4271388759e-01,0
1.6565484806e+04,1.7200413037e+01,1.0383283821e-03,9.2753551865e+05,1.2085524679e-03,1.600900e-01,1.427100e-01,1.6009336721e-01,1.4271377728e-01,0
1.7049274934e+04,1.7449772035e+01,1.0234905650e-03,9.5462392155e+05,1.1912821315e-03,1.600900e-01,1.427100e-01,1.6009327167e-01,1.4271367010e-01,0
1.7547194010e+04,1.7702746057e+01,1.0088647819e-03,9.8250343332e+05,1.1742585900e-03,1.600900e-01,1.427100e-01,1.6009317883e-01,1.4271356596e-01,0
1.8059654667e+04,1.7959387512e+01,9.9444800265e-04,1.0111971581e+06,1.1574783166e-03,1.600900e-01,1.427100e-01,1.6009308863e-01,1.4271346477e-01,0
1.8587081587e+04,1.8219749566e+01,9.8023724064e-04,1.0407288746e+06,1.1409378350e-03,1.600900e-01,1.427100e-01,1.6009300099e-01,1.4271336646e-01,0
1.9129911855e+04,1.8483886159e+01,9.6622955185e-04,1.0711230563e+06,1.1246337186e-03,1.600900e-01,1.427100e-01,1.6009291583e-01,1.4271327093e-01,0
1.9688595323e+04,1.8751852011e+01,9.5242203434e-04,1.1024048911e+06,1.1085625896e-03,1.600900e-01,1.427100e-01,1.6009283309e-01,1.4271317812e-01,0
2.0263594977e+04,1.9023702636e+01,9.3881182765e-04,1.1346003028e+06,1.0927211186e-03,1.600900e-01,1.427100e-01,1.6009275270e-01,1.4271308793e-01,0
2.0855387328e+04,1.9299494352e+01,9.2539611218e-04,1.1677359720e+06,1.0771060239e-03,1.600900e-01,1.427100e-01,1.6009267459e-01,1.4271300031e-01,0
2.1464462801e+04,1.9579284294e+01,9.1217210863e-04,1.2018393587e+06,1.0617140705e-03,1.600900e-01,1.427100e-01,1.6009259870e-01,1.4271291518e-01,0
2.2091326145e+04,1.9863130426e+01,8.9913707743e-04,1.2369387249e+06,1.0465420696e-03,1.600900e-01,1.427100e-01,1.6009252496e-01,1.4271283246e-01,0
2.2736496848e+04,2.0151091552e+01,8.8628831813e-04,1.2730631577e+06,1.0315868781e-03,1.600900e-01,1.427100e-01,1.6009245331e-01,1.4271275208e-01,0
2.3400509573e+04,2.0443227327e+01,8.7362316890e-04,1.3102425940e+06,1.0168453978e-03,1.600900e-01,1.427100e-01,1.6009238370e-01,1.4271267399e-01,0
2.4083914595e+04,2.0739598273e+01,8.6113900592e-04,1.3485078449e+06,1.0023145748e-03,1.600900e-01,1.427100e-01,1.6009231606e-01,1.4271259811e-01,0
2.4787278260e+04,2.1040265788e+01,8.4883324288e-04,1.3878906211e+06,9.8799139868e-04,1.600900e-01,1.427100e-01,1.6009225034e-01,1.4271252439e-01,0
2.5511183455e+04,2.1345292161e+01,8.3670333044e-04,1.4284235599e+06,9.7387290219e-04,1.600900e-01,1.427100e-01,1.6009218648e-01,1.4271245276e-01,0
2.6256230089e+04,2.1654740582e+01,8.2474675567e-04,1.4701402512e+06,9.5995616044e-04,1.600900e-01,1.427100e-01,1.6009212444e-01,1.4271238316e-01,0
2.7023035592e+04,2.1968675160e+01,8.1296104155e-04,1.5130752662e+06,9.4623829033e-04,1.600900e-01,1.427100e-01,1.6009206416e-01,1.4271231554e-01,0
2.7812235424e+04,2.2287160932e+01,8.0134374648e-04,1.5572641858e+06,9.3271644996e-04,1.600900e-01,1.427100e-01,1.6009200558e-01,1.4271224983e-01,0
2.8624483606e+04,2.2610263878e+01,7.8989246372e-04,1.6027436298e+06,9.1938783805e-04,1.600900e-01,1.427100e-01,1.6009194867e-01,1.4271218599e-01,0
2.9460453258e+04,2.2938050934e+01,7.7860482094e-04,1.6495512876e+06,9.0624969334e-04,1.600900e-01,1.427100e-01,1.6009189338e-01,1.4271212396e-01,0
3.0320837159e+04,2.3270590006e+01,7.6747847971e-04,1.6977259494e+06,8.9329929405e-04,1.600900e-01,1.427100e-01,1.6009183965e-01,1.4271206369e-01,0
3.1206348319e+04,2.3607949987e+01,7.5651113502e-04,1.7473075380e+06,8.8053395726e-04,1.600900e-01,1.427100e-01,1.6009178745e-01,1.4271200513e-01,0
3.2117720573e+04,2.3950200765e+01,7.4570051479e-04,1.7983371424e+06,8.6795103842e-04,1.600900e-01,1.427100e-01,1.6009173673e-01,1.4271194824e-01,0
3.3055709187e+04,2.4297413245e+01,7.3504437941e-04,1.8508570515e+06,8.5554793076e-04,1.600900e-01,1.427100e-01,1.6009168745e-01,1.4271189295e-01,0
3.4021091483e+04,2.4649659357e+01,7.2454052128e-04,1.9049107891e+06,8.4332206475e-04,1.600900e-01,1.427100e-01,1.6009163957e-01,1.4271183924e-01,0
3.5014667486e+04,2.5007012076e+01,7.1418676433e-04,1.9605431502e+06,8.3127090760e-04,1.600900e-01,1.427100e-01,1.6009159304e-01,1.4271178705e-01,0
3.6037260585e+04,2.5369545432e+01,7.0398096362e-04,2.0178002381e+06,8.1939196270e-04,1.600900e-01,1.427100e-01,1.6009154784e-01,1.4271173634e-01,0
3.7089718215e+04,2.5737334532e+01,6.9392100482e-04,2.0767295026e+06,8.0768276911e-04,1.600900e-01,1.427100e-01,1.6009150392e-01,1.4271168707e-01,0
3.8172912562e+04,2.6110455569e+01,6.8400480384e-04,2.1373797789e+06,7.9614090108e-04,1.600900e-01,1.427100e-01,1.6009146124e-01,1.4271163920e-01,0
3.9287741283e+04,2.6488985842e+01,6.7423030638e-04,2.1998013287e+06,7.8476396750e-04,1.600900e-01,1.427100e-01,1.6009141978e-01,1.4271159268e-01,0
4.0435128249e+04,2.6873003770e+01,6.6459548747e-04,2.2640458816e+06,7.7354961145e-04,1.600900e-01,1.427100e-01,1.6009137949e-01,1.4271154749e-01,0
4.1616024316e+04,2.7262588908e+01,6.5509835109e-04,2.3301666778e+06,7.6249550968e-04,1.600900e-01,1.427100e-01,1.6009134035e-01,1.4271150358e-01,0
4.2831408106e+04,2.7657821967e+01,6.4573692974e-04,2.3982185126e+06,7.5159937213e-04,1.600900e-01,1.427100e-01,1.6009130231e-01,1.4271146091e-01,0
4.4082286823e+04,2.8058784825e+01,6.3650928405e-04,2.4682577811e+06,7.4085894149e-04,1.600900e-01,1.427100e-01,1.6009126536e-01,1.4271141946e-01,0
4.5369697086e+04,2.8465560549e+01,6.2741350234e-04,2.5403425260e+06,7.3027199268e-04,1.600900e-01,1.427100e-01,1.6009122945e-01,1.4271137918e-01,0
4.6694705789e+04,2.8878233410e+01,6.1844770027e-04,2.6145324848e+06,7.1983633243e-04,1.600900e-01,1.427100e-01,1.6009119457e-01,1.4271134005e-01,0
4.8058410982e+04,2.9296888900e+01,6.0961002041e-04,2.6908891395e+06,7.0954979881e-04,1.600900e-01,1.427100e-01,1.6009116067e-01,1.4271130202e-01,0
4.9461942786e+04,2.9721613750e+01,6.0089863188e-04,2.7694757680e+06,6.9941026080e-04,1.600900e-01,1.427100e-01,1.6009112773e-01,1.4271126507e-01,0
5.0906464324e+04,3.0152495951e+01,5.9231172998e-04,2.8503574959e+06,6.8941561781e-04,1.600900e-01,1.427100e-01,1.6009109573e-01,1.4271122918e-01,0
5.2393172691e+04,3.0589624767e+01,5.8384753577e-04,2.9336013509e+06,6.7956379927e-04,1.600900e-01,1.427100e-01,1.6009106464e-01,1.4271119430e-01,0
5.3923299940e+04,3.1033090756e+01,5.7550429574e-04,3.0192763183e+06,6.6985276421e-04,1.600900e-01,1.427100e-01,1.6009103443e-01,1.4271116041e-01,0
5.5498114106e+04,3.1482985790e+01,5.6728028145e-04,3.1074533981e+06,6.6028050081e-04,1.600900e-01,1.427100e-01,1.6009100508e-01,1.4271112748e-01,0
5.7118920259e+04,3.1939403074e+01,5.5917378916e-04,3.1982056636e+06,6.5084502602e-04,1.600900e-01,1.427100e-01,1.6009097656e-01,1.4271109549e-01,0
5.8787061580e+04,3.2402437161e+01,5.5118313945e-04,3.2916083224e+06,6.4154438512e-04,1.600900e-01,1.427100e-01,1.6009094885e-01,1.4271106440e-01,0
6.0503920479e+04,3.2872183977e+01,5.4330667693e-04,3.3877387784e+06,6.3237665131e-04,1.600900e-01,1.427100e-01,1.6009092192e-01,1.4271103420e-01,0
6.2270919739e+04,3.3348740839e+01,5.3554276986e-04,3.4866766963e+06,6.2333992534e-04,1.600900e-01,1.427100e-01,1.6009089576e-01,1.4271100485e-01,0
6.4089523694e+04,3.3832206473e+01,5.2788980980e-04,3.5885040671e+06,6.1443233509e-04,1.600900e-01,1.427100e-01,1.6009087034e-01,1.4271097634e-01,0
6.5961239445e+04,3.4322681038e+01,5.2034621130e-04,3.6933052763e+06,6.0565203521e-04,1.600900e-01,1.427100e-01,1.6009084565e-01,1.4271094863e-01,0
6.7887618106e+04,3.4820266145e+01,5.1291041159e-04,3.8011671742e+06,5.9699720669e-04,1.600900e-01,1.427100e-01,1.6009082165e-01,1.4271092172e-01,0
6.9870256090e+04,3.5325064876e+01,5.0558087021e-04,3.9121791471e+06,5.8846605654e-04,1.600900e-01,1.427100e-01,1.6009079834e-01,1.4271089556e-01,0
7.1910796436e+04,3.5837181809e+01,4.9835606871e-04,4.0264331922e+06,5.8005681739e-04,1.600900e-01,1.427100e-01,1.6009077568e-01,1.4271087015e-01,0
7.4010930164e+04,3.6356723039e+01,4.9123451034e-04,4.1440239932e+06,5.7176774711e-04,1.600900e-01,1.427100e-01,1.6009075367e-01,1.4271084546e-01,0
7.6172397683e+04,3.6883796198e+01,4.8421471977e-04,4.2650489990e+06,5.6359712848e-04,1.600900e-01,1.427100e-01,1.6009073229e-01,1.4271082147e-01,0
7.8396990226e+04,3.7418510477e+01,4.7729524271e-04,4.3896085047e+06,5.5554326881e-04,1.600900e-01,1.427100e-01,1.6009071151e-01,1.4271079816e-01,0
8.0686551342e+04,3.7960976653e+01,4.7047464567e-04,4.5178057342e+06,5.4760449961e-04,1.600900e-01,1.427100e-01,1.6009069132e-01,1.4271077551e-01,0
8.3042978420e+04,3.8511307106e+01,4.6375151565e-04,4.6497469262e+06,5.3977917621e-04,1.600900e-01,1.427100e-01,1.6009067170e-01,1.4271075350e-01,0
8.5468224260e+04,3.9069615847e+01,4.5712445983e-04,4.7855414221e+06,5.3206567748e-04,1.600900e-01,1.427100e-01,1.6009065264e-01,1.4271073212e-01,0
8.7964298693e+04,3.9636018540e+01,4.5059210531e-04,4.9253017564e+06,5.2446240542e-04,1.600900e-01,1.427100e-01,1.6009063412e-01,1.4271071135e-01,0
9.0533270249e+04,4.0210632524e+01,4.4415309879e-04,5.0691437502e+06,5.1696778488e-04,1.600900e-01,1.427100e-01,1.6009061613e-01,1.4271069116e-01,0
9.3177267865e+04,4.0793576842e+01,4.3780610632e-04,5.2171866074e+06,5.0958026322e-04,1.600900e-01,1.427100e-01,1.6009059864e-01,1.4271067155e-01,0
9.5898482657e+04,4.1384972259e+01,4.3154981301e-04,5.3695530128e+06,5.0229830999e-04,1.600900e-01,1.427100e-01,1.6009058166e-01,1.4271065249e-01,0
9.8699169729e+04,4.1984941294e+01,4.2538292277e-04,5.5263692343e+06,4.9512041660e-04,1.600900e-01,1.427100e-01,1.6009056515e-01,1.4271063398e-01,0
1.0158165005e+05,4.2593608241e+01,4.1930415800e-04,5.6877652277e+06,4.8804509604e-04,1.600900e-01,1.427100e-01,1.6009054912e-01,1.4271061599e-01,0
1.0454831236e+05,4.3211099196e+01,4.1331225940e-04,5.8538747437e+06,4.8107088251e-04,1.600900e-01,1.427100e-01,1.6009053353e-01,1.4271059851e-01,0
1.0760161517e+05,4.3837542083e+01,4.0740598563e-04,6.0248354395e+06,4.7419633120e-04,1.600900e-01,1.427100e-01,1.6009051839e-01,1.4271058153e-01,0
1.1074408879e+05,4.4473066680e+01,4.0158411311e-04,6.2007889922e+06,4.6742001792e-04,1.600900e-01,1.427100e-01,1.6009050368e-01,1.4271056503e-01,0
1.1397833744e+05,4.5117804648e+01,3.9584543573e-04,6.3818812169e+06,4.6074053883e-04,1.600900e-01,1.427100e-01,1.6009048939e-01,1.4271054899e-01,0
1.1730704137e+05,4.5771889555e+01,3.9018876463e-04,6.5682621869e+06,4.5415651018e-04,1.600900e-01,1.427100e-01,1.6009047550e-01,1.4271053341e-01,0
1.2073295913e+05,4.6435456906e+01,3.8461292792e-04,6.7600863585e+06,4.4766656796e-04,1.600900e-01,1.427100e-01,1.6009046201e-01,1.4271051828e-01,0
1.2425892980e+05,4.7108644171e+01,3.7911677049e-04,6.9575126988e+06,4.4126936766e-04,1.600900e-01,1.427100e-01,1.6009044890e-01,1.4271050357e-01,0
1.2788787542e+05,4.7791590812e+01,3.7369915369e-04,7.1607048175e+06,4.3496358400e-04,1.600900e-01,1.427100e-01,1.6009043616e-01,1.4271048928e-01,0
1.3162280333e+05,4.8484438313e+01,3.6835895519e-04,7.3698311024e+06,4.2874791062e-04,1.600900e-01,1.427100e-01,1.6009042379e-01,1.4271047540e-01,0
1.3546680871e+05,4.9187330211e+01,3.6309506866e-04,7.5850648592e+06,4.2262105985e-04,1.600900e-01,1.427100e-01,1.6009041176e-01,1.4271046191e-01,0
1.3942307715e+05,4.9900412120e+01,3.5790640360e-04,7.8065844547e+06,4.1658176238e-04,1.600900e-01,1.427100e-01,1.6009040008e-01,1.4271044880e-01,0
1.4349488724e+05,5.0623831770e+01,3.5279188508e-04,8.0345734651e+06,4.1062876708e-04,1.600900e-01,1.427100e-01,1.6009038872e-01,1.4271043607e-01,0
1.4768561336e+05,5.1357739027e+01,3.4775045355e-04,8.2692208278e+06,4.0476084069e-04,1.600900e-01,1.427100e-01,1.6009037769e-01,1.4271042369e-01,0
1.5199872840e+05,5.2102285935e+01,3.4278106458e-04,8.5107209978e+06,3.9897676755e-04,1.600900e-01,1.427100e-01,1.6009036698e-01,1.4271041167e-01,0
1.5643780670e+05,5.2857626739e+01,3.3788268868e-04,8.7592741095e+06,3.9327534940e-04,1.600900e-01,1.427100e-01,1.6009035656e-01,1.4271039999e-01,0
1.6100652698e+05,5.3623917922e+01,3.3305431107e-04,9.0150861420e+06,3.8765540509e-04,1.600900e-01,1.427100e-01,1.6009034645e-01,1.4271038864e-01,0
1.6570867540e+05,5.4401318232e+01,3.2829493145e-04,9.2783690899e+06,3.8211577035e-04,1.600900e-01,1.427100e-01,1.6009033662e-01,1.4271037761e-01,0
1.7054814869e+05,5.5189988724e+01,3.2360356385e-04,9.5493411391e+06,3.7665529755e-04,1.600900e-01,1.427100e-01,1.6009032706e-01,1.4271036689e-01,0
1.7552895737e+05,5.5990092783e+01,3.1897923637e-04,9.8282268475e+06,3.7127285545e-04,1.600900e-01,1.427100e-01,1.6009031778e-01,1.4271035648e-01,0
1.8065522911e+05,5.6801796165e+01,3.1442099099e-04,1.0115257331e+07,3.6596732900e-04,1.600900e-01,1.427100e-01,1.6009030877e-01,1.4271034637e-01,0
1.8593121212e+05,5.7625267028e+01,3.0992788339e-04,1.0410670456e+07,3.6073761904e-04,1.600900e-01,1.427100e-01,1.6009030000e-01,1.4271033654e-01,0
1.9136127866e+05,5.8460675970e+01,3.0549898276e-04,1.0714711035e+07,3.5558264217e-04,1.600900e-01,1.427100e-01,1.6009029149e-01,1.4271032699e-01,0
1.9694992870e+05,5.9308196058e+01,3.0113337156e-04,1.1027631030e+07,3.5050133044e-04,1.600900e-01,1.427100e-01,1.6009028322e-01,1.4271031771e-01,0
2.0270179363e+05,6.0168002873e+01,2.9683014538e-04,1.1349689761e+07,3.4549263117e-04,1.600900e-01,1.427100e-01,1.6009027518e-01,1.4271030870e-01,0
2.0862164009e+05,6.1040274537e+01,2.9258841274e-04,1.1681154123e+07,3.4055550671e-04,1.600900e-01,1.427100e-01,1.6009026737e-01,1.4271029994e-01,0
2.1471437393e+05,6.1925191758e+01,2.8840729488e-04,1.2022298805e+07,3.3568893425e-04,1.600900e-01,1.427100e-01,1.6009025979e-01,1.4271029143e-01,0
2.2098504427e+05,6.2822937860e+01,2.8428592562e-04,1.2373406517e+07,3.3089190561e-04,1.600900e-01,1.427100e-01,1.6009025242e-01,1.4271028316e-01,0
2.2743884771e+05,6.3733698829e+01,2.8022345114e-04,1.2734768227e+07,3.2616342699e-04,1.600900e-01,1.427100e-01,1.6009024525e-01,1.4271027512e-01,0
2.3408113258e+05,6.4657663343e+01,2.7621902983e-04,1.3106683399e+07,3.2150251880e-04,1.600900e-01,1.427100e-01,1.6009023829e-01,1.4271026731e-01,0
2.4091740343e+05,6.5595022819e+01,2.7227183211e-04,1.3489460246e+07,3.1690821546e-04,1.600900e-01,1.427100e-01,1.6009023153e-01,1.4271025973e-01,0
2.4795332557e+05,6.6545971446e+01,2.6838104023e-04,1.3883415977e+07,3.1237956518e-04,1.600900e-01,1.427100e-01,1.6009022496e-01,1.4271025236e-01,0
2.5519472975e+05,6.7510706230e+01,2.6454584817e-04,1.4288877071e+07,3.0791562976e-04,1.600900e-01,1.427100e-01,1.6009021858e-01,1.4271024520e-01,0
2.6264761702e+05,6.8489427033e+01,2.6076546138e-04,1.4706179537e+07,3.0351548443e-04,1.600900e-01,1.427100e-01,1.6009021238e-01,1.4271023824e-01,0
2.7031816368e+05,6.9482336614e+01,2.5703909670e-04,1.5135669199e+07,2.9917821763e-04,1.600900e-01,1.427100e-01,1.6009020635e-01,1.4271023148e-01,0
2.7821272640e+05,7.0489640671e+01,2.5336598215e-04,1.5577701981e+07,2.9490293080e-04,1.600900e-01,1.427100e-01,1.6009020049e-01,1.4271022491e-01,0
2.8633784751e+05,7.1511547885e+01,2.4974535677e-04,1.6032644200e+07,2.9068873824e-04,1.600900e-01,1.427100e-01,1.6009019481e-01,1.4271021853e-01,0
2.9470026041e+05,7.2548269962e+01,2.4617647050e-04,1.6500872874e+07,2.8653476693e-04,1.600900e-01,1.427100e-01,1.6009018928e-01,1.4271021233e-01,0
3.0330689512e+05,7.3600021676e+01,2.4265858397e-04,1.6982776029e+07,2.8244015628e-04,1.600900e-01,1.427100e-01,1.6009018391e-01,1.4271020630e-01,0
3.1216488407e+05,7.4667020918e+01,2.3919096839e-04,1.7478753024e+07,2.7840405803e-04,1.600900e-01,1.427100e-01,1.6009017869e-01,1.4271020045e-01,0
3.2128156799e+05,7.5749488733e+01,2.3577290539e-04,1.7989214882e+07,2.7442563603e-04,1.600900e-01,1.427100e-01,1.6009017362e-01,1.4271019476e-01,0
3.3066450200e+05,7.6847649374e+01,2.3240368685e-04,1.8514584629e+07,2.7050406608e-04,1.600900e-01,1.427100e-01,1.6009016869e-01,1.4271018923e-01,0
3.4032146184e+05,7.7961730344e+01,2.2908261478e-04,1.9055297645e+07,2.6663853576e-04,1.600900e-01,1.427100e-01,1.6009016390e-01,1.4271018387e-01,0
3.5026045036e+05,7.9091962445e+01,2.2580900117e-04,1.9611802026e+07,2.6282824426e-04,1.600900e-01,1.427100e-01,1.6009015925e-01,1.4271017865e-01,0
3.6048970413e+05,8.0238579823e+01,2.2258216782e-04,2.0184558955e+07,2.5907240221e-04,1.600900e-01,1.427100e-01,1.6009015473e-01,1.4271017358e-01,0
3.7101770026e+05,8.1401820021e+01,2.1940144625e-04,2.0774043082e+07,2.5537023152e-04,1.600900e-01,1.427100e-01,1.6009015034e-01,1.4271016865e-01,0
3.8185316343e+05,8.2581924024e+01,2.1626617751e-04,2.1380742920e+07,2.5172096521e-04,1.600900e-01,1.427100e-01,1.6009014608e-01,1.4271016387e-01,0
3.9300507312e+05,8.3779136311e+01,2.1317571207e-04,2.2005161249e+07,2.4812384730e-04,1.600900e-01,1.427100e-01,1.6009014193e-01,1.4271015922e-01,0
4.0448267107e+05,8.4993704905e+01,2.1012940970e-04,2.2647815532e+07,2.4457813255e-04,1.600900e-01,1.427100e-01,1.6009013790e-01,1.4271015470e-01,0
4.1629546890e+05,8.6225881426e+01,2.0712663929e-04,2.3309238345e+07,2.4108308643e-04,1.600900e-01,1.427100e-01,1.6009013399e-01,1.4271015031e-01,0
4.2845325602e+05,8.7475921140e+01,2.0416677878e-04,2.3989977818e+07,2.3763798487e-04,1.600900e-01,1.427100e-01,1.6009013019e-01,1.4271014604e-01,0
4.4096610776e+05,8.8744083015e+01,2.0124921497e-04,2.4690598087e+07,2.3424211416e-04,1.600900e-01,1.427100e-01,1.6009012650e-01,1.4271014190e-01,0
4.5384439366e+05,9.0030629772e+01,1.9837334344e-04,2.5411679766e+07,2.3089477078e-04,1.600900e-01,1.427100e-01,1.6009012291e-01,1.4271013787e-01,0
4.6709878613e+05,9.1335827943e+01,1.9553856840e-04,2.6153820423e+07,2.2759526128e-04,1.600900e-01,1.427100e-01,1.6009011942e-01,1.4271013396e-01,0
4.8074026924e+05,9.2659947921e+01,1.9274430259e-04,2.6917635082e+07,2.2434290210e-04,1.600900e-01,1.427100e-01,1.6009011603e-01,1.4271013016e-01,0
4.9478014787e+05,9.4003264021e+01,1.8998996711e-04,2.7703756723e+07,2.2113701945e-04,1.600900e-01,1.427100e-01,1.6009011274e-01,1.4271012647e-01,0
5.0923005703e+05,9.5366054536e+01,1.8727499137e-04,2.8512836816e+07,2.1797694920e-04,1.600900e-01,1.427100e-01,1.6009010954e-01,1.4271012288e-01,0
5.2410197156e+05,9.6748601789e+01,1.8459881290e-04,2.9345545857e+07,2.1486203666e-04,1.600900e-01,1.427100e-01,1.6009010643e-01,1.4271011939e-01,0
5.3940821599e+05,9.8151192200e+01,1.8196087729e-04,3.0202573920e+07,2.1179163654e-04,1.600900e-01,1.427100e-01,1.6009010341e-01,1.4271011600e-01,0
5.5516147481e+05,9.9574116341e+01,1.7936063805e-04,3.1084631237e+07,2.0876511275e-04,1.600900e-01,1.427100e-01,1.6009010048e-01,1.4271011271e-01,0
5.7137480293e+05,1.0101766899e+02,1.7679755648e-04,3.1992448780e+07,2.0578183828e-04,1.600900e-01,1.427100e-01,1.6009009762e-01,1.4271010951e-01,0
5.8806163654e+05,1.0248214922e+02,1.7427110162e-04,3.2926778867e+07,2.0284119511e-04,1.600900e-01,1.427100e-01,1.6009009485e-01,1.4271010641e-01,0
6.0523580424e+05,1.0396786040e+02,1.7178075004e-04,3.3888395791e+07,1.9994257402e-04,1.600900e-01,1.427100e-01,1.6009009216e-01,1.4271010339e-01,0
6.2291153847e+05,1.0547511034e+02,1.6932598584e-04,3.4878096456e+07,1.9708537452e-04,1.600900e-01,1.427100e-01,1.6009008955e-01,1.4271010045e-01,0
6.4110348733e+05,1.0700421129e+02,1.6690630047e-04,3.5896701038e+07,1.9426900469e-04,1.600900e-01,1.427100e-01,1.6009008701e-01,1.4271009760e-01,0
6.5982672673e+05,1.0855548002e+02,1.6452119264e-04,3.6945053668e+07,1.9149288107e-04,1.600900e-01,1.427100e-01,1.6009008454e-01,1.4271009483e-01,0
6.7909677285e+05,1.1012923791e+02,1.6217016824e-04,3.8024023129e+07,1.8875642853e-04,1.600900e-01,1.427100e-01,1.6009008214e-01,1.4271009214e-01,0
6.9892959501e+05,1.1172581099e+02,1.5985274022e-04,3.9134503577e+07,1.8605908018e-04,1.600900e-01,1.427100e-01,1.6009007981e-01,1.4271008953e-01,0
7.1934162894e+05,1.1334553001e+02,1.5756842848e-04,4.0277415282e+07,1.8340027721e-04,1.600900e-01,1.427100e-01,1.6009007754e-01,1.4271008699e-01,0
7.4034979032e+05,1.1498873054e+02,1.5531675979e-04,4.1453705387e+07,1.8077946879e-04,1.600900e-01,1.427100e-01,1.6009007534e-01,1.4271008452e-01,0
7.6197148891e+05,1.1665575299e+02,1.5309726766e-04,4.2664348700e+07,1.7819611200e-04,1.600900e-01,1.427100e-01,1.6009007320e-01,1.4271008212e-01,0
7.8422464286e+05,1.1834694271e+02,1.5090949231e-04,4.3910348496e+07,1.7564967163e-04,1.600900e-01,1.427100e-01,1.6009007113e-01,1.4271007979e-01,0
8.0712769365e+05,1.2006265006e+02,1.4875298048e-04,4.5192737351e+07,1.7313962015e-04,1.600900e-01,1.427100e-01,1.6009006911e-01,1.4271007753e-01,0
8.3069962132e+05,1.2180323047e+02,1.4662728542e-04,4.6512577997e+07,1.7066543756e-04,1.600900e-01,1.427100e-01,1.6009006715e-01,1.4271007533e-01,0
8.5495996023e+05,1.2356904455e+02,1.4453196676e-04,4.7870964201e+07,1.6822661128e-04,1.600900e-01,1.427100e-01,1.6009006524e-01,1.4271007319e-01,0
8.7992881523e+05,1.2536045811e+02,1.4246659041e-04,4.9269021677e+07,1.6582263608e-04,1.600900e-01,1.427100e-01,1.6009006339e-01,1.4271007111e-01,0
9.0562687831e+05,1.2717784227e+02,1.4043072850e-04,5.0707909011e+07,1.6345301393e-04,1.600900e-01,1.427100e-01,1.6009006159e-01,1.4271006909e-01,0
9.3207544580e+05,1.2902157354e+02,1.3842395926e-04,5.2188818628e+07,1.6111725391e-04,1.600900e-01,1.427100e-01,1.6009005985e-01,1.4271006713e-01,0
9.5929643594e+05,1.3089203387e+02,1.3644586696e-04,5.3712977776e+07,1.5881487215e-04,1.600900e-01,1.427100e-01,1.6009005815e-01,1.4271006523e-01,0
9.8731240712e+05,1.3278961077e+02,1.3449604179e-04,5.5281649546e+07,1.5654539165e-04,1.600900e-01,1.427100e-01,1.6009005650e-01,1.4271006338e-01,0
1.0161465765e+06,1.3471469735e+02,1.3257407982e-04,5.6896133914e+07,1.5430834225e-04,1.600900e-01,1.427100e-01,1.6009005489e-01,1.4271006158e-01,0
1.0458228394e+06,1.3666769242e+02,1.3067958289e-04,5.8557768825e+07,1.5210326051e-04,1.600900e-01,1.427100e-01,1.6009005334e-01,1.4271005983e-01,0
1.0763657888e+06,1.3864900059e+02,1.2881215850e-04,6.0267931297e+07,1.4992968962e-04,1.600900e-01,1.427100e-01,1.6009005182e-01,1.4271005813e-01,0
1.1078007361e+06,1.4065903232e+02,1.2697141979e-04,6.2028038562e+07,1.4778717927e-04,1.600900e-01,1.427100e-01,1.6009005035e-01,1.4271005648e-01,0
1.1401537319e+06,1.4269820401e+02,1.2515698543e-04,6.3839549244e+07,1.4567528561e-04,1.600900e-01,1.427100e-01,1.6009004892e-01,1.4271005488e-01,0
1.1734515874e+06,1.4476693812e+02,1.2336847952e-04,6.5703964564e+07,1.4359357112e-04,1.600900e-01,1.427100e-01,1.6009004754e-01,1.4271005332e-01,0
1.2077218970e+06,1.4686566322e+02,1.2160553153e-04,6.7622829587e+07,1.4154160454e-04,1.600900e-01,1.427100e-01,1.6009004619e-01,1.4271005181e-01,0
1.2429930609e+06,1.4899481411e+02,1.1986777625e-04,6.9597734501e+07,1.3951896077e-04,1.600900e-01,1.427100e-01,1.6009004488e-01,1.4271005034e-01,0
1.2792943088e+06,1.5115483186e+02,1.1815485367e-04,7.1630315933e+07,1.3752522079e-04,1.600900e-01,1.427100e-01,1.6009004360e-01,1.4271004891e-01,0
1.3166557241e+06,1.5334616397e+02,1.1646640892e-04,7.3722258311e+07,1.3555997154e-04,1.600900e-01,1.427100e-01,1.6009004236e-01,1.4271004752e-01,0
1.3551082685e+06,1.5556926441e+02,1.1480209222e-04,7.5875295252e+07,1.3362280591e-04,1.600900e-01,1.427100e-01,1.6009004116e-01,1.4271004618e-01,0
1.3946838082e+06,1.5782459374e+02,1.1316155877e-04,7.8091211006e+07,1.3171332257e-04,1.600900e-01,1.427100e-01,1.6009003999e-01,1.4271004487e-01,0
1.4354151400e+06,1.6011261917e+02,1.1154446871e-04,8.0371841930e+07,1.2983112594e-04,1.600900e-01,1.427100e-01,1.6009003886e-01,1.4271004359e-01,0
1.4773360183e+06,1.6243381473e+02,1.0995048703e-04,8.2719078011e+07,1.2797582609e-04,1.600900e-01,1.427100e-01,1.6009003776e-01,1.4271004236e-01,0
1.5204811836e+06,1.6478866128e+02,1.0837928351e-04,8.5134864435e+07,1.2614703866e-04,1.600900e-01,1.427100e-01,1.6009003669e-01,1.4271004115e-01,0
1.5648863909e+06,1.6717764667e+02,1.0683053265e-04,8.7621203192e+07,1.2434438478e-04,1.600900e-01,1.427100e-01,1.6009003564e-01,1.4271003999e-01,0
1.6105884391e+06,1.6960126582e+02,1.0530391359e-04,9.0180154744e+07,1.2256749102e-04,1.600900e-01,1.427100e-01,1.6009003463e-01,1.4271003885e-01,0
1.6576252023e+06,1.7206002083e+02,1.0379911007e-04,9.2813839726e+07,1.2081598924e-04,1.600900e-01,1.427100e-01,1.6009003365e-01,1.4271003775e-01,0
1.7060356604e+06,1.7455442107e+02,1.0231581034e-04,9.5524440705e+07,1.1908951660e-04,1.600900e-01,1.427100e-01,1.6009003270e-01,1.4271003668e-01,0
1.7558599317e+06,1.7708498329e+02,1.0085370712e-04,9.8314203992e+07,1.1738771542e-04,1.600900e-01,1.427100e-01,1.6009003177e-01,1.4271003564e-01,0
1.8071393063e+06,1.7965223176e+02,9.9412497496e-05,1.0118544150e+08,1.1571023316e-04,1.600900e-01,1.427100e-01,1.6009003087e-01,1.4271003463e-01,0
1.8599162799e+06,1.8225669832e+02,9.7991882905e-05,1.0414053265e+08,1.1405672229e-04,1.600900e-01,1.427100e-01,1.6009002999e-01,1.4271003364e-01,0
1.9142345896e+06,1.8489892252e+02,9.6591569039e-05,1.0718192638e+08,1.1242684025e-04,1.600900e-01,1.427100e-01,1.6009002914e-01,1.4271003269e-01,0
1.9701392496e+06,1.8757945176e+02,9.5211265799e-05,1.1031214312e+08,1.1082024939e-04,1.600900e-01,1.427100e-01,1.6009002831e-01,1.4271003176e-01,0
2.0276765889e+06,1.9029884135e+02,9.3850687232e-05,1.1353377692e+08,1.0923661688e-04,1.600900e-01,1.427100e-01,1.6009002751e-01,1.4271003086e-01,0
2.0868942892e+06,1.9305765466e+02,9.2509551469e-05,1.1684949759e+08,1.0767561463e-04,1.600900e-01,1.427100e-01,1.6009002673e-01,1.4271002998e-01,0
2.1478414251e+06,1.9585646322e+02,9.1187580671e-05,1.2026205291e+08,1.0613691927e-04,1.600900e-01,1.427100e-01,1.6009002597e-01,1.4271002913e-01,0
2.2105685043e+06,1.9869584686e+02,8.9884500969e-05,1.2377427091e+08,1.0462021201e-04,1.600900e-01,1.427100e-01,1.6009002523e-01,1.4271002831e-01,0
2.2751275094e+06,2.0157639381e+02,8.8600042407e-05,1.2738906220e+08,1.0312517866e-04,1.600900e-01,1.427100e-01,1.6009002452e-01,1.4271002750e-01,0
2.3415719413e+06,2.0449870082e+02,8.7333938887e-05,1.3110942242e+08,1.0165150948e-04,1.600900e-01,1.427100e-01,1.6009002382e-01,1.4271002672e-01,0
2.4099568634e+06,2.0746337330e+02,8.6085928114e-05,1.3493843466e+08,1.0019889918e-04,1.600900e-01,1.427100e-01,1.6009002315e-01,1.4271002596e-01,0
2.4803389471e+06,2.1047102543e+02,8.4855751540e-05,1.3887927209e+08,9.8767046829e-05,1.600900e-01,1.427100e-01,1.6009002249e-01,1.4271002523e-01,0
2.5527765189e+06,2.1352228030e+02,8.3643154313e-05,1.4293520052e+08,9.7355655793e-05,1.600900e-01,1.427100e-01,1.6009002185e-01,1.4271002451e-01,0
2.6273296087e+06,2.1661777002e+02,8.2447885223e-05,1.4710958114e+08,9.5964433677e-05,1.600900e-01,1.427100e-01,1.6009002123e-01,1.4271002382e-01,0
2.7040599997e+06,2.1975813589e+02,8.1269696648e-05,1.5140587333e+08,9.4593092265e-05,1.600900e-01,1.427100e-01,1.6009002063e-01,1.4271002314e-01,0
2.7830312793e+06,2.2294402849e+02,8.0108344506e-05,1.5582763748e+08,9.3241347459e-05,1.600900e-01,1.427100e-01,1.6009002004e-01,1.4271002248e-01,0
2.8643088919e+06,2.2617610783e+02,7.8963588204e-05,1.6037853795e+08,9.1908919223e-05,1.600900e-01,1.427100e-01,1.6009001947e-01,1.4271002185e-01,0
2.9479601934e+06,2.2945504348e+02,7.7835190584e-05,1.6506234613e+08,9.0595531521e-05,1.600900e-01,1.427100e-01,1.6009001892e-01,1.4271002123e-01,0
3.0340545066e+06,2.3278151475e+02,7.6722917879e-05,1.6988294356e+08,8.9300912260e-05,1.600900e-01,1.427100e-01,1.6009001838e-01,1.4271002062e-01,0
3.1226631790e+06,2.3615621076e+02,7.5626539664e-05,1.7484432512e+08,8.8024793240e-05,1.600900e-01,1.427100e-01,1.6009001786e-01,1.4271002004e-01,0
3.2138596417e+06,2.3957983065e+02,7.4545828803e-05,1.7995060238e+08,8.6766910088e-05,1.600900e-01,1.427100e-01,1.6009001736e-01,1.4271001947e-01,0
3.3077194703e+06,2.4305308366e+02,7.3480561409e-05,1.8520600697e+08,8.5527002213e-05,1.600900e-01,1.427100e-01,1.6009001686e-01,1.4271001892e-01,0
3.4043204478e+06,2.4657668936e+02,7.2430516794e-05,1.9061489411e+08,8.4304812747e-05,1.600900e-01,1.427100e-01,1.6009001639e-01,1.4271001838e-01,0
3.5037426284e+06,2.5015137772e+02,7.1395477422e-05,1.9618174621e+08,8.3100088491e-05,1.600900e-01,1.427100e-01,1.6009001592e-01,1.4271001786e-01,0
3.6060684047e+06,2.5377788929e+02,7.0375228866e-05,2.0191117659e+08,8.1912579866e-05,1.600900e-01,1.427100e-01,1.6009001547e-01,1.4271001735e-01,0
3.7113825753e+06,2.5745697537e+02,6.9369559766e-05,2.0780793331e+08,8.0742040858e-05,1.600900e-01,1.427100e-01,1.6009001503e-01,1.4271001686e-01,0
3.8197724154e+06,2.6118939815e+02,6.8378261777e-05,2.1387690308e+08,7.9588228971e-05,1.600900e-01,1.427100e-01,1.6009001460e-01,1.4271001638e-01,0
3.9313277489e+06,2.6497593086e+02,6.7401129537e-05,2.2012311534e+08,7.8450905172e-05,1.600900e-01,1.427100e-01,1.6009001419e-01,1.4271001592e-01,0
4.0461410233e+06,2.6881735795e+02,6.6437960615e-05,2.2655174639e+08,7.7329833844e-05,1.600900e-01,1.427100e-01,1.6009001379e-01,1.4271001546e-01,0
4.1643073857e+06,2.7271447524e+02,6.5488555473e-05,2.3316812372e+08,7.6224782738e-05,1.600900e-01,1.427100e-01,1.6009001339e-01,1.4271001503e-01,0
4.2859247621e+06,2.7666809008e+02,6.4552717427e-05,2.3997773042e+08,7.5135522924e-05,1.600900e-01,1.427100e-01,1.6009001301e-01,1.4271001460e-01,0
4.4110939383e+06,2.8067902154e+02,6.3630252600e-05,2.4698620969e+08,7.4061828742e-05,1.600900e-01,1.427100e-01,1.6009001265e-01,1.4271001419e-01,0
4.5399186436e+06,2.8474810054e+02,6.2720969889e-05,2.5419936953e+08,7.3003477758e-05,1.600900e-01,1.427100e-01,1.6009001229e-01,1.4271001378e-01,0
4.6725056367e+06,2.8887617008e+02,6.1824680919e-05,2.6162318760e+08,7.1960250716e-05,1.600900e-01,1.427100e-01,1.6009001194e-01,1.4271001339e-01,0
4.8089647940e+06,2.9306408534e+02,6.0941200008e-05,2.6926381609e+08,7.0931931493e-05,1.600900e-01,1.427100e-01,1.6009001160e-01,1.4271001301e-01,0
4.9494092010e+06,2.9731271394e+02,6.0070344129e-05,2.7712758690e+08,6.9918307056e-05,1.600900e-01,1.427100e-01,1.6009001127e-01,1.4271001264e-01,0
5.0939552457e+06,3.0162293604e+02,5.9211932867e-05,2.8522101684e+08,6.8919167414e-05,1.600900e-01,1.427100e-01,1.6009001095e-01,1.4271001228e-01,0
5.2427227153e+06,3.0599564459e+02,5.8365788389e-05,2.9355081302e+08,6.7934305577e-05,1.600900e-01,1.427100e-01,1.6009001064e-01,1.4271001194e-01,0
5.3958348952e+06,3.1043174546e+02,5.7531735401e-05,3.0212387845e+08,6.6963517516e-05,1.600900e-01,1.427100e-01,1.6009001034e-01,1.4271001160e-01,0
5.5534186715e+06,3.1493215768e+02,5.6709601114e-05,3.1094731775e+08,6.6006602113e-05,1.600900e-01,1.427100e-01,1.6009001004e-01,1.4271001127e-01,0
5.7156046357e+06,3.1949781358e+02,5.5899215209e-05,3.2002844301e+08,6.5063361128e-05,1.600900e-01,1.427100e-01,1.6009000976e-01,1.4271001095e-01,0
5.8825271935e+06,3.2412965902e+02,5.5100409799e-05,3.2937477986e+08,6.4133599152e-05,1.600900e-01,1.427100e-01,1.6009000948e-01,1.4271001064e-01,0
6.0543246756e+06,3.2882865356e+02,5.4313019400e-05,3.3899407375e+08,6.3217123567e-05,1.600900e-01,1.427100e-01,1.6009000921e-01,1.4271001034e-01,0
6.2311394529e+06,3.3359577069e+02,5.3536880888e-05,3.4889429629e+08,6.2313744511e-05,1.600900e-01,1.427100e-01,1.6009000895e-01,1.4271001004e-01,0
6.4131180539e+06,3.3843199799e+02,5.2771833474e-05,3.5908365193e+08,6.1423274833e-05,1.600900e-01,1.427100e-01,1.6009000870e-01,1.4271000976e-01,0
6.6004112866e+06,3.4333833737e+02,5.2017718664e-05,3.6957058472e+08,6.0545530056e-05,1.600900e-01,1.427100e-01,1.6009000845e-01,1.4271000948e-01,0
6.7931743632e+06,3.4831580527e+02,5.1274380231e-05,3.8036378530e+08,5.9680328340e-05,1.600900e-01,1.427100e-01,1.6009000821e-01,1.4271000921e-01,0
6.9915670289e+06,3.5336543286e+02,5.0541664179e-05,3.9147219814e+08,5.8827490443e-05,1.600900e-01,1.427100e-01,1.6009000798e-01,1.4271000895e-01,0
7.1957536944e+06,3.5848826625e+02,4.9819418713e-05,4.0290502892e+08,5.7986839686e-05,1.600900e-01,1.427100e-01,1.6009000775e-01,1.4271000870e-01,0
7.4059035715e+06,3.6368536673e+02,4.9107494207e-05,4.1467175218e+08,5.7158201913e-05,1.600900e-01,1.427100e-01,1.6009000753e-01,1.4271000845e-01,0
7.6221908141e+06,3.6895781097e+02,4.8405743174e-05,4.2678211913e+08,5.6341405457e-05,1.600900e-01,1.427100e-01,1.6009000732e-01,1.4271000821e-01,0
7.8447946623e+06,3.7430669125e+02,4.7714020234e-05,4.3924616580e+08,5.5536281105e-05,1.600900e-01,1.427100e-01,1.6009000711e-01,1.4271000798e-01,0
8.0738995906e+06,3.7973311568e+02,4.7032182084e-05,4.5207422131e+08,5.4742662060e-05,1.600900e-01,1.427100e-01,1.6009000691e-01,1.4271000775e-01,0
8.3096954612e+06,3.8523820843e+02,4.6360087471e-05,4.6527691641e+08,5.3960383912e-05,1.600900e-01,1.427100e-01,1.6009000671e-01,1.4271000753e-01,0
8.5523776810e+06,3.9082311000e+02,4.5697597156e-05,4.7886519235e+08,5.3189284597e-05,1.600900e-01,1.427100e-01,1.6009000652e-01,1.4271000732e-01,0
8.8021473640e+06,3.9648897737e+02,4.5044573895e-05,4.9285030991e+08,5.2429204369e-05,1.600900e-01,1.427100e-01,1.6009000634e-01,1.4271000711e-01,0
9.0592114973e+06,4.0223698435e+02,4.4400882402e-05,5.0724385872e+08,5.1679985763e-05,1.600900e-01,1.427100e-01,1.6009000616e-01,1.4271000691e-01,0
9.3237831132e+06,4.0806832172e+02,4.3766389326e-05,5.2205776691e+08,5.0941473567e-05,1.600900e-01,1.427100e-01,1.6009000598e-01,1.4271000671e-01,0
9.5960814657e+06,4.1398419756e+02,4.3140963219e-05,5.3730431094e+08,5.0213514785e-05,1.600900e-01,1.427100e-01,1.6009000581e-01,1.4271000652e-01,0
9.8763322116e+06,4.1998583743e+02,4.2524474514e-05,5.5299612583e+08,4.9495958606e-05,1.600900e-01,1.427100e-01,1.6009000565e-01,1.4271000634e-01,0
1.0164767599e+07,4.2607448468e+02,4.1916795495e-05,5.6914621556e+08,4.8788656378e-05,1.600900e-01,1.427100e-01,1.6009000549e-01,1.4271000616e-01,0
1.0461626656e+07,4.3225140069e+02,4.1317800270e-05,5.8576796394e+08,4.8091461570e-05,1.600900e-01,1.427100e-01,1.6009000533e-01,1.4271000598e-01,0
1.0767155396e+07,4.3851786510e+02,4.0727364747e-05,6.0287514560e+08,4.7404229746e-05,1.600900e-01,1.427100e-01,1.6009000518e-01,1.4271000581e-01,0
1.1081607013e+07,4.4487517612e+02,4.0145366608e-05,6.2048193748e+08,4.6726818533e-05,1.600900e-01,1.427100e-01,1.6009000503e-01,1.4271000565e-01,0
1.1405242097e+07,4.5132465079e+02,3.9571685280e-05,6.3860293057e+08,4.6059087595e-05,1.600900e-01,1.427100e-01,1.6009000489e-01,1.4271000549e-01,0
1.1738328849e+07,4.5786762522e+02,3.9006201916e-05,6.5725314194e+08,4.5400898600e-05,1.600900e-01,1.427100e-01,1.6009000475e-01,1.4271000533e-01,0
1.2081143301e+07,4.6450545490e+02,3.8448799366e-05,6.7644802727e+08,4.4752115191e-05,1.600900e-01,1.427100e-01,1.6009000462e-01,1.4271000518e-01,0
1.2433969550e+07,4.7123951498e+02,3.7899362155e-05,6.9620349359e+08,4.4112602962e-05,1.600900e-01,1.427100e-01,1.6009000449e-01,1.4271000503e-01,0
1.2797099985e+07,4.7807120054e+02,3.7357776456e-05,7.1653591252e+08,4.3482229428e-05,1.600900e-01,1.427100e-01,1.6009000436e-01,1.4271000489e-01,0
1.3170835539e+07,4.8500192687e+02,3.6823930072e-05,7.3746213378e+08,4.2860863994e-05,1.600900e-01,1.427100e-01,1.6009000424e-01,1.4271000475e-01,0
1.3555485929e+07,4.9203312980e+02,3.6297712407e-05,7.5899949920e+08,4.2248377936e-05,1.600900e-01,1.427100e-01,1.6009000411e-01,1.4271000462e-01,0
1.3951369922e+07,4.9916626596e+02,3.5779014445e-05,7.8116585707e+08,4.1644644365e-05,1.600900e-01,1.427100e-01,1.6009000400e-01,1.4271000449e-01,0
1.4358815590e+07,5.0640281311e+02,3.5267728728e-05,8.0397957692e+08,4.1049538207e-05,1.600900e-01,1.427100e-01,1.6009000388e-01,1.4271000436e-01,0
1.4778160590e+07,5.1374427042e+02,3.4763749337e-05,8.2745956476e+08,4.0462936176e-05,1.600900e-01,1.427100e-01,1.6009000377e-01,1.4271000423e-01,0
1.5209752438e+07,5.2119215880e+02,3.4266971861e-05,8.5162527877e+08,3.9884716747e-05,1.600900e-01,1.427100e-01,1.6009000367e-01,1.4271000411e-01,0
1.5653948799e+07,5.2874802123e+02,3.3777293386e-05,8.7649674537e+08,3.9314760132e-05,1.600900e-01,1.427100e-01,1.6009000356e-01,1.4271000400e-01,0
1.6111117784e+07,5.3641342301e+02,3.3294612465e-05,9.0209457586e+08,3.8752948254e-05,1.600900e-01,1.427100e-01,1.6009000346e-01,1.4271000388e-01,0
1.6581638256e+07,5.4418995218e+02,3.2818829103e-05,9.2843998349e+08,3.8199164725e-05,1.600900e-01,1.427100e-01,1.6009000336e-01,1.4271000377e-01,0
1.7065900140e+07,5.5207921977e+02,3.2349844733e-05,9.5555480102e+08,3.7653294817e-05,1.600900e-01,1.427100e-01,1.6009000327e-01,1.4271000367e-01,0
1.7564304751e+07,5.6008286019e+02,3.1887562197e-05,9.8346149885e+08,3.7115225446e-05,1.600900e-01,1.427100e-01,1.6009000318e-01,1.4271000356e-01,0
1.8077265122e+07,5.6820253153e+02,3.1431885725e-05,1.0121832036e+09,3.6584845140e-05,1.600900e-01,1.427100e-01,1.6009000309e-01,1.4271000346e-01,0
1.8605206350e+07,5.7643991593e+02,3.0982720916e-05,1.0417437173e+09,3.6062044023e-05,1.600900e-01,1.427100e-01,1.6009000300e-01,1.4271000336e-01,0
1.9148565947e+07,5.8479671989e+02,3.0539974717e-05,1.0721675372e+09,3.5546713785e-05,1.600900e-01,1.427100e-01,1.6009000291e-01,1.4271000327e-01,0
1.9707794202e+07,5.9327467468e+02,3.0103555406e-05,1.1034798758e+09,3.5038747669e-05,1.600900e-01,1.427100e-01,1.6009000283e-01,1.4271000318e-01,0
2.0283354554e+07,6.0187553666e+02,2.9673372570e-05,1.1357066821e+09,3.4538040440e-05,1.600900e-01,1.427100e-01,1.6009000275e-01,1.4271000308e-01,0
2.0875723978e+07,6.1060108763e+02,2.9249337091e-05,1.1688746628e+09,3.4044488367e-05,1.600900e-01,1.427100e-01,1.6009000267e-01,1.4271000300e-01,0
2.1485393376e+07,6.1945313526e+02,2.8831361121e-05,1.2030113046e+09,3.3557989203e-05,1.600900e-01,1.427100e-01,1.6009000260e-01,1.4271000291e-01,0
2.2112867991e+07,6.2843351339e+02,2.8419358070e-05,1.2381448971e+09,3.3078442161e-05,1.600900e-01,1.427100e-01,1.6009000252e-01,1.4271000283e-01,0
2.2758667818e+07,6.3754408247e+02,2.8013242584e-05,1.2743045559e+09,3.2605747894e-05,1.600900e-01,1.427100e-01,1.6009000245e-01,1.4271000275e-01,0
2.3423328040e+07,6.4678672991e+02,2.7612930529e-05,1.3115202468e+09,3.2139808477e-05,1.600900e-01,1.427100e-01,1.6009000238e-01,1.4271000267e-01,0
2.4107399468e+07,6.5616337049e+02,2.7218338973e-05,1.3498228111e+09,3.1680527380e-05,1.600900e-01,1.427100e-01,1.6009000231e-01,1.4271000260e-01,0
2.4811449002e+07,6.6567594675e+02,2.6829386171e-05,1.3892439906e+09,3.1227809456e-05,1.600900e-01,1.427100e-01,1.6009000225e-01,1.4271000252e-01,0
2.5536060097e+07,6.7532642937e+02,2.6445991543e-05,1.4298164541e+09,3.0781560917e-05,1.600900e-01,1.427100e-01,1.6009000218e-01,1.4271000245e-01,0
2.6281833246e+07,6.8511681762e+02,2.6068075663e-05,1.4715738245e+09,3.0341689315e-05,1.600900e-01,1.427100e-01,1.6009000212e-01,1.4271000238e-01,0
2.7049386481e+07,6.9504913976e+02,2.5695560240e-05,1.5145507066e+09,2.9908103522e-05,1.600900e-01,1.427100e-01,1.6009000206e-01,1.4271000231e-01,0
2.7839355883e+07,7.0512545343e+02,2.5328368098e-05,1.5587827160e+09,2.9480713714e-05,1.600900e-01,1.427100e-01,1.6009000200e-01,1.4271000225e-01,0
2.8652396110e+07,7.1534784612e+02,2.4966423170e-05,1.6043065082e+09,2.9059431349e-05,1.600900e-01,1.427100e-01,1.6009000195e-01,1.4271000218e-01,0
2.9489180939e+07,7.2571843558e+02,2.4609650471e-05,1.6511598095e+09,2.8644169151e-05,1.600900e-01,1.427100e-01,1.6009000189e-01,1.4271000212e-01,0
3.0350403823e+07,7.3623937025e+02,2.4257976090e-05,1.6993814476e+09,2.8234841092e-05,1.600900e-01,1.427100e-01,1.6009000184e-01,1.4271000206e-01,0
3.1236778469e+07,7.4691282973e+02,2.3911327171e-05,1.7490113846e+09,2.7831362372e-05,1.600900e-01,1.427100e-01,1.6009000179e-01,1.4271000200e-01,0
3.2149039426e+07,7.5774102522e+02,2.3569631900e-05,1.8000907494e+09,2.7433649404e-05,1.600900e-01,1.427100e-01,1.6009000174e-01,1.4271000195e-01,0
3.3087942698e+07,7.6872619996e+02,2.3232819489e-05,1.8526618720e+09,2.7041619793e-05,1.600900e-01,1.427100e-01,1.6009000169e-01,1.4271000189e-01,0
3.4054266364e+07,7.7987062972e+02,2.2900820161e-05,1.9067683188e+09,2.6655192326e-05,1.600900e-01,1.427100e-01,1.6009000164e-01,1.4271000184e-01,0
3.5048811230e+07,7.9117662327e+02,2.2573565137e-05,1.9624549286e+09,2.6274286946e-05,1.600900e-01,1.427100e-01,1.6009000159e-01,1.4271000179e-01,0
3.6072401487e+07,8.0264652283e+02,2.2250986620e-05,2.0197678495e+09,2.5898824742e-05,1.600900e-01,1.427100e-01,1.6009000155e-01,1.4271000173e-01,0
3.7125885397e+07,8.1428270461e+02,2.1933017782e-05,2.0787545774e+09,2.5528727931e-05,1.600900e-01,1.427100e-01,1.6009000150e-01,1.4271000169e-01,0
3.8210135996e+07,8.2608757923e+02,2.1619592752e-05,2.1394639954e+09,2.5163919840e-05,1.600900e-01,1.427100e-01,1.6009000146e-01,1.4271000164e-01,0
3.9326051816e+07,8.3806359228e+02,2.1310646596e-05,2.2019464142e+09,2.4804324894e-05,1.600900e-01,1.427100e-01,1.6009000142e-01,1.4271000159e-01,0
4.0474557631e+07,8.5021322480e+02,2.1006115312e-05,2.2662536137e+09,2.4449868596e-05,1.600900e-01,1.427100e-01,1.6009000138e-01,1.4271000155e-01,0
4.1656605221e+07,8.6253899380e+02,2.0705935811e-05,2.3324388861e+09,2.4100477514e-05,1.600900e-01,1.427100e-01,1.6009000134e-01,1.4271000150e-01,0
4.2873174164e+07,8.7504345278e+02,2.0410045905e-05,2.4005570799e+09,2.3756079265e-05,1.600900e-01,1.427100e-01,1.6009000130e-01,1.4271000146e-01,0
4.4125272647e+07,8.8772919225e+02,2.0118384296e-05,2.4706646457e+09,2.3416602502e-05,1.600900e-01,1.427100e-01,1.6009000126e-01,1.4271000142e-01,0
4.5413938298e+07,9.0059884029e+02,1.9830890560e-05,2.5428196824e+09,2.3081976897e-05,1.600900e-01,1.427100e-01,1.6009000123e-01,1.4271000138e-01,0
4.6740239053e+07,9.1365506306e+02,1.9547505139e-05,2.6170819857e+09,2.2752133125e-05,1.600900e-01,1.427100e-01,1.6009000119e-01,1.4271000134e-01,0
4.8105274032e+07,9.2690056539e+02,1.9268169323e-05,2.6935130979e+09,2.2427002853e-05,1.600900e-01,1.427100e-01,1.6009000116e-01,1.4271000130e-01,0
4.9510174457e+07,9.4033809133e+02,1.8992825245e-05,2.7721763583e+09,2.2106518726e-05,1.600900e-01,1.427100e-01,1.6009000113e-01,1.4271000126e-01,0
5.0956104588e+07,9.5397042467e+02,1.8721415862e-05,2.8531369561e+09,2.1790614349e-05,1.600900e-01,1.427100e-01,1.6009000109e-01,1.4271000123e-01,0
5.2444262684e+07,9.6780038961e+02,1.8453884945e-05,2.9364619845e+09,2.1479224278e-05,1.600900e-01,1.427100e-01,1.6009000106e-01,1.4271000119e-01,0
5.3975882000e+07,9.8183085126e+02,1.8190177073e-05,3.0222204959e+09,2.1172284002e-05,1.600900e-01,1.427100e-01,1.6009000103e-01,1.4271000116e-01,0
5.5552231811e+07,9.9606471626e+02,1.7930237612e-05,3.1104835595e+09,2.0869729933e-05,1.600900e-01,1.427100e-01,1.6009000100e-01,1.4271000113e-01,0
5.7174618455e+07,1.0105049334e+03,1.7674012713e-05,3.2013243200e+09,2.0571499393e-05,1.600900e-01,1.427100e-01,1.6009000098e-01,1.4271000109e-01,0
5.8844386425e+07,1.0251544943e+03,1.7421449293e-05,3.2948180582e+09,2.0277530597e-05,1.600900e-01,1.427100e-01,1.6009000095e-01,1.4271000106e-01,0
6.0562919480e+07,1.0400164338e+03,1.7172495030e-05,3.3910422537e+09,1.9987762645e-05,1.600900e-01,1.427100e-01,1.6009000092e-01,1.4271000103e-01,0
6.2331641788e+07,1.0550938308e+03,1.6927098348e-05,3.4900766486e+09,1.9702135505e-05,1.600900e-01,1.427100e-01,1.6009000089e-01,1.4271000100e-01,0
6.4152019113e+07,1.0703898088e+03,1.6685208410e-05,3.5920033139e+09,1.9420590007e-05,1.600900e-01,1.427100e-01,1.6009000087e-01,1.4271000098e-01,0
6.6025560025e+07,1.0859075368e+03,1.6446775103e-05,3.6969067177e+09,1.9143067822e-05,1.600900e-01,1.427100e-01,1.6009000084e-01,1.4271000095e-01,0
6.7953817149e+07,1.1016502294e+03,1.6211749032e-05,3.8048737946e+09,1.8869511457e-05,1.600900e-01,1.427100e-01,1.6009000082e-01,1.4271000092e-01,0
6.9938388457e+07,1.1176211480e+03,1.5980081507e-05,3.9159940183e+09,1.8599864239e-05,1.600900e-01,1.427100e-01,1.6009000080e-01,1.4271000089e-01,0
7.1980918589e+07,1.1338236014e+03,1.5751724535e-05,4.0303594756e+09,1.8334070308e-05,1.600900e-01,1.427100e-01,1.6009000077e-01,1.4271000087e-01,0
7.4083100214e+07,1.1502609460e+03,1.5526630806e-05,4.1480649425e+09,1.8072074599e-05,1.600900e-01,1.427100e-01,1.6009000075e-01,1.4271000084e-01,0
7.6246675437e+07,1.1669365873e+03,1.5304753690e-05,4.2692079631e+09,1.7813822835e-05,1.600900e-01,1.427100e-01,1.6009000073e-01,1.4271000082e-01,0
7.8473437241e+07,1.1838539797e+03,1.5086047220e-05,4.3938889301e+09,1.7559261514e-05,1.600900e-01,1.427100e-01,1.6009000071e-01,1.4271000080e-01,0
8.0765230970e+07,1.2010166282e+03,1.4870466088e-05,4.5222111681e+09,1.7308337900e-05,1.600900e-01,1.427100e-01,1.6009000069e-01,1.4271000077e-01,0
8.3123955863e+07,1.2184280882e+03,1.4657965631e-05,4.6542810196e+09,1.7061000010e-05,1.600900e-01,1.427100e-01,1.6009000067e-01,1.4271000075e-01,0
8.5551566625e+07,1.2360919667e+03,1.4448501827e-05,4.7902079323e+09,1.6817196604e-05,1.600900e-01,1.427100e-01,1.6009000065e-01,1.4271000073e-01,0
8.8050075048e+07,1.2540119233e+03,1.4242031283e-05,4.9301045506e+09,1.6576877172e-05,1.600900e-01,1.427100e-01,1.6009000063e-01,1.4271000071e-01,0
9.0621551676e+07,1.2721916702e+03,1.4038511223e-05,5.0740868087e+09,1.6339991930e-05,1.600900e-01,1.427100e-01,1.6009000062e-01,1.4271000069e-01,0
9.3268127526e+07,1.2906349739e+03,1.3837899485e-05,5.2222740264e+09,1.6106491801e-05,1.600900e-01,1.427100e-01,1.6009000060e-01,1.4271000067e-01,0
9.5991995848e+07,1.3093456550e+03,1.3640154509e-05,5.3747890084e+09,1.5876328413e-05,1.600900e-01,1.427100e-01,1.6009000058e-01,1.4271000065e-01,0
9.8795413945e+07,1.3283275899e+03,1.3445235329e-05,5.5317581457e+09,1.5649454082e-05,1.600900e-01,1.427100e-01,1.6009000056e-01,1.4271000063e-01,0
1.0168070505e+08,1.3475847110e+03,1.3253101563e-05,5.6933115206e+09,1.5425821809e-05,1.600900e-01,1.427100e-01,1.6009000055e-01,1.4271000062e-01,0
1.0465026023e+08,1.3671210077e+03,1.3063713409e-05,5.8595830145e+09,1.5205385263e-05,1.600900e-01,1.427100e-01,1.6009000053e-01,1.4271000060e-01,0
1.0770654040e+08,1.3869405274e+03,1.2877031630e-05,6.0307104186e+09,1.4988098778e-05,1.600900e-01,1.427100e-01,1.6009000052e-01,1.4271000058e-01,0
1.1085207834e+08,1.4070473760e+03,1.2693017552e-05,6.2068355484e+09,1.4773917339e-05,1.600900e-01,1.427100e-01,1.6009000050e-01,1.4271000056e-01,0
1.1408948079e+08,1.4274457189e+03,1.2511633054e-05,6.3881043610e+09,1.4562796574e-05,1.600900e-01,1.427100e-01,1.6009000049e-01,1.4271000055e-01,0
1.1742143062e+08,1.4481397821e+03,1.2332840559e-05,6.5746670761e+09,1.4354692745e-05,1.600900e-01,1.427100e-01,1.6009000048e-01,1.4271000053e-01,0
1.2085068908e+08,1.4691338527e+03,1.2156603027e-05,6.7666783006e+09,1.4149562742e-05,1.600900e-01,1.427100e-01,1.6009000046e-01,1.4271000052e-01,0
1.2438009803e+08,1.4904322799e+03,1.1982883946e-05,6.9642971566e+09,1.3947364067e-05,1.600900e-01,1.427100e-01,1.6009000045e-01,1.4271000050e-01,0
1.2801258233e+08,1.5120394761e+03,1.1811647329e-05,7.1676874134e+09,1.3748054831e-05,1.600900e-01,1.427100e-01,1.6009000044e-01,1.4271000049e-01,0
1.3175115227e+08,1.5339599177e+03,1.1642857700e-05,7.3770176230e+09,1.3551593744e-05,1.600900e-01,1.427100e-01,1.6009000042e-01,1.4271000047e-01,0
1.3559890604e+08,1.5561981458e+03,1.1476480093e-05,7.5924612600e+09,1.3357940106e-05,1.600900e-01,1.427100e-01,1.6009000041e-01,1.4271000046e-01,0
1.3955903234e+08,1.5787587674e+03,1.1312480037e-05,7.8141968653e+09,1.3167053798e-05,1.600900e-01,1.427100e-01,1.6009000040e-01,1.4271000045e-01,0
1.4363481297e+08,1.6016464564e+03,1.1150823560e-05,8.0424081939e+09,1.2978895275e-05,1.600900e-01,1.427100e-01,1.6009000039e-01,1.4271000044e-01,0
1.4782962557e+08,1.6248659544e+03,1.0991477169e-05,8.2772843675e+09,1.2793425555e-05,1.600900e-01,1.427100e-01,1.6009000038e-01,1.4271000042e-01,0
1.5214694645e+08,1.6484220716e+03,1.0834407854e-05,8.5190200308e+09,1.2610606217e-05,1.600900e-01,1.427100e-01,1.6009000037e-01,1.4271000041e-01,0
1.5659035342e+08,1.6723196882e+03,1.0679583076e-05,8.7678155134e+09,1.2430399385e-05,1.600900e-01,1.427100e-01,1.6009000036e-01,1.4271000040e-01,0
1.6116352878e+08,1.6965637550e+03,1.0526970759e-05,9.0238769950e+09,1.2252767728e-05,1.600900e-01,1.427100e-01,1.6009000035e-01,1.4271000039e-01,0
1.6587026239e+08,1.7211592944e+03,1.0376539288e-05,9.2874166772e+09,1.2077674444e-05,1.600900e-01,1.427100e-01,1.6009000034e-01,1.4271000038e-01,0
1.7071445478e+08,1.7461114021e+03,1.0228257498e-05,9.5586529585e+09,1.1905083261e-05,1.600900e-01,1.427100e-01,1.6009000033e-01,1.4271000037e-01,0
1.7570012038e+08,1.7714252471e+03,1.0082094669e-05,9.8378106159e+09,1.1734958424e-05,1.600900e-01,1.427100e-01,1.6009000032e-01,1.4271000036e-01,0
1.8083139089e+08,1.7971060737e+03,9.9380205219e-06,1.0125120991e+10,1.1567264687e-05,1.600900e-01,1.427100e-01,1.6009000031e-01,1.4271000035e-01,0
1.8611251865e+08,1.8231592021e+03,9.7960052088e-06,1.0420822181e+10,1.1401967311e-05,1.600900e-01,1.427100e-01,1.6009000030e-01,1.4271000034e-01,0
1.9154788019e+08,1.8495900297e+03,9.6560193088e-06,1.0725159238e+10,1.1239032051e-05,1.600900e-01,1.427100e-01,1.6009000029e-01,1.4271000033e-01,0
1.9714197988e+08,1.8764040321e+03,9.5180338214e-06,1.1038384369e+10,1.1078425152e-05,1.600900e-01,1.427100e-01,1.6009000028e-01,1.4271000032e-01,0
