# QPD Phase-7 Plan 07-01 -- Surface ambient fast-neutron differential flux phi(E_n), version v1.1
# generated: 2026-07-22   git_sha: e158647
# DOCUMENTED TUNABLE INPUT -- cited spectral SHAPE (fixed) + absolute normalization & band (tunable).
# Gates CALC-05/06 (n-Ge elastic recoil kernel + fold -- NOT built here; this file is the incident flux only).
#
# ============================ AXIS TAG (READ CAREFULLY) ============================
# The energy axis of THIS table is INCIDENT NEUTRON KINETIC ENERGY E_n, NOT a recoil axis.
#   * columns E_n_lo_keV / E_n_center_keV / E_n_hi_keV are neutron energies, tabulated on the
#     project shared_energy_grid() edges (584 log bins, 10.14 eV -> 200 MeV) reused as the E_n binning
#     so this table is bin-identical to every other v1.x energy-axis artifact.
#   * The eventual n-Ge ELASTIC RECOIL that this flux produces lands on the keV_nr / unified phonon
#     scale (CONVENTIONS.md Section B) with NO ionization quenching -- that elastic fold is Phase 9
#     (CALC-06), NOT applied here. Do NOT confuse E_n (incident neutron) with E_nr (nuclear recoil):
#     a 1 MeV neutron does NOT deposit 1 MeV of recoil. No electron-equivalent<->nuclear-recoil scale
#     mixing and no ionization-quenching factor is applied anywhere in this file (CONVENTIONS.md
#     Section B FORBIDDEN list; full guard in docs/v1.1-scenario-assumptions.md).
# PROVENANCE TAG: (depth = surface / 0 m.w.e.; shielding = none-outdoor default + downward building band;
#   site = sea-level, NYC-representative vertical cutoff). This is an UNSHIELDED SURFACE flux; it is NOT a
#   shielded-or-underground post-shield residual (guard fp-underground-import; named shielded-experiment
#   residuals are forbidden as the surface baseline -- see the scenario note). The surface baseline is set
#   as an UPPER case relative to any such residual.
#
# ============================ WHAT IS FIXED (spectral shape) ============================
# SHAPE SOURCE (open-access, sourced -- NOT reconstructed from memory):
#   * Model : PARMA (PHITS-based Analytical Radiation Model in the Atmosphere), v4.10 (JAEA, 2021).
#   * Paper : Sato T., "Analytical Model for Estimating Terrestrial Cosmic Ray Fluxes Nearly Anytime
#             and Anywhere in the World: Extension of PARMA/EXPACS", PLOS ONE 10(12):e0144679 (2015),
#             DOI 10.1371/journal.pone.0144679 (open access). Neutron spectrum = Eq (6) energy-weighted
#             normalized form x normalization flux Eq (4); the paper states the FITTED coefficients live
#             in the EXPACS/PARMA distribution (paper text, "evaluated parameters ... provided in EXPACS"),
#             NOT tabulated in the article -- so the coefficients were taken from the PARMA source, not typed.
#   * Coefficients + code: official PARMA C++ (getSpecCpp/getNeutSpecCpp + input/neutro/*.inp), obtained
#             from the open mirror github.com/WeiMXi/PARMA, commit 6ff37cacb8cf003e2fc269963f9a08f812407264
#             (2023-08-04), retrieved 2026-07-22. Compiled unmodified; phi evaluated on the grid below.
#   * REFERENCE-MODEL CHANGE (documented decision): the plan originally specified the Gordon-2004 /
#             JEDEC JESD89A differential coefficients. Those are paywalled/registration-gated and were
#             UNSOURCEABLE in-environment (see 07-01-SUMMARY blocked run). USER DECISION 2026-07-22:
#             switch the differential SHAPE to the fully open-access PARMA/Sato-2015 model and ANCHOR
#             its absolute normalization to the cited Gordon >10 MeV integral (below). Gordon is retained
#             as the integral normalization benchmark, not the shape source.
#   * PARMA evaluation conditions (representative surface default):
#       W-index s = 100 (mid-solar; force-field potential ~0.56 GV); cutoff rigidity r_c = 2.08 GV
#       (NYC vertical cutoff, matching the Gordon-2004 NYC reference); atmospheric depth d = 1033 g/cm2
#       (sea level, US Std Atm 1976); local geometry g = 0.15 (ground, water fraction; Sato-recommended
#       default). Spectrum shows the four canonical ground-level features: thermal Maxwellian peak
#       (~0.03 eV), 1/E epithermal plateau, ~1-3 MeV evaporation hump, ~100 MeV cascade peak + tail.
#
# ============================ WHAT IS TUNABLE (normalization + band) ============================
# NORMALIZATION ANCHOR (representative default):
#   * The PARMA spectrum is scaled by a single scalar k = 1.09610 so that the 10 MeV-10 GeV integral
#     equals the cited Gordon-2004 sea-level NYC value Phi(>10 MeV) = 3.55e-3 cm^-2 s^-1 (midpoint of the
#     cited 3.5-3.6e-3; Gordon 2004 IEEE TNS 51, 3427, integral confirmed via the open DarkSide-20k paper
#     arXiv:2301.12970). NOTE: PARMA's UN-scaled native integral is 3.239e-03 -- it already agrees with
#     Gordon to ~9% with NO tuning, an independent cross-check that the shape+scale are physical; k is a
#     ~10% anchor adjustment, well inside the factor-of-a-few site band.
# BAND (columns phi_lo / phi_hi):
#   * phi_hi = phi_default : outdoor sea-level is the UPPER anchor (unshielded surface).
#   * phi_lo = phi_default / 5 : factor-of-a-few DOWNWARD scalar for indoor/building attenuation
#     (~[Gordon/5, Gordon]). LIMITATION (unvalidated): building roof/wall moderation reshapes the
#     spectrum (moderates fast->thermal); a pure scalar UNDERSTATES that spectral-shape systematic --
#     flagged as a Phase-8/12 sensitivity, not a full treatment. Modest UPWARD altitude/geomagnetic
#     scaling applies if the deployment site differs from sea-level NYC (re-evaluate PARMA at site d,r_c).
#
# ============================ INTEGRAL CROSS-CHECKS (reconciled labels) ============================
#   These are two ENERGY RANGES of the SAME committed spectrum, not a discrepancy:
#   * Phi(10 MeV - 10 GeV)      = 3.550e-03 cm^-2 s^-1  == Gordon 3.5-3.6e-3 anchor (by construction).
#   * Phi(thermal 0.01eV->10GeV)= 1.317e-02 cm^-2 s^-1  ~ Gordon broad ~1.3e-2 (matches after anchor).
#   ON-GRID subset (this 10.14 eV -> 197 MeV table only, phi_center*dE bin sum):
#   * Phi(10 - 197 MeV, on-grid)= 2.820e-03 cm^-2 s^-1  (misses the 21% of >10 MeV flux
#     that lies in the 197 MeV-10 GeV cascade tail ABOVE the shared-grid ceiling of ~197 MeV -- the
#     >10MeV ANCHOR is defined on the full 10 MeV-10 GeV range, evaluated natively in PARMA, NOT on-grid).
#   * Phi(broad, 10.14 eV - 197 MeV, on-grid) = 9.052e-03 cm^-2 s^-1.
#
# units: E_n in keV (neutron kinetic energy); phi in cm^-2 s^-1 MeV^-1 (per-MeV differential, Gordon/Sato
#   convention). Bin edges E_n_lo/E_n_hi carry full float precision and are byte-identical to
#   shared_energy_grid() (np.array_equal on the reconstructed edge vector).
# columns: E_n_lo_keV,E_n_center_keV,E_n_hi_keV,phi_default_cm2_s_MeV,phi_lo_cm2_s_MeV,phi_hi_cm2_s_MeV,shape_source,norm_anchor
E_n_lo_keV,E_n_center_keV,E_n_hi_keV,phi_default_cm2_s_MeV,phi_lo_cm2_s_MeV,phi_hi_cm2_s_MeV,shape_source,norm_anchor
0.01,0.010144972680282425,0.010292047068367675,2.21216032e+01,4.42432065e+00,2.21216032e+01,PARMA_v4.10_Sato2015_e0144679,Gordon2004_10MeV-10GeV_3.55e-3
0.010292047068367675,0.010441253633277088,0.010592623285749565,2.15078816e+01,4.30157633e+00,2.15078816e+01,PARMA_v4.10_Sato2015_e0144679,Gordon2004_10MeV-10GeV_3.55e-3
0.010592623285749565,0.010746187384645278,0.010901977743442197,2.09110239e+01,4.18220479e+00,2.09110239e+01,PARMA_v4.10_Sato2015_e0144679,Gordon2004_10MeV-10GeV_3.55e-3
0.010901977743442197,0.011060026636826809,0.011220366807380384,2.03305756e+01,4.06611512e+00,2.03305756e+01,PARMA_v4.10_Sato2015_e0144679,Gordon2004_10MeV-10GeV_3.55e-3
0.011220366807380384,0.011383031472362172,0.011548054330590925,1.97660943e+01,3.95321885e+00,1.97660943e+01,PARMA_v4.10_Sato2015_e0144679,Gordon2004_10MeV-10GeV_3.55e-3
0.011548054330590925,0.011715469569426207,0.011885311871850896,1.92171488e+01,3.84342976e+00,1.92171488e+01,PARMA_v4.10_Sato2015_e0144679,Gordon2004_10MeV-10GeV_3.55e-3
0.011885311871850896,0.012057616423656369,0.012232418920731854,1.86833194e+01,3.73666388e+00,1.86833194e+01,PARMA_v4.10_Sato2015_e0144679,Gordon2004_10MeV-10GeV_3.55e-3
0.012232418920731854,0.012409755576459448,0.012589663129216356,1.81641969e+01,3.63283938e+00,1.81641969e+01,PARMA_v4.10_Sato2015_e0144679,Gordon2004_10MeV-10GeV_3.55e-3
0.012589663129216356,0.012772178849985886,0.012957340550078779,1.76593829e+01,3.53187658e+00,1.76593829e+01,PARMA_v4.10_Sato2015_e0144679,Gordon2004_10MeV-10GeV_3.55e-3
0.012957340550078779,0.013145186588966481,0.013335755882227983,1.71684898e+01,3.43369795e+00,1.71684898e+01,PARMA_v4.10_Sato2015_e0144679,Gordon2004_10MeV-10GeV_3.55e-3
0.013335755882227983,0.013529087909611852,0.013725222723215148,1.66911395e+01,3.33822791e+00,1.66911395e+01,PARMA_v4.10_Sato2015_e0144679,Gordon2004_10MeV-10GeV_3.55e-3
0.013725222723215148,0.013924200955780921,0.014126063829115985,1.62269643e+01,3.24539285e+00,1.62269643e+01,PARMA_v4.10_Sato2015_e0144679,Gordon2004_10MeV-10GeV_3.55e-3
0.014126063829115985,0.01433085316263074,0.014538611382002783,1.57756061e+01,3.15512122e+00,1.57756061e+01,PARMA_v4.10_Sato2015_e0144679,Gordon2004_10MeV-10GeV_3.55e-3
0.014538611382002783,0.014749381527966133,0.014963207265227865,1.53367159e+01,3.06734317e+00,1.53367159e+01,PARMA_v4.10_Sato2015_e0144679,Gordon2004_10MeV-10GeV_3.55e-3
0.014963207265227865,0.015180132891514016,0.015400203346746633,1.49099543e+01,2.98199087e+00,1.49099543e+01,PARMA_v4.10_Sato2015_e0144679,Gordon2004_10MeV-10GeV_3.55e-3
0.015400203346746633,0.015623464222353854,0.015849961770714974,1.44949908e+01,2.89899815e+00,1.44949908e+01,PARMA_v4.10_Sato2015_e0144679,Gordon2004_10MeV-10GeV_3.55e-3
0.015849961770714974,0.016079742914742422,0.016312855257602669,1.40915035e+01,2.81830070e+00,1.40915035e+01,PARMA_v4.10_Sato2015_e0144679,Gordon2004_10MeV-10GeV_3.55e-3
0.016312855257602669,0.016549347092578059,0.016789267413071574,1.36991791e+01,2.73983581e+00,1.36991791e+01,PARMA_v4.10_Sato2015_e0144679,Gordon2004_10MeV-10GeV_3.55e-3
0.016789267413071574,0.01703266592275671,0.017279593045874425,1.33177127e+01,2.66354253e+00,1.33177127e+01,PARMA_v4.10_Sato2015_e0144679,Gordon2004_10MeV-10GeV_3.55e-3
0.017279593045874425,0.017530099937679417,0.017784238495037831,1.29468073e+01,2.58936146e+00,1.29468073e+01,PARMA_v4.10_Sato2015_e0144679,Gordon2004_10MeV-10GeV_3.55e-3
0.017784238495037831,0.018042061367178581,0.018303621966600566,1.25861742e+01,2.51723484e+00,1.25861742e+01,PARMA_v4.10_Sato2015_e0144679,Gordon2004_10MeV-10GeV_3.55e-3
0.018303621966600566,0.018568974480138001,0.018838173880186153,1.22355321e+01,2.44710642e+00,1.22355321e+01,PARMA_v4.10_Sato2015_e0144679,Gordon2004_10MeV-10GeV_3.55e-3
0.018838173880186153,0.019111275936089845,0.019388337225697039,1.18946074e+01,2.37892148e+00,1.18946074e+01,PARMA_v4.10_Sato2015_e0144679,Gordon2004_10MeV-10GeV_3.55e-3
0.019388337225697039,0.019669415147079913,0.019954567930425899,1.15631335e+01,2.31262671e+00,1.15631335e+01,PARMA_v4.10_Sato2015_e0144679,Gordon2004_10MeV-10GeV_3.55e-3
0.019954567930425899,0.020243854650101051,0.020537335236888346,1.12408515e+01,2.24817030e+00,1.12408515e+01,PARMA_v4.10_Sato2015_e0144679,Gordon2004_10MeV-10GeV_3.55e-3
0.020537335236888346,0.020835070490403385,0.021137122091690087,1.09275089e+01,2.18550178e+00,1.09275089e+01,PARMA_v4.10_Sato2015_e0144679,Gordon2004_10MeV-10GeV_3.55e-3
0.021137122091690087,0.021443552615998999,0.021754425545750855,1.06228603e+01,2.12457205e+00,1.06228603e+01,PARMA_v4.10_Sato2015_e0144679,Gordon2004_10MeV-10GeV_3.55e-3
0.021754425545750855,0.022069805283688047,0.022389757166216794,1.03266668e+01,2.06533335e+00,1.03266668e+01,PARMA_v4.10_Sato2015_e0144679,Gordon2004_10MeV-10GeV_3.55e-3
0.022389757166216794,0.0227143474769427,0.023043643460402569,1.00386959e+01,2.00773918e+00,1.00386959e+01,PARMA_v4.10_Sato2015_e0144679,Gordon2004_10MeV-10GeV_3.55e-3
0.023043643460402569,0.023377713335995282,0.02371662631211462,9.75872158e+00,1.95174432e+00,9.75872158e+00,PARMA_v4.10_Sato2015_e0144679,Gordon2004_10MeV-10GeV_3.55e-3
0.02371662631211462,0.024060452600487003,0.024409263430717081,9.48652368e+00,1.89730474e+00,9.48652368e+00,PARMA_v4.10_Sato2015_e0144679,Gordon2004_10MeV-10GeV_3.55e-3
0.024409263430717081,0.024763131065044162,0.025122128813312602,9.22188809e+00,1.84437762e+00,9.22188809e+00,PARMA_v4.10_Sato2015_e0144679,Gordon2004_10MeV-10GeV_3.55e-3
0.025122128813312602,0.025486331048159228,0.025855813220420906,8.96460651e+00,1.79292130e+00,8.96460651e+00,PARMA_v4.10_Sato2015_e0144679,Gordon2004_10MeV-10GeV_3.55e-3
0.025855813220420906,0.026230651874765521,0.026610924665549516,8.71447627e+00,1.74289525e+00,8.71447627e+00,PARMA_v4.10_Sato2015_e0144679,Gordon2004_10MeV-10GeV_3.55e-3
0.026610924665549516,0.026996710372905353,0.027388088919062192,8.47130016e+00,1.69426003e+00,8.47130016e+00,PARMA_v4.10_Sato2015_e0144679,Gordon2004_10MeV-10GeV_3.55e-3
0.027388088919062192,0.027785141384903175,0.028187950026762724,8.23488637e+00,1.64697727e+00,8.23488637e+00,PARMA_v4.10_Sato2015_e0144679,Gordon2004_10MeV-10GeV_3.55e-3
0.028187950026762724,0.028596598293467407,0.029011170843623781,8.00504827e+00,1.60100965e+00,8.00504827e+00,PARMA_v4.10_Sato2015_e0144679,Gordon2004_10MeV-10GeV_3.55e-3
0.029011170843623781,0.029431753563156918,0.029858433583103174,7.78160431e+00,1.55632086e+00,7.78160431e+00,PARMA_v4.10_Sato2015_e0144679,Gordon2004_10MeV-10GeV_3.55e-3
0.029858433583103174,0.030291299297660897,0.030730440382502795,7.56437791e+00,1.51287558e+00,7.56437791e+00,PARMA_v4.10_Sato2015_e0144679,Gordon2004_10MeV-10GeV_3.55e-3
0.030730440382502795,0.031175947813353862,0.03162791388483855,7.35319724e+00,1.47063945e+00,7.35319724e+00,PARMA_v4.10_Sato2015_e0144679,Gordon2004_10MeV-10GeV_3.55e-3
0.03162791388483855,0.032086432229601225,0.03255159783770379,7.14789522e+00,1.42957904e+00,7.14789522e+00,PARMA_v4.10_Sato2015_e0144679,Gordon2004_10MeV-10GeV_3.55e-3
0.03255159783770379,0.033023507076304533,0.033502257709622278,6.94830926e+00,1.38966185e+00,6.94830926e+00,PARMA_v4.10_Sato2015_e0144679,Gordon2004_10MeV-10GeV_3.55e-3
0.033502257709622278,0.033987948919189916,0.034480681324401616,6.75428125e+00,1.35085625e+00,6.75428125e+00,PARMA_v4.10_Sato2015_e0144679,Gordon2004_10MeV-10GeV_3.55e-3
0.034480681324401616,0.034980557003357886,0.035487679514012785,6.56565742e+00,1.31313148e+00,6.56565742e+00,PARMA_v4.10_Sato2015_e0144679,Gordon2004_10MeV-10GeV_3.55e-3
0.035487679514012785,0.036002153915627784,0.036524086790536668,6.38228815e+00,1.27645763e+00,6.38228815e+00,PARMA_v4.10_Sato2015_e0144679,Gordon2004_10MeV-10GeV_3.55e-3
0.036524086790536668,0.03705358626622586,0.03759076203773494,6.20402792e+00,1.24080558e+00,6.20402792e+00,PARMA_v4.10_Sato2015_e0144679,Gordon2004_10MeV-10GeV_3.55e-3
0.03759076203773494,0.038135725390381861,0.038688589222817676,6.03073526e+00,1.20614705e+00,6.03073526e+00,PARMA_v4.10_Sato2015_e0144679,Gordon2004_10MeV-10GeV_3.55e-3
0.038688589222817676,0.039249468070415433,0.039818478128998192,5.86227247e+00,1.17245449e+00,5.86227247e+00,PARMA_v4.10_Sato2015_e0144679,Gordon2004_10MeV-10GeV_3.55e-3
0.039818478128998192,0.040395737278910986,0.040981365109441815,5.69850572e+00,1.13970114e+00,5.69850572e+00,PARMA_v4.10_Sato2015_e0144679,Gordon2004_10MeV-10GeV_3.55e-3
0.040981365109441815,0.041575482943596642,0.042178213863233574,5.53930480e+00,1.10786096e+00,5.53930480e+00,PARMA_v4.10_Sato2015_e0144679,Gordon2004_10MeV-10GeV_3.55e-3
0.042178213863233574,0.042789682734561414,0.043410016234007816,5.38454306e+00,1.07690861e+00,5.38454306e+00,PARMA_v4.10_Sato2015_e0144679,Gordon2004_10MeV-10GeV_3.55e-3
0.043410016234007816,0.044039342874462567,0.044677793031901308,5.23409740e+00,1.04681948e+00,5.23409740e+00,PARMA_v4.10_Sato2015_e0144679,Gordon2004_10MeV-10GeV_3.55e-3
0.044677793031901308,0.045325498972395122,0.045982594879511757,5.08784800e+00,1.01756960e+00,5.08784800e+00,PARMA_v4.10_Sato2015_e0144679,Gordon2004_10MeV-10GeV_3.55e-3
0.045982594879511757,0.046649216882114125,0.047325503082561747,4.94567841e+00,9.89135682e-01,4.94567841e+00,PARMA_v4.10_Sato2015_e0144679,Gordon2004_10MeV-10GeV_3.55e-3
0.047325503082561747,0.048011593585321054,0.048707630525990496,4.80747536e+00,9.61495072e-01,4.80747536e+00,PARMA_v4.10_Sato2015_e0144679,Gordon2004_10MeV-10GeV_3.55e-3
0.048707630525990496,0.049413758100746379,0.050130122596215632,4.67312868e+00,9.34625736e-01,4.67312868e+00,PARMA_v4.10_Sato2015_e0144679,Gordon2004_10MeV-10GeV_3.55e-3
0.050130122596215632,0.05085687241978161,0.051594158130329297,4.54253127e+00,9.08506254e-01,4.54253127e+00,PARMA_v4.10_Sato2015_e0144679,Gordon2004_10MeV-10GeV_3.55e-3
0.051594158130329297,0.052342132469436219,0.053100950393015413,4.41557894e+00,8.83115788e-01,4.41557894e+00,PARMA_v4.10_Sato2015_e0144679,Gordon2004_10MeV-10GeV_3.55e-3
0.053100950393015413,0.053870769103417343,0.054651748081997131,4.29217038e+00,8.58434077e-01,4.29217038e+00,PARMA_v4.10_Sato2015_e0144679,Gordon2004_10MeV-10GeV_3.55e-3
0.054651748081997131,0.055444049122153824,0.056247836362848726,4.17220711e+00,8.34441422e-01,4.17220711e+00,PARMA_v4.10_Sato2015_e0144679,Gordon2004_10MeV-10GeV_3.55e-3
0.056247836362848726,0.057063276322609664,0.057890537934028194,4.05559331e+00,8.11118663e-01,4.05559331e+00,PARMA_v4.10_Sato2015_e0144679,Gordon2004_10MeV-10GeV_3.55e-3
0.057890537934028194,0.058729792578756934,0.059581214123014252,3.94223584e+00,7.88447167e-01,3.94223584e+00,PARMA_v4.10_Sato2015_e0144679,Gordon2004_10MeV-10GeV_3.55e-3
0.059581214123014252,0.060444978953603692,0.061321266014455554,3.83204411e+00,7.66408823e-01,3.83204411e+00,PARMA_v4.10_Sato2015_e0144679,Gordon2004_10MeV-10GeV_3.55e-3
0.061321266014455554,0.062210256843698256,0.063112135611267134,3.72493007e+00,7.44986013e-01,3.72493007e+00,PARMA_v4.10_Sato2015_e0144679,Gordon2004_10MeV-10GeV_3.55e-3
0.063112135611267134,0.064027089157058473,0.064955307029636533,3.62080804e+00,7.24161609e-01,3.62080804e+00,PARMA_v4.10_Sato2015_e0144679,Gordon2004_10MeV-10GeV_3.55e-3
0.064955307029636533,0.065896981525501927,0.06685230772892925,3.51959477e+00,7.03918955e-01,3.51959477e+00,PARMA_v4.10_Sato2015_e0144679,Gordon2004_10MeV-10GeV_3.55e-3
0.06685230772892925,0.067821483552382072,0.068804709777513989,3.42120928e+00,6.84241856e-01,3.42120928e+00,PARMA_v4.10_Sato2015_e0144679,Gordon2004_10MeV-10GeV_3.55e-3
0.068804709777513989,0.069802190096764041,0.070814131155555154,3.32557281e+00,6.65114563e-01,3.32557281e+00,PARMA_v4.10_Sato2015_e0144679,Gordon2004_10MeV-10GeV_3.55e-3
0.070814131155555154,0.071840742595104354,0.07288223709585355,3.23260883e+00,6.46521765e-01,3.23260883e+00,PARMA_v4.10_Sato2015_e0144679,Gordon2004_10MeV-10GeV_3.55e-3
0.07288223709585355,0.073938830421530044,0.075010741463845731,3.14224289e+00,6.28448578e-01,3.14224289e+00,PARMA_v4.10_Sato2015_e0144679,Gordon2004_10MeV-10GeV_3.55e-3
0.075010741463845731,0.076098192287844285,0.07720140817790587,3.05440260e+00,6.10880519e-01,3.05440260e+00,PARMA_v4.10_Sato2015_e0144679,Gordon2004_10MeV-10GeV_3.55e-3
0.07720140817790587,0.078320617684418739,0.079456052671127264,2.96901760e+00,5.93803520e-01,2.96901760e+00,PARMA_v4.10_Sato2015_e0144679,Gordon2004_10MeV-10GeV_3.55e-3
0.079456052671127264,0.080607948363166718,0.081776543395794252,2.88601946e+00,5.77203891e-01,2.88601946e+00,PARMA_v4.10_Sato2015_e0144679,Gordon2004_10MeV-10GeV_3.55e-3
0.081776543395794252,0.082962079863826282,0.084164803371792621,2.80534165e+00,5.61068329e-01,2.80534165e+00,PARMA_v4.10_Sato2015_e0144679,Gordon2004_10MeV-10GeV_3.55e-3
0.084164803371792621,0.085384963084817814,0.086622811780239992,2.72691949e+00,5.45383897e-01,2.72691949e+00,PARMA_v4.10_Sato2015_e0144679,Gordon2004_10MeV-10GeV_3.55e-3
0.086622811780239992,0.087878605899978104,0.089152605603658341,2.65069007e+00,5.30138014e-01,2.65069007e+00,PARMA_v4.10_Sato2015_e0144679,Gordon2004_10MeV-10GeV_3.55e-3
0.089152605603658341,0.090445074822510782,0.091756281314047186,2.57659226e+00,5.15318453e-01,2.57659226e+00,PARMA_v4.10_Sato2015_e0144679,Gordon2004_10MeV-10GeV_3.55e-3
0.091756281314047186,0.093086496717531719,0.094435996610255854,2.50456662e+00,5.00913324e-01,2.50456662e+00,PARMA_v4.10_Sato2015_e0144679,Gordon2004_10MeV-10GeV_3.55e-3
0.094435996610255854,0.095805060564628952,0.097193972206096393,2.43455532e+00,4.86911063e-01,2.43455532e+00,PARMA_v4.10_Sato2015_e0144679,Gordon2004_10MeV-10GeV_3.55e-3
0.097193972206096393,0.098603019271897685,0.10003249367067631,2.36650217e+00,4.73300434e-01,2.36650217e+00,PARMA_v4.10_Sato2015_e0144679,Gordon2004_10MeV-10GeV_3.55e-3
0.10003249367067631,0.10148269154295356,0.1029539133224792,2.30035254e+00,4.60070508e-01,2.30035254e+00,PARMA_v4.10_Sato2015_e0144679,Gordon2004_10MeV-10GeV_3.55e-3
0.1029539133224792,0.10444646379847163,0.10596065217876019,2.23605331e+00,4.47210663e-01,2.23605331e+00,PARMA_v4.10_Sato2015_e0144679,Gordon2004_10MeV-10GeV_3.55e-3
0.10596065217876019,0.10749679215384303,0.10905520196187356,2.17355284e+00,4.34710567e-01,2.17355284e+00,PARMA_v4.10_Sato2015_e0144679,Gordon2004_10MeV-10GeV_3.55e-3
0.10905520196187356,0.11063620445458894,0.11224012716419454,2.11280090e+00,4.22560179e-01,2.11280090e+00,PARMA_v4.10_Sato2015_e0144679,Gordon2004_10MeV-10GeV_3.55e-3
0.11224012716419454,0.11386730237121785,0.11551806717334628,2.05374870e+00,4.10749739e-01,2.05374870e+00,PARMA_v4.10_Sato2015_e0144679,Gordon2004_10MeV-10GeV_3.55e-3
0.11551806717334628,0.1171927635552628,0.11889173845949388,1.99634875e+00,3.99269750e-01,1.99634875e+00,PARMA_v4.10_Sato2015_e0144679,Gordon2004_10MeV-10GeV_3.55e-3
0.11889173845949388,0.12061534385828486,0.12236393682651703,1.94055495e+00,3.88110990e-01,1.94055495e+00,PARMA_v4.10_Sato2015_e0144679,Gordon2004_10MeV-10GeV_3.55e-3
0.12236393682651703,0.12413787961568196,0.12593753972892818,1.88632242e+00,3.77264484e-01,1.88632242e+00,PARMA_v4.10_Sato2015_e0144679,Gordon2004_10MeV-10GeV_3.55e-3
0.12593753972892818,0.12776328999719588,0.1296155086564553,1.83360757e+00,3.66721514e-01,1.83360757e+00,PARMA_v4.10_Sato2015_e0144679,Gordon2004_10MeV-10GeV_3.55e-3
0.1296155086564553,0.13149457942606491,0.13340089158826557,1.78236798e+00,3.56473596e-01,1.78236798e+00,PARMA_v4.10_Sato2015_e0144679,Gordon2004_10MeV-10GeV_3.55e-3
0.13340089158826557,0.13533484006882712,0.13729682551886419,1.73256246e+00,3.46512493e-01,1.73256246e+00,PARMA_v4.10_Sato2015_e0144679,Gordon2004_10MeV-10GeV_3.55e-3
0.13729682551886419,0.13928725439783798,0.14130653905776144,1.68415093e+00,3.36830185e-01,1.68415093e+00,PARMA_v4.10_Sato2015_e0144679,Gordon2004_10MeV-10GeV_3.55e-3
0.14130653905776144,0.1433550978286251,0.14543335510506158,1.63709444e+00,3.27418887e-01,1.63709444e+00,PARMA_v4.10_Sato2015_e0144679,Gordon2004_10MeV-10GeV_3.55e-3
0.14543335510506158,0.14754174143426624,0.14968069360519243,1.59135511e+00,3.18271023e-01,1.59135511e+00,PARMA_v4.10_Sato2015_e0144679,Gordon2004_10MeV-10GeV_3.55e-3
0.14968069360519243,0.15185065473904011,0.15405207438105609,1.54689614e+00,3.09379228e-01,1.54689614e+00,PARMA_v4.10_Sato2015_e0144679,Gordon2004_10MeV-10GeV_3.55e-3
0.15405207438105609,0.15628540859366497,0.15855112005095071,1.50368175e+00,3.00736349e-01,1.50368175e+00,PARMA_v4.10_Sato2015_e0144679,Gordon2004_10MeV-10GeV_3.55e-3
0.15855112005095071,0.16084967813450737,0.16318155903067985,1.46167712e+00,2.92335425e-01,1.46167712e+00,PARMA_v4.10_Sato2015_e0144679,Gordon2004_10MeV-10GeV_3.55e-3
0.16318155903067985,0.16554724582921404,0.16794722862333744,1.42084846e+00,2.84169691e-01,1.42084846e+00,PARMA_v4.10_Sato2015_e0144679,Gordon2004_10MeV-10GeV_3.55e-3
0.16794722862333744,0.17038200461129047,0.17285207819932957,1.38116286e+00,2.76232573e-01,1.38116286e+00,PARMA_v4.10_Sato2015_e0144679,Gordon2004_10MeV-10GeV_3.55e-3
0.17285207819932957,0.17535796110622395,0.17790017246926698,1.34258838e+00,2.68517676e-01,1.34258838e+00,PARMA_v4.10_Sato2015_e0144679,Gordon2004_10MeV-10GeV_3.55e-3
0.17790017246926698,0.18047923895182449,0.18309569485244231,1.30509394e+00,2.61018788e-01,1.30509394e+00,PARMA_v4.10_Sato2015_e0144679,Gordon2004_10MeV-10GeV_3.55e-3
0.18309569485244231,0.18575008221553546,0.18844295094368213,1.26864933e+00,2.53729866e-01,1.26864933e+00,PARMA_v4.10_Sato2015_e0144679,Gordon2004_10MeV-10GeV_3.55e-3
0.18844295094368213,0.19117485891154562,0.19394637208144772,1.23322519e+00,2.46645038e-01,1.23322519e+00,PARMA_v4.10_Sato2015_e0144679,Gordon2004_10MeV-10GeV_3.55e-3
0.19394637208144772,0.19675806462061771,0.19961051902014101,1.19879296e+00,2.39758592e-01,1.19879296e+00,PARMA_v4.10_Sato2015_e0144679,Gordon2004_10MeV-10GeV_3.55e-3
0.19961051902014101,0.20250432621563252,0.20544008570965913,1.16532492e+00,2.33064984e-01,1.16532492e+00,PARMA_v4.10_Sato2015_e0144679,Gordon2004_10MeV-10GeV_3.55e-3
0.20544008570965913,0.20841840569593714,0.2114399031853301,1.13279407e+00,2.26558814e-01,1.13279407e+00,PARMA_v4.10_Sato2015_e0144679,Gordon2004_10MeV-10GeV_3.55e-3
0.2114399031853301,0.21450520413367344,0.21761494357145217,1.10117420e+00,2.20234840e-01,1.10117420e+00,PARMA_v4.10_Sato2015_e0144679,Gordon2004_10MeV-10GeV_3.55e-3
0.21761494357145217,0.22076976573535834,0.22397032420175611,1.07043981e+00,2.14087962e-01,1.07043981e+00,PARMA_v4.10_Sato2015_e0144679,Gordon2004_10MeV-10GeV_3.55e-3
0.22397032420175611,0.2272172820220813,0.23051131186020415,1.04056613e+00,2.08113226e-01,1.04056613e+00,PARMA_v4.10_Sato2015_e0144679,Gordon2004_10MeV-10GeV_3.55e-3
0.23051131186020415,0.23385309613178332,0.23724332714564011,1.01152906e+00,2.02305813e-01,1.01152906e+00,PARMA_v4.10_Sato2015_e0144679,Gordon2004_10MeV-10GeV_3.55e-3
0.23724332714564011,0.24068270724718244,0.24417194896390784,9.83305201e-01,1.96661040e-01,9.83305201e-01,PARMA_v4.10_Sato2015_e0144679,Gordon2004_10MeV-10GeV_3.55e-3
0.24417194896390784,0.24771177515301587,0.25130291915116082,9.55871780e-01,1.91174356e-01,9.55871780e-01,PARMA_v4.10_Sato2015_e0144679,Gordon2004_10MeV-10GeV_3.55e-3
0.25130291915116082,0.25494612492637492,0.25864214723219431,9.29206673e-01,1.85841335e-01,9.29206673e-01,PARMA_v4.10_Sato2015_e0144679,Gordon2004_10MeV-10GeV_3.55e-3
0.25864214723219431,0.26239175176401958,0.26619571531774261,9.03288371e-01,1.80657674e-01,9.03288371e-01,PARMA_v4.10_Sato2015_e0144679,Gordon2004_10MeV-10GeV_3.55e-3
0.26619571531774261,0.27005482595067365,0.27396988314480086,8.78095968e-01,1.75619194e-01,8.78095968e-01,PARMA_v4.10_Sato2015_e0144679,Gordon2004_10MeV-10GeV_3.55e-3
0.27396988314480086,0.2779416979724173,0.28197109326414826,8.53609139e-01,1.70721828e-01,8.53609139e-01,PARMA_v4.10_Sato2015_e0144679,Gordon2004_10MeV-10GeV_3.55e-3
0.28197109326414826,0.28605890377941512,0.29020597637937051,8.29808128e-01,1.65961626e-01,8.29808128e-01,PARMA_v4.10_Sato2015_e0144679,Gordon2004_10MeV-10GeV_3.55e-3
0.29020597637937051,0.29441317020233998,0.29868135684180774,8.06673731e-01,1.61334746e-01,8.06673731e-01,PARMA_v4.10_Sato2015_e0144679,Gordon2004_10MeV-10GeV_3.55e-3
0.29868135684180774,0.30301142052698254,0.30740425830598067,7.84187280e-01,1.56837456e-01,7.84187280e-01,PARMA_v4.10_Sato2015_e0144679,Gordon2004_10MeV-10GeV_3.55e-3
0.30740425830598067,0.31186078023166552,0.31638190955018075,7.62330630e-01,1.52466126e-01,7.62330630e-01,PARMA_v4.10_Sato2015_e0144679,Gordon2004_10MeV-10GeV_3.55e-3
0.31638190955018075,0.32096858289221686,0.3256217504670505,7.41086141e-01,1.48217228e-01,7.41086141e-01,PARMA_v4.10_Sato2015_e0144679,Gordon2004_10MeV-10GeV_3.55e-3
0.3256217504670505,0.33034237625939677,0.33513143822911573,7.20436668e-01,1.44087334e-01,7.20436668e-01,PARMA_v4.10_Sato2015_e0144679,Gordon2004_10MeV-10GeV_3.55e-3
0.33513143822911573,0.3399899285138136,0.34491885363438129,7.00365544e-01,1.40073109e-01,7.00365544e-01,PARMA_v4.10_Sato2015_e0144679,Gordon2004_10MeV-10GeV_3.55e-3
0.34491885363438129,0.34991923470351305,0.35499210763724731,6.80856569e-01,1.36171314e-01,6.80856569e-01,PARMA_v4.10_Sato2015_e0144679,Gordon2004_10MeV-10GeV_3.55e-3
0.35499210763724731,0.36013852336957503,0.36535954807015913,6.61893995e-01,1.32378799e-01,6.61893995e-01,PARMA_v4.10_Sato2015_e0144679,Gordon2004_10MeV-10GeV_3.55e-3
0.36535954807015913,0.37065626336520974,0.37602976656156201,6.43462514e-01,1.28692503e-01,6.43462514e-01,PARMA_v4.10_Sato2015_e0144679,Gordon2004_10MeV-10GeV_3.55e-3
0.37602976656156201,0.38148117087400235,0.38701160565589049,6.25547247e-01,1.25109449e-01,6.25547247e-01,PARMA_v4.10_Sato2015_e0144679,Gordon2004_10MeV-10GeV_3.55e-3
0.38701160565589049,0.39262221663312441,0.39831416614149745,6.08133731e-01,1.21626746e-01,6.08133731e-01,PARMA_v4.10_Sato2015_e0144679,Gordon2004_10MeV-10GeV_3.55e-3
0.39831416614149745,0.40408863336749662,0.40994681459259136,5.91207908e-01,1.18241582e-01,5.91207908e-01,PARMA_v4.10_Sato2015_e0144679,Gordon2004_10MeV-10GeV_3.55e-3
0.40994681459259136,0.41588992344106435,0.42191919113143467,5.74756110e-01,1.14951222e-01,5.74756110e-01,PARMA_v4.10_Sato2015_e0144679,Gordon2004_10MeV-10GeV_3.55e-3
0.42191919113143467,0.42803586673152633,0.43424121741723426,5.58765056e-01,1.11753011e-01,5.58765056e-01,PARMA_v4.10_Sato2015_e0144679,Gordon2004_10MeV-10GeV_3.55e-3
0.43424121741723426,0.44053652873504207,0.44692310486834536,5.43221834e-01,1.08644367e-01,5.43221834e-01,PARMA_v4.10_Sato2015_e0144679,Gordon2004_10MeV-10GeV_3.55e-3
0.44692310486834536,0.45340226890763607,0.4599753631246033,5.28113894e-01,1.05622779e-01,5.28113894e-01,PARMA_v4.10_Sato2015_e0144679,Gordon2004_10MeV-10GeV_3.55e-3
0.4599753631246033,0.46664374925020879,0.47340880875679298,5.13429035e-01,1.02685807e-01,5.13429035e-01,PARMA_v4.10_Sato2015_e0144679,Gordon2004_10MeV-10GeV_3.55e-3
0.47340880875679298,0.48027194314427113,0.48723457423047845,4.99155401e-01,9.98310803e-02,4.99155401e-01,PARMA_v4.10_Sato2015_e0144679,Gordon2004_10MeV-10GeV_3.55e-3
0.48723457423047845,0.49429814444572423,0.50146411713161676,4.85281466e-01,9.70562932e-02,4.85281466e-01,PARMA_v4.10_Sato2015_e0144679,Gordon2004_10MeV-10GeV_3.55e-3
0.50146411713161676,0.50873397684421973,0.51610922966160411,4.71796027e-01,9.43592053e-02,4.71796027e-01,PARMA_v4.10_Sato2015_e0144679,Gordon2004_10MeV-10GeV_3.55e-3
0.51610922966160411,0.52359140349585809,0.53118204840962113,4.58688192e-01,9.17376383e-02,4.58688192e-01,PARMA_v4.10_Sato2015_e0144679,Gordon2004_10MeV-10GeV_3.55e-3
0.53118204840962113,0.53888273693720612,0.54669506441037741,4.45947377e-01,8.91894755e-02,4.45947377e-01,PARMA_v4.10_Sato2015_e0144679,Gordon2004_10MeV-10GeV_3.55e-3
0.54669506441037741,0.55462064928885191,0.56266113349559022,4.33563296e-01,8.67126591e-02,4.33563296e-01,PARMA_v4.10_Sato2015_e0144679,Gordon2004_10MeV-10GeV_3.55e-3
0.56266113349559022,0.5708181827569504,0.57909348694777218,4.21525944e-01,8.43051889e-02,4.21525944e-01,PARMA_v4.10_Sato2015_e0144679,Gordon2004_10MeV-10GeV_3.55e-3
0.57909348694777218,0.58748876044146359,0.59600574246516336,4.09825604e-01,8.19651208e-02,4.09825604e-01,PARMA_v4.10_Sato2015_e0144679,Gordon2004_10MeV-10GeV_3.55e-3
0.59600574246516336,0.60464619746005244,0.61341191544688833,3.98452826e-01,7.96905652e-02,3.98452826e-01,PARMA_v4.10_Sato2015_e0144679,Gordon2004_10MeV-10GeV_3.55e-3
0.61341191544688833,0.62230471239683949,0.63132643060769478,3.87398427e-01,7.74796855e-02,3.87398427e-01,PARMA_v4.10_Sato2015_e0144679,Gordon2004_10MeV-10GeV_3.55e-3
0.63132643060769478,0.64047893908552789,0.64976413393189492,3.76653481e-01,7.53306961e-02,3.76653481e-01,PARMA_v4.10_Sato2015_e0144679,Gordon2004_10MeV-10GeV_3.55e-3
0.64976413393189492,0.65918393873664438,0.66874030497642201,3.66209310e-01,7.32418619e-02,3.66209310e-01,PARMA_v4.10_Sato2015_e0144679,Gordon2004_10MeV-10GeV_3.55e-3
0.66874030497642201,0.67843521241895377,0.68827066953318894,3.56057479e-01,7.12114958e-02,3.56057479e-01,PARMA_v4.10_Sato2015_e0144679,Gordon2004_10MeV-10GeV_3.55e-3
0.68827066953318894,0.69824871390538945,0.70837141266125137,3.46189795e-01,6.92379590e-02,3.46189795e-01,PARMA_v4.10_Sato2015_e0144679,Gordon2004_10MeV-10GeV_3.55e-3
0.70837141266125137,0.71864086289414619,0.72905919209957004,3.36598287e-01,6.73196573e-02,3.36598287e-01,PARMA_v4.10_Sato2015_e0144679,Gordon2004_10MeV-10GeV_3.55e-3
0.72905919209957004,0.73962855861589138,0.7503511520714885,3.27275212e-01,6.54550424e-02,3.27275212e-01,PARMA_v4.10_Sato2015_e0144679,Gordon2004_10MeV-10GeV_3.55e-3
0.7503511520714885,0.76122919383836929,0.77226493749236702,3.18213041e-01,6.36426082e-02,3.18213041e-01,PARMA_v4.10_Sato2015_e0144679,Gordon2004_10MeV-10GeV_3.55e-3
0.77226493749236702,0.78346066928000746,0.79481870859214576,3.09404460e-01,6.18808920e-02,3.09404460e-01,PARMA_v4.10_Sato2015_e0144679,Gordon2004_10MeV-10GeV_3.55e-3
0.79481870859214576,0.80634140844446756,0.81803115596495757,3.00842354e-01,6.01684709e-02,3.00842354e-01,PARMA_v4.10_Sato2015_e0144679,Gordon2004_10MeV-10GeV_3.55e-3
0.81803115596495757,0.82989037288843448,0.84192151605825616,2.92519815e-01,5.85039629e-02,2.92519815e-01,PARMA_v4.10_Sato2015_e0144679,Gordon2004_10MeV-10GeV_3.55e-3
0.84192151605825616,0.85412707793529685,0.86650958711430426,2.84430120e-01,5.68860241e-02,2.84430120e-01,PARMA_v4.10_Sato2015_e0144679,Gordon2004_10MeV-10GeV_3.55e-3
0.86650958711430426,0.87907160884774205,0.89181574557722598,2.76566742e-01,5.53133484e-02,2.76566742e-01,PARMA_v4.10_Sato2015_e0144679,Gordon2004_10MeV-10GeV_3.55e-3
0.89181574557722598,0.90474463747266576,0.91786096297922204,2.68923333e-01,5.37846666e-02,2.68923333e-01,PARMA_v4.10_Sato2015_e0144679,Gordon2004_10MeV-10GeV_3.55e-3
0.91786096297922204,0.93116743937219248,0.94466682331994334,2.61493722e-01,5.22987445e-02,2.61493722e-01,PARMA_v4.10_Sato2015_e0144679,Gordon2004_10MeV-10GeV_3.55e-3
0.94466682331994334,0.9583619114550006,0.97225554095342215,2.54271916e-01,5.08543831e-02,2.54271916e-01,PARMA_v4.10_Sato2015_e0144679,Gordon2004_10MeV-10GeV_3.55e-3
0.97225554095342215,0.98635059012256776,1.0006499789973897,2.47252083e-01,4.94504165e-02,2.47252083e-01,PARMA_v4.10_Sato2015_e0144679,Gordon2004_10MeV-10GeV_3.55e-3
1.0006499789973897,1.0151566699453702,1.0298736682802265,2.40428560e-01,4.80857119e-02,2.40428560e-01,PARMA_v4.10_Sato2015_e0144679,Gordon2004_10MeV-10GeV_3.55e-3
1.0298736682802265,1.0448040228845139,1.0599508268412563,2.33795841e-01,4.67591682e-02,2.33795841e-01,PARMA_v4.10_Sato2015_e0144679,Gordon2004_10MeV-10GeV_3.55e-3
1.0599508268412563,1.0753172180747308,1.0909063800005439,2.27348573e-01,4.54697147e-02,2.27348573e-01,PARMA_v4.10_Sato2015_e0144679,Gordon2004_10MeV-10GeV_3.55e-3
1.0909063800005439,1.1067215421851317,1.1227659810148196,2.21081557e-01,4.42163114e-02,2.21081557e-01,PARMA_v4.10_Sato2015_e0144679,Gordon2004_10MeV-10GeV_3.55e-3
1.1227659810148196,1.1390430203745836,1.1555560323366523,2.14989734e-01,4.29979468e-02,2.14989734e-01,PARMA_v4.10_Sato2015_e0144679,Gordon2004_10MeV-10GeV_3.55e-3
1.1555560323366523,1.1723084378590896,1.1893037074945032,2.09068192e-01,4.18136383e-02,2.09068192e-01,PARMA_v4.10_Sato2015_e0144679,Gordon2004_10MeV-10GeV_3.55e-3
1.1893037074945032,1.206545362109033,1.22403697361176,2.03312154e-01,4.06624307e-02,2.03312154e-01,PARMA_v4.10_Sato2015_e0144679,Gordon2004_10MeV-10GeV_3.55e-3
1.22403697361176,1.2417821656946888,1.2597846145834564,1.97716978e-01,3.95433956e-02,1.97716978e-01,PARMA_v4.10_Sato2015_e0144679,Gordon2004_10MeV-10GeV_3.55e-3
1.2597846145834564,1.2780480497989284,1.2965762549298354,1.92278152e-01,3.84556305e-02,1.92278152e-01,PARMA_v4.10_Sato2015_e0144679,Gordon2004_10MeV-10GeV_3.55e-3
1.2965762549298354,1.3153730684166076,1.3344423843465745,1.86991291e-01,3.73982582e-02,1.86991291e-01,PARMA_v4.10_Sato2015_e0144679,Gordon2004_10MeV-10GeV_3.55e-3
1.3344423843465745,1.3537881532606941,1.373414382971974,1.81852131e-01,3.63704263e-02,1.81852131e-01,PARMA_v4.10_Sato2015_e0144679,Gordon2004_10MeV-10GeV_3.55e-3
1.373414382971974,1.3933251393957615,1.4135245473920697,1.76856531e-01,3.53713062e-02,1.76856531e-01,PARMA_v4.10_Sato2015_e0144679,Gordon2004_10MeV-10GeV_3.55e-3
1.4135245473920697,1.4340167916201128,1.4548061174052302,1.72000463e-01,3.44000925e-02,1.72000463e-01,PARMA_v4.10_Sato2015_e0144679,Gordon2004_10MeV-10GeV_3.55e-3
1.4548061174052302,1.47589683161838,1.4972933035683851,1.67280013e-01,3.34560026e-02,1.67280013e-01,PARMA_v4.10_Sato2015_e0144679,Gordon2004_10MeV-10GeV_3.55e-3
1.4972933035683851,1.5189999659071087,1.5410213155477557,1.62691378e-01,3.25382755e-02,1.62691378e-01,PARMA_v4.10_Sato2015_e0144679,Gordon2004_10MeV-10GeV_3.55e-3
1.5410213155477557,1.5633619145964857,1.5860263912975368,1.58230860e-01,3.16461720e-02,1.58230860e-01,PARMA_v4.10_Sato2015_e0144679,Gordon2004_10MeV-10GeV_3.55e-3
1.5860263912975368,1.6090194409920429,1.6323458270907567,1.53894866e-01,3.07789732e-02,1.53894866e-01,PARMA_v4.10_Sato2015_e0144679,Gordon2004_10MeV-10GeV_3.55e-3
1.6323458270907567,1.6560103820608747,1.6800180084271639,1.49679903e-01,2.99359807e-02,1.49679903e-01,PARMA_v4.10_Sato2015_e0144679,Gordon2004_10MeV-10GeV_3.55e-3
1.6800180084271639,1.7043736797876059,1.7290824418437682,1.45582577e-01,2.91165154e-02,1.45582577e-01,PARMA_v4.10_Sato2015_e0144679,Gordon2004_10MeV-10GeV_3.55e-3
1.7290824418437682,1.7541494134461055,1.7795797876544184,1.41599587e-01,2.83199174e-02,1.41599587e-01,PARMA_v4.10_Sato2015_e0144679,Gordon2004_10MeV-10GeV_3.55e-3
1.7795797876544184,1.8053788328136868,1.8315518936455017,1.37727728e-01,2.75455457e-02,1.37727728e-01,PARMA_v4.10_Sato2015_e0144679,Gordon2004_10MeV-10GeV_3.55e-3
1.8315518936455017,1.8581043923553149,1.8850418297557439,1.33963883e-01,2.67927766e-02,1.33963883e-01,PARMA_v4.10_Sato2015_e0144679,Gordon2004_10MeV-10GeV_3.55e-3
1.8850418297557439,1.912369786406162,1.9400939237688051,1.30305021e-01,2.60610042e-02,1.30305021e-01,PARMA_v4.10_Sato2015_e0144679,Gordon2004_10MeV-10GeV_3.55e-3
1.9400939237688051,1.9682199853816453,1.9967537980482659,1.26748198e-01,2.53496396e-02,1.26748198e-01,PARMA_v4.10_Sato2015_e0144679,Gordon2004_10MeV-10GeV_3.55e-3
1.9967537980482659,2.0257012730449828,2.0550684073454684,1.23290553e-01,2.46581107e-02,1.23290553e-01,PARMA_v4.10_Sato2015_e0144679,Gordon2004_10MeV-10GeV_3.55e-3
2.0550684073454684,2.0848612848631283,2.1150860777114944,1.19929306e-01,2.39858612e-02,1.19929306e-01,PARMA_v4.10_Sato2015_e0144679,Gordon2004_10MeV-10GeV_3.55e-3
2.1150860777114944,2.1457490474828824,2.1768565465455882,1.16661751e-01,2.33323502e-02,1.16661751e-01,PARMA_v4.10_Sato2015_e0144679,Gordon2004_10MeV-10GeV_3.55e-3
2.1768565465455882,2.2084150193598933,2.240431003813149,1.13485262e-01,2.26970524e-02,1.13485262e-01,PARMA_v4.10_Sato2015_e0144679,Gordon2004_10MeV-10GeV_3.55e-3
2.240431003813149,2.2729111325742117,2.3058621344675156,1.10397285e-01,2.20794570e-02,1.10397285e-01,PARMA_v4.10_Sato2015_e0144679,Gordon2004_10MeV-10GeV_3.55e-3
2.3058621344675156,2.3392908358670668,2.3732041621106434,1.07395338e-01,2.14790676e-02,1.07395338e-01,PARMA_v4.10_Sato2015_e0144679,Gordon2004_10MeV-10GeV_3.55e-3
2.3732041621106434,2.4076091389345011,2.44251289392888,1.04477008e-01,2.08954017e-02,1.04477008e-01,PARMA_v4.10_Sato2015_e0144679,Gordon2004_10MeV-10GeV_3.55e-3
2.44251289392888,2.4779226580146054,2.5138457669410985,1.01639952e-01,2.03279904e-02,1.01639952e-01,PARMA_v4.10_Sato2015_e0144679,Gordon2004_10MeV-10GeV_3.55e-3
2.5138457669410985,2.5502896628061058,2.5872618955974609,9.88818897e-02,1.97763779e-02,9.88818897e-02,PARMA_v4.10_Sato2015_e0144679,Gordon2004_10MeV-10GeV_3.55e-3
2.5872618955974609,2.6247701247571964,2.6628221207683254,9.62006069e-02,1.92401214e-02,9.62006069e-02,PARMA_v4.10_Sato2015_e0144679,Gordon2004_10MeV-10GeV_3.55e-3
2.6628221207683254,2.7014257667646357,2.7405890601638223,9.35939507e-02,1.87187901e-02,9.35939507e-02,PARMA_v4.10_Sato2015_e0144679,Gordon2004_10MeV-10GeV_3.55e-3
2.7405890601638223,2.7803201143242853,2.8206271602259574,9.10598292e-02,1.82119658e-02,9.10598292e-02,PARMA_v4.10_Sato2015_e0144679,Gordon2004_10MeV-10GeV_3.55e-3
2.8206271602259574,2.8615185481754937,2.9030027495361819,8.85962086e-02,1.77192417e-02,8.85962086e-02,PARMA_v4.10_Sato2015_e0144679,Gordon2004_10MeV-10GeV_3.55e-3
2.9030027495361819,2.9450883584829319,2.9877840937827145,8.62011128e-02,1.72402226e-02,8.62011128e-02,PARMA_v4.10_Sato2015_e0144679,Gordon2004_10MeV-10GeV_3.55e-3
2.9877840937827145,3.0310988006008026,3.0750414523331973,8.38726208e-02,1.67745242e-02,8.38726208e-02,PARMA_v4.10_Sato2015_e0144679,Gordon2004_10MeV-10GeV_3.55e-3
3.0750414523331973,3.1196211524656263,3.1648471364594943,8.16088657e-02,1.63217731e-02,8.16088657e-02,PARMA_v4.10_Sato2015_e0144679,Gordon2004_10MeV-10GeV_3.55e-3
3.1648471364594943,3.210728773665164,3.2572755692629785,7.94080329e-02,1.58816066e-02,7.94080329e-02,PARMA_v4.10_Sato2015_e0144679,Gordon2004_10MeV-10GeV_3.55e-3
3.2572755692629785,3.3044971662324287,3.3524033473498669,7.72683589e-02,1.54536718e-02,7.72683589e-02,PARMA_v4.10_Sato2015_e0144679,Gordon2004_10MeV-10GeV_3.55e-3
3.3524033473498669,3.401004037215174,3.4503093043078157,7.51881295e-02,1.50376259e-02,7.51881295e-02,PARMA_v4.10_Sato2015_e0144679,Gordon2004_10MeV-10GeV_3.55e-3
3.4503093043078157,3.5003293630727055,3.5510745760362985,7.31656790e-02,1.46331358e-02,7.31656790e-02,PARMA_v4.10_Sato2015_e0144679,Gordon2004_10MeV-10GeV_3.55e-3
3.5510745760362985,3.602555455953373,3.6547826679849353,7.11993882e-02,1.42398776e-02,7.11993882e-02,PARMA_v4.10_Sato2015_e0144679,Gordon2004_10MeV-10GeV_3.55e-3
3.6547826679849353,3.7077670319076885,3.7615195243555362,6.92876834e-02,1.38575367e-02,6.92876834e-02,PARMA_v4.10_Sato2015_e0144679,Gordon2004_10MeV-10GeV_3.55e-3
3.7615195243555362,3.8160512810935843,3.8713735993251146,6.74290351e-02,1.34858070e-02,6.74290351e-02,PARMA_v4.10_Sato2015_e0144679,Gordon2004_10MeV-10GeV_3.55e-3
3.8713735993251146,3.9274979400319929,3.9844359303490076,6.56219568e-02,1.31243914e-02,6.56219568e-02,PARMA_v4.10_Sato2015_e0144679,Gordon2004_10MeV-10GeV_3.55e-3
3.9844359303490076,4.0421993659726354,4.1008002136047308,6.38650038e-02,1.27730008e-02,6.38650038e-02,PARMA_v4.10_Sato2015_e0144679,Gordon2004_10MeV-10GeV_3.55e-3
4.1008002136047308,4.1602506134316313,4.2205628816392089,6.21567718e-02,1.24313544e-02,6.21567718e-02,PARMA_v4.10_Sato2015_e0144679,Gordon2004_10MeV-10GeV_3.55e-3
4.2205628816392089,4.2817495129643843,4.343823183283626,6.04958960e-02,1.20991792e-02,6.04958960e-02,PARMA_v4.10_Sato2015_e0144679,Gordon2004_10MeV-10GeV_3.55e-3
4.343823183283626,4.4067967522389813,4.4706832659021769,5.88810501e-02,1.17762100e-02,5.88810501e-02,PARMA_v4.10_Sato2015_e0144679,Gordon2004_10MeV-10GeV_3.55e-3
4.4706832659021769,4.5354959594773394,4.6012482600428939,5.73109448e-02,1.14621890e-02,5.73109448e-02,PARMA_v4.10_Sato2015_e0144679,Gordon2004_10MeV-10GeV_3.55e-3
4.6012482600428939,4.667953789333219,4.7356263665606306,5.57843272e-02,1.11568654e-02,5.57843272e-02,PARMA_v4.10_Sato2015_e0144679,Gordon2004_10MeV-10GeV_3.55e-3
4.7356263665606306,4.8042800112782729,4.8739289462845026,5.42999795e-02,1.08599959e-02,5.42999795e-02,PARMA_v4.10_Sato2015_e0144679,Gordon2004_10MeV-10GeV_3.55e-3
4.8739289462845026,4.9445876005693972,5.0162706123039742,5.28567181e-02,1.05713436e-02,5.28567181e-02,PARMA_v4.10_Sato2015_e0144679,Gordon2004_10MeV-10GeV_3.55e-3
5.0162706123039742,5.0889928318727389,5.1627693249502009,5.14533927e-02,1.02906785e-02,5.14533927e-02,PARMA_v4.10_Sato2015_e0144679,Gordon2004_10MeV-10GeV_3.55e-3
5.1627693249502009,5.2376153756219939,5.3135464895512303,5.00888852e-02,1.00177770e-02,5.00888852e-02,PARMA_v4.10_Sato2015_e0144679,Gordon2004_10MeV-10GeV_3.55e-3
5.3135464895512303,5.3905783971907795,5.4687270570421056,4.87621090e-02,9.75242180e-03,4.87621090e-02,PARMA_v4.10_Sato2015_e0144679,Gordon2004_10MeV-10GeV_3.55e-3
5.4687270570421056,5.548008658961348,5.6284396275133215,4.74720080e-02,9.49440160e-03,4.74720080e-02,PARMA_v4.10_Sato2015_e0144679,Gordon2004_10MeV-10GeV_3.55e-3
5.6284396275133215,5.7100366253741619,5.7928165567832899,4.62175557e-02,9.24351114e-03,4.62175557e-02,PARMA_v4.10_Sato2015_e0144679,Gordon2004_10MeV-10GeV_3.55e-3
5.7928165567832899,5.8767965710454186,5.9619940660833217,4.49977545e-02,8.99955091e-03,4.49977545e-02,PARMA_v4.10_Sato2015_e0144679,Gordon2004_10MeV-10GeV_3.55e-3
5.9619940660833217,6.0484266920421206,6.136112354945829,4.38116349e-02,8.76232699e-03,4.38116349e-02,PARMA_v4.10_Sato2015_e0144679,Gordon2004_10MeV-10GeV_3.55e-3
6.136112354945829,6.225069220406886,6.3153157173894856,4.26582544e-02,8.53165088e-03,4.26582544e-02,PARMA_v4.10_Sato2015_e0144679,Gordon2004_10MeV-10GeV_3.55e-3
6.3153157173894856,6.4068705420274545,6.499752661497479,4.15366971e-02,8.30733942e-03,4.15366971e-02,PARMA_v4.10_Sato2015_e0144679,Gordon2004_10MeV-10GeV_3.55e-3
6.499752661497479,6.5939813179484883,6.6895760324880085,4.04460729e-02,8.08921458e-03,4.04460729e-02,PARMA_v4.10_Sato2015_e0144679,Gordon2004_10MeV-10GeV_3.55e-3
6.6895760324880085,6.7865566092262952,6.8849431393790903,3.93855165e-02,7.87710331e-03,3.93855165e-02,PARMA_v4.10_Sato2015_e0144679,Gordon2004_10MeV-10GeV_3.55e-3
6.8849431393790903,6.9847560054298761,7.0860158853524666,3.83541872e-02,7.67083745e-03,3.83541872e-02,PARMA_v4.10_Sato2015_e0144679,Gordon2004_10MeV-10GeV_3.55e-3
7.0860158853524666,7.188743756894806,7.2929609019248662,3.73512676e-02,7.47025352e-03,3.73512676e-02,PARMA_v4.10_Sato2015_e0144679,Gordon2004_10MeV-10GeV_3.55e-3
7.2929609019248662,7.398688910839561,7.5059496870375852,3.63759634e-02,7.27519268e-03,3.63759634e-02,PARMA_v4.10_Sato2015_e0144679,Gordon2004_10MeV-10GeV_3.55e-3
7.5059496870375852,7.6147654514570693,7.7251587471790408,3.54275026e-02,7.08550052e-03,3.54275026e-02,PARMA_v4.10_Sato2015_e0144679,Gordon2004_10MeV-10GeV_3.55e-3
7.7251587471790408,7.8371524440976188,7.9507697436578981,3.45051350e-02,6.90102699e-03,3.45051350e-02,PARMA_v4.10_Sato2015_e0144679,Gordon2004_10MeV-10GeV_3.55e-3
7.9507697436578981,8.0660341836625449,8.1829696431480645,3.36081310e-02,6.72162620e-03,3.36081310e-02,PARMA_v4.10_Sato2015_e0144679,Gordon2004_10MeV-10GeV_3.55e-3
8.1829696431480645,8.301600347331755,8.4219508726303758,3.27357823e-02,6.54715646e-03,3.27357823e-02,PARMA_v4.10_Sato2015_e0144679,Gordon2004_10MeV-10GeV_3.55e-3
8.4219508726303758,8.5440461517515853,8.6679114788591995,3.18873997e-02,6.37747994e-03,3.18873997e-02,PARMA_v4.10_Sato2015_e0144679,Gordon2004_10MeV-10GeV_3.55e-3
8.6679114788591995,8.7935725148132988,8.9210552924863293,3.10623137e-02,6.21246274e-03,3.10623137e-02,PARMA_v4.10_Sato2015_e0144679,Gordon2004_10MeV-10GeV_3.55e-3
8.9210552924863293,9.050386222156277,9.1815920969779903,3.02598738e-02,6.05197475e-03,3.02598738e-02,PARMA_v4.10_Sato2015_e0144679,Gordon2004_10MeV-10GeV_3.55e-3
9.1815920969779903,9.3147000985338693,9.4497378024650072,2.94794472e-02,5.89588944e-03,2.94794472e-02,PARMA_v4.10_Sato2015_e0144679,Gordon2004_10MeV-10GeV_3.55e-3
9.4497378024650072,9.5867331841839594,9.7257146246703226,2.87204196e-02,5.74408391e-03,2.87204196e-02,PARMA_v4.10_Sato2015_e0144679,Gordon2004_10MeV-10GeV_3.55e-3
9.7257146246703226,9.8667109163503621,10.009751269061876,2.79821932e-02,5.59643865e-03,2.79821932e-02,PARMA_v4.10_Sato2015_e0144679,Gordon2004_10MeV-10GeV_3.55e-3
10.009751269061876,10.154865316105509,10.302083120383795,2.72641875e-02,5.45283751e-03,2.72641875e-02,PARMA_v4.10_Sato2015_e0144679,Gordon2004_10MeV-10GeV_3.55e-3
10.302083120383795,10.451435180629227,10.602952437722609,2.65658383e-02,5.31316765e-03,2.65658383e-02,PARMA_v4.10_Sato2015_e0144679,Gordon2004_10MeV-10GeV_3.55e-3
10.602952437722609,10.756666281102977,10.912608555270481,2.58865967e-02,5.17731934e-03,2.58865967e-02,PARMA_v4.10_Sato2015_e0144679,Gordon2004_10MeV-10GeV_3.55e-3
10.912608555270481,11.070811566383531,11.231308088951561,2.52259299e-02,5.04518599e-03,2.52259299e-02,PARMA_v4.10_Sato2015_e0144679,Gordon2004_10MeV-10GeV_3.55e-3
11.231308088951561,11.394131372624857,11.559315149082801,2.45833196e-02,4.91666393e-03,2.45833196e-02,PARMA_v4.10_Sato2015_e0144679,Gordon2004_10MeV-10GeV_3.55e-3
11.559315149082801,11.726893639021979,11.896901559245576,2.39582624e-02,4.79165247e-03,2.39582624e-02,PARMA_v4.10_Sato2015_e0144679,Gordon2004_10MeV-10GeV_3.55e-3
11.896901559245576,12.06937412985557,12.244347081549218,2.33502686e-02,4.67005371e-03,2.33502686e-02,PARMA_v4.10_Sato2015_e0144679,Gordon2004_10MeV-10GeV_3.55e-3
12.244347081549218,12.421856663021268,12.601939648473499,2.27588625e-02,4.55177249e-03,2.27588625e-02,PARMA_v4.10_Sato2015_e0144679,Gordon2004_10MeV-10GeV_3.55e-3
12.601939648473499,12.784633345233152,12.969975601481798,2.21835818e-02,4.43671636e-03,2.21835818e-02,PARMA_v4.10_Sato2015_e0144679,Gordon2004_10MeV-10GeV_3.55e-3
12.969975601481798,13.158004814096239,13.348759936603093,2.16239769e-02,4.32479539e-03,2.16239769e-02,PARMA_v4.10_Sato2015_e0144679,Gordon2004_10MeV-10GeV_3.55e-3
13.348759936603093,13.542280487248696,13.73860655718598,2.10796113e-02,4.21592227e-03,2.10796113e-02,PARMA_v4.10_Sato2015_e0144679,Gordon2004_10MeV-10GeV_3.55e-3
13.73860655718598,13.937778818780071,14.139838534034281,2.05500604e-02,4.11001207e-03,2.05500604e-02,PARMA_v4.10_Sato2015_e0144679,Gordon2004_10MeV-10GeV_3.55e-3
14.139838534034281,14.344827563138249,14.552788373139986,2.00349113e-02,4.00698226e-03,2.00349113e-02,PARMA_v4.10_Sato2015_e0144679,Gordon2004_10MeV-10GeV_3.55e-3
14.552788373139986,14.763764046743683,14.97779829123505,1.95337633e-02,3.90675265e-03,1.95337633e-02,PARMA_v4.10_Sato2015_e0144679,Gordon2004_10MeV-10GeV_3.55e-3
14.97779829123505,15.194935447536039,15.415220499390815,1.90462264e-02,3.80924528e-03,1.90462264e-02,PARMA_v4.10_Sato2015_e0144679,Gordon2004_10MeV-10GeV_3.55e-3
15.415220499390815,15.638699082684937,15.865417494899644,1.85719218e-02,3.71438436e-03,1.85719218e-02,PARMA_v4.10_Sato2015_e0144679,Gordon2004_10MeV-10GeV_3.55e-3
15.865417494899644,16.095422704703164,16.3287623616811,1.81104812e-02,3.62209624e-03,1.81104812e-02,PARMA_v4.10_Sato2015_e0144679,Gordon2004_10MeV-10GeV_3.55e-3
16.3287623616811,16.56548480620787,16.805639079461248,1.76615467e-02,3.53230934e-03,1.76615467e-02,PARMA_v4.10_Sato2015_e0144679,Gordon2004_10MeV-10GeV_3.55e-3
16.805639079461248,17.049274933582097,17.296442841981428,1.72247705e-02,3.44495411e-03,1.72247705e-02,PARMA_v4.10_Sato2015_e0144679,Gordon2004_10MeV-10GeV_3.55e-3
17.296442841981428,17.547194009796812,17.801580384500411,1.67998145e-02,3.35996291e-03,1.67998145e-02,PARMA_v4.10_Sato2015_e0144679,Gordon2004_10MeV-10GeV_3.55e-3
17.801580384500411,18.059654666660812,18.321470320860886,1.63863500e-02,3.27727000e-03,1.63863500e-02,PARMA_v4.10_Sato2015_e0144679,Gordon2004_10MeV-10GeV_3.55e-3
18.321470320860886,18.587081586773898,18.856543490400174,1.59840576e-02,3.19681152e-03,1.59840576e-02,PARMA_v4.10_Sato2015_e0144679,Gordon2004_10MeV-10GeV_3.55e-3
18.856543490400174,19.129911855466709,19.407243314992055,1.55926267e-02,3.11852534e-03,1.55926267e-02,PARMA_v4.10_Sato2015_e0144679,Gordon2004_10MeV-10GeV_3.55e-3
19.407243314992055,19.688595323018806,19.974026166516204,1.52117557e-02,3.04235114e-03,1.52117557e-02,PARMA_v4.10_Sato2015_e0144679,Gordon2004_10MeV-10GeV_3.55e-3
19.974026166516204,20.263594977455323,20.557361745059243,1.48411512e-02,2.96823025e-03,1.48411512e-02,PARMA_v4.10_Sato2015_e0144679,Gordon2004_10MeV-10GeV_3.55e-3
20.557361745059243,20.855387328230897,21.157733468161066,1.44805281e-02,2.89610562e-03,1.44805281e-02,PARMA_v4.10_Sato2015_e0144679,Gordon2004_10MeV-10GeV_3.55e-3
21.157733468161066,21.464462801119115,21.775638871429184,1.41296093e-02,2.82592187e-03,1.41296093e-02,PARMA_v4.10_Sato2015_e0144679,Gordon2004_10MeV-10GeV_3.55e-3
21.775638871429184,22.0913261446345,22.411590020852579,1.37881255e-02,2.75762510e-03,1.37881255e-02,PARMA_v4.10_Sato2015_e0144679,Gordon2004_10MeV-10GeV_3.55e-3
22.411590020852579,22.736496848323966,23.066113937157414,1.34558149e-02,2.69116298e-03,1.34558149e-02,PARMA_v4.10_Sato2015_e0144679,Gordon2004_10MeV-10GeV_3.55e-3
23.066113937157414,23.400509573274359,23.739753032555562,1.31324228e-02,2.62648456e-03,1.31324228e-02,PARMA_v4.10_Sato2015_e0144679,Gordon2004_10MeV-10GeV_3.55e-3
23.739753032555562,24.083914595192795,24.433065560248597,1.28177022e-02,2.56354045e-03,1.28177022e-02,PARMA_v4.10_Sato2015_e0144679,Gordon2004_10MeV-10GeV_3.55e-3
24.433065560248597,24.787278260427144,25.146626077059189,1.25114124e-02,2.50228249e-03,1.25114124e-02,PARMA_v4.10_Sato2015_e0144679,Gordon2004_10MeV-10GeV_3.55e-3
25.146626077059189,25.511183455304298,25.881025919573499,1.22133198e-02,2.44266395e-03,1.22133198e-02,PARMA_v4.10_Sato2015_e0144679,Gordon2004_10MeV-10GeV_3.55e-3
25.881025919573499,26.256230089175453,26.63687369418944,1.19231973e-02,2.38463946e-03,1.19231973e-02,PARMA_v4.10_Sato2015_e0144679,Gordon2004_10MeV-10GeV_3.55e-3
26.63687369418944,27.023035591568537,27.414795781476229,1.16408240e-02,2.32816480e-03,1.16408240e-02,PARMA_v4.10_Sato2015_e0144679,Gordon2004_10MeV-10GeV_3.55e-3
27.414795781476229,27.812235423859825,28.215436855264109,1.13659852e-02,2.27319703e-03,1.13659852e-02,PARMA_v4.10_Sato2015_e0144679,Gordon2004_10MeV-10GeV_3.55e-3
28.215436855264109,28.624483605888813,29.039460416893405,1.10984724e-02,2.21969447e-03,1.10984724e-02,PARMA_v4.10_Sato2015_e0144679,Gordon2004_10MeV-10GeV_3.55e-3
29.039460416893405,29.460453257952636,29.887549345066674,1.08380827e-02,2.16761655e-03,1.08380827e-02,PARMA_v4.10_Sato2015_e0144679,Gordon2004_10MeV-10GeV_3.55e-3
29.887549345066674,30.320837158629434,30.760406461758784,1.05846191e-02,2.11692382e-03,1.05846191e-02,PARMA_v4.10_Sato2015_e0144679,Gordon2004_10MeV-10GeV_3.55e-3
30.760406461758784,31.206348318892573,31.658755114654241,1.03378899e-02,2.06757797e-03,1.03378899e-02,PARMA_v4.10_Sato2015_e0144679,Gordon2004_10MeV-10GeV_3.55e-3
31.658755114654241,32.117720572991885,32.583339776594748,1.00977087e-02,2.01954175e-03,1.00977087e-02,PARMA_v4.10_Sato2015_e0144679,Gordon2004_10MeV-10GeV_3.55e-3
32.583339776594748,33.055709186591322,33.534926662532961,9.86389462e-03,1.97277892e-03,9.86389462e-03,PARMA_v4.10_Sato2015_e0144679,Gordon2004_10MeV-10GeV_3.55e-3
33.534926662532961,34.021091482667146,34.514304364504717,9.63627152e-03,1.92725430e-03,9.63627152e-03,PARMA_v4.10_Sato2015_e0144679,Gordon2004_10MeV-10GeV_3.55e-3
34.514304364504717,35.014667485685287,35.522284505145059,9.41466831e-03,1.88293366e-03,9.41466831e-03,PARMA_v4.10_Sato2015_e0144679,Gordon2004_10MeV-10GeV_3.55e-3
35.522284505145059,36.037260584591621,36.559702410290051,9.19891865e-03,1.83978373e-03,9.19891865e-03,PARMA_v4.10_Sato2015_e0144679,Gordon2004_10MeV-10GeV_3.55e-3
36.559702410290051,37.089718215164815,37.627417801222052,8.98886082e-03,1.79777216e-03,8.98886082e-03,PARMA_v4.10_Sato2015_e0144679,Gordon2004_10MeV-10GeV_3.55e-3
37.627417801222052,38.172912562297022,38.726315507131289,8.78433766e-03,1.75686753e-03,8.78433766e-03,PARMA_v4.10_Sato2015_e0144679,Gordon2004_10MeV-10GeV_3.55e-3
38.726315507131289,39.287741282784459,39.857306198385238,8.58519631e-03,1.71703926e-03,8.58519631e-03,PARMA_v4.10_Sato2015_e0144679,Gordon2004_10MeV-10GeV_3.55e-3
39.857306198385238,40.435128249226942,41.021327141212332,8.39128821e-03,1.67825764e-03,8.39128821e-03,PARMA_v4.10_Sato2015_e0144679,Gordon2004_10MeV-10GeV_3.55e-3
41.021327141212332,41.616024315652695,42.219342974426553,8.20246894e-03,1.64049379e-03,8.20246894e-03,PARMA_v4.10_Sato2015_e0144679,Gordon2004_10MeV-10GeV_3.55e-3
42.219342974426553,42.831408105503115,43.452346508835639,8.01859808e-03,1.60371962e-03,8.01859808e-03,PARMA_v4.10_Sato2015_e0144679,Gordon2004_10MeV-10GeV_3.55e-3
43.452346508835639,44.08228682263028,44.721359549995796,7.83953911e-03,1.56790782e-03,7.83953911e-03,PARMA_v4.10_Sato2015_e0144679,Gordon2004_10MeV-10GeV_3.55e-3
44.721359549995796,45.369697085979496,46.027433744995122,7.66515933e-03,1.53303187e-03,7.66515933e-03,PARMA_v4.10_Sato2015_e0144679,Gordon2004_10MeV-10GeV_3.55e-3
46.027433744995122,46.69470578864847,47.371651453966415,7.49532967e-03,1.49906593e-03,7.49532967e-03,PARMA_v4.10_Sato2015_e0144679,Gordon2004_10MeV-10GeV_3.55e-3
47.371651453966415,48.058410982035056,48.755126647053061,7.32992471e-03,1.46598494e-03,7.32992471e-03,PARMA_v4.10_Sato2015_e0144679,Gordon2004_10MeV-10GeV_3.55e-3
48.755126647053061,49.461942785806279,50.179005827569689,7.16882247e-03,1.43376449e-03,7.16882247e-03,PARMA_v4.10_Sato2015_e0144679,Gordon2004_10MeV-10GeV_3.55e-3
50.179005827569689,50.906464324442688,51.64446898212428,7.01190435e-03,1.40238087e-03,7.01190435e-03,PARMA_v4.10_Sato2015_e0144679,Gordon2004_10MeV-10GeV_3.55e-3
51.64446898212428,52.393172691134396,53.152730558487775,6.85905503e-03,1.37181101e-03,6.85905503e-03,PARMA_v4.10_Sato2015_e0144679,Gordon2004_10MeV-10GeV_3.55e-3
53.152730558487775,53.92329993982711,54.705040472022077,6.71016240e-03,1.34203248e-03,6.71016240e-03,PARMA_v4.10_Sato2015_e0144679,Gordon2004_10MeV-10GeV_3.55e-3
54.705040472022077,55.498114106240841,56.302685141501009,6.56511745e-03,1.31302349e-03,6.56511745e-03,PARMA_v4.10_Sato2015_e0144679,Gordon2004_10MeV-10GeV_3.55e-3
56.302685141501009,57.118920258707071,57.946988555181342,6.42381417e-03,1.28476283e-03,6.42381417e-03,PARMA_v4.10_Sato2015_e0144679,Gordon2004_10MeV-10GeV_3.55e-3
57.946988555181342,58.787061579695312,59.639313368008963,6.28614946e-03,1.25722989e-03,6.28614946e-03,PARMA_v4.10_Sato2015_e0144679,Gordon2004_10MeV-10GeV_3.55e-3
59.639313368008963,60.503920478925309,61.381062030867739,6.15202311e-03,1.23040462e-03,6.15202311e-03,PARMA_v4.10_Sato2015_e0144679,Gordon2004_10MeV-10GeV_3.55e-3
61.381062030867739,62.270919738987388,63.173677952808639,6.02133764e-03,1.20426753e-03,6.02133764e-03,PARMA_v4.10_Sato2015_e0144679,Gordon2004_10MeV-10GeV_3.55e-3
63.173677952808639,64.089523694420393,65.018646697220802,5.89399826e-03,1.17879965e-03,5.89399826e-03,PARMA_v4.10_Sato2015_e0144679,Gordon2004_10MeV-10GeV_3.55e-3
65.018646697220802,65.961239445223995,66.917497212936468,5.76991278e-03,1.15398256e-03,5.76991278e-03,PARMA_v4.10_Sato2015_e0144679,Gordon2004_10MeV-10GeV_3.55e-3
66.917497212936468,67.887618105811583,68.87180310129051,5.64899154e-03,1.12979831e-03,5.64899154e-03,PARMA_v4.10_Sato2015_e0144679,Gordon2004_10MeV-10GeV_3.55e-3
68.87180310129051,69.870256090438247,70.883183920183242,5.53114738e-03,1.10622948e-03,5.53114738e-03,PARMA_v4.10_Sato2015_e0144679,Gordon2004_10MeV-10GeV_3.55e-3
70.883183920183242,71.910796436169363,72.9533065262289,5.41629547e-03,1.08325909e-03,5.41629547e-03,PARMA_v4.10_Sato2015_e0144679,Gordon2004_10MeV-10GeV_3.55e-3
72.9533065262289,74.01093016448614,75.083886456100203,5.30435336e-03,1.06087067e-03,5.30435336e-03,PARMA_v4.10_Sato2015_e0144679,Gordon2004_10MeV-10GeV_3.55e-3
75.083886456100203,76.172397682656381,77.276689348215712,5.19524080e-03,1.03904816e-03,5.19524080e-03,PARMA_v4.10_Sato2015_e0144679,Gordon2004_10MeV-10GeV_3.55e-3
77.276689348215712,78.396990226032045,79.533532405946346,5.08887977e-03,1.01777595e-03,5.08887977e-03,PARMA_v4.10_Sato2015_e0144679,Gordon2004_10MeV-10GeV_3.55e-3
79.533532405946346,80.686551342468235,81.856285903554507,4.98519436e-03,9.97038872e-04,4.98519436e-03,PARMA_v4.10_Sato2015_e0144679,Gordon2004_10MeV-10GeV_3.55e-3
81.856285903554507,83.042978420094798,84.246874736114478,4.88411074e-03,9.76822148e-04,4.88411074e-03,PARMA_v4.10_Sato2015_e0144679,Gordon2004_10MeV-10GeV_3.55e-3
84.246874736114478,85.468224259705678,86.707280014696536,4.78555707e-03,9.57111414e-04,4.78555707e-03,PARMA_v4.10_Sato2015_e0144679,Gordon2004_10MeV-10GeV_3.55e-3
86.707280014696536,87.96429869306948,89.239540708139302,4.68946348e-03,9.37892697e-04,4.68946348e-03,PARMA_v4.10_Sato2015_e0144679,Gordon2004_10MeV-10GeV_3.55e-3
89.239540708139302,90.533270248502419,91.845755332768235,4.59576197e-03,9.19152394e-04,4.59576197e-03,PARMA_v4.10_Sato2015_e0144679,Gordon2004_10MeV-10GeV_3.55e-3
91.845755332768235,93.177267865083721,94.528083691463152,4.50438641e-03,9.00877283e-04,4.50438641e-03,PARMA_v4.10_Sato2015_e0144679,Gordon2004_10MeV-10GeV_3.55e-3
94.528083691463152,95.898482656934448,97.288748663513815,4.41527244e-03,8.83054487e-04,4.41527244e-03,PARMA_v4.10_Sato2015_e0144679,Gordon2004_10MeV-10GeV_3.55e-3
97.288748663513815,98.699169729021051,100.13003804674763,4.32835742e-03,8.65671484e-04,4.32835742e-03,PARMA_v4.10_Sato2015_e0144679,Gordon2004_10MeV-10GeV_3.55e-3
100.13003804674763,101.58165004598946,103.05430645345731,4.24358041e-03,8.48716082e-04,4.24358041e-03,PARMA_v4.10_Sato2015_e0144679,Gordon2004_10MeV-10GeV_3.55e-3
103.05430645345731,104.54831235557774,106.06397726169699,4.16088213e-03,8.32176426e-04,4.16088213e-03,PARMA_v4.10_Sato2015_e0144679,Gordon2004_10MeV-10GeV_3.55e-3
106.06397726169699,107.60161516820114,109.16154462356626,4.08020483e-03,8.16040967e-04,4.08020483e-03,PARMA_v4.10_Sato2015_e0144679,Gordon2004_10MeV-10GeV_3.55e-3
109.16154462356626,110.74408879435107,112.34957553214628,4.00149237e-03,8.00298474e-04,4.00149237e-03,PARMA_v4.10_Sato2015_e0144679,Gordon2004_10MeV-10GeV_3.55e-3
112.34957553214628,113.97833744149509,115.63071194879792,3.92469007e-03,7.84938013e-04,3.92469007e-03,PARMA_v4.10_Sato2015_e0144679,Gordon2004_10MeV-10GeV_3.55e-3
115.63071194879792,117.30704137221605,119.00767299258909,3.84974472e-03,7.69948943e-04,3.84974472e-03,PARMA_v4.10_Sato2015_e0144679,Gordon2004_10MeV-10GeV_3.55e-3
119.00767299258909,120.73295912538011,122.4832571936636,3.77660450e-03,7.55320900e-04,3.77660450e-03,PARMA_v4.10_Sato2015_e0144679,Gordon2004_10MeV-10GeV_3.55e-3
122.4832571936636,124.25892980217233,126.06034481241701,3.70521899e-03,7.41043798e-04,3.70521899e-03,PARMA_v4.10_Sato2015_e0144679,Gordon2004_10MeV-10GeV_3.55e-3
126.06034481241701,127.88787541889531,129.74190022640553,3.63553908e-03,7.27107816e-04,3.63553908e-03,PARMA_v4.10_Sato2015_e0144679,Gordon2004_10MeV-10GeV_3.55e-3
129.74190022640553,131.62280332848113,133.53097438696264,3.56751700e-03,7.13503400e-04,3.56751700e-03,PARMA_v4.10_Sato2015_e0144679,Gordon2004_10MeV-10GeV_3.55e-3
133.53097438696264,135.46680871272284,137.43070734756185,3.50110618e-03,7.00221236e-04,3.50110618e-03,PARMA_v4.10_Sato2015_e0144679,Gordon2004_10MeV-10GeV_3.55e-3
137.43070734756185,139.42307714729043,141.44433086601705,3.43626131e-03,6.87252262e-04,3.43626131e-03,PARMA_v4.10_Sato2015_e0144679,Gordon2004_10MeV-10GeV_3.55e-3
141.44433086601705,143.49488724165698,145.57517108268161,3.37293823e-03,6.74587646e-04,3.37293823e-03,PARMA_v4.10_Sato2015_e0144679,Gordon2004_10MeV-10GeV_3.55e-3
145.57517108268161,147.68561335612452,149.82665127686366,3.31109398e-03,6.62218796e-04,3.31109398e-03,PARMA_v4.10_Sato2015_e0144679,Gordon2004_10MeV-10GeV_3.55e-3
149.82665127686366,151.99872839819841,154.20229470373914,3.25068666e-03,6.50137333e-04,3.25068666e-03,PARMA_v4.10_Sato2015_e0144679,Gordon2004_10MeV-10GeV_3.55e-3
154.20229470373914,156.4378067006293,158.70572751411873,3.19167551e-03,6.38335103e-04,3.19167551e-03,PARMA_v4.10_Sato2015_e0144679,Gordon2004_10MeV-10GeV_3.55e-3
158.70572751411873,161.006526983508,163.34068175948423,3.13402079e-03,6.26804158e-04,3.13402079e-03,PARMA_v4.10_Sato2015_e0144679,Gordon2004_10MeV-10GeV_3.55e-3
163.34068175948423,165.70867540286736,168.11099848478779,3.07768381e-03,6.15536761e-04,3.07768381e-03,PARMA_v4.10_Sato2015_e0144679,Gordon2004_10MeV-10GeV_3.55e-3
168.11099848478779,170.54814868831724,173.02063091157237,3.02262683e-03,6.04525366e-04,3.02262683e-03,PARMA_v4.10_Sato2015_e0144679,Gordon2004_10MeV-10GeV_3.55e-3
173.02063091157237,175.5289573723129,178.0736477140571,2.96881313e-03,5.93762626e-04,2.96881313e-03,PARMA_v4.10_Sato2015_e0144679,Gordon2004_10MeV-10GeV_3.55e-3
178.0736477140571,180.65522911373463,183.27423639090003,2.91620690e-03,5.83241380e-04,2.91620690e-03,PARMA_v4.10_Sato2015_e0144679,Gordon2004_10MeV-10GeV_3.55e-3
183.27423639090003,185.93121211853042,188.6267067354288,2.86477325e-03,5.72954650e-04,2.86477325e-03,PARMA_v4.10_Sato2015_e0144679,Gordon2004_10MeV-10GeV_3.55e-3
188.6267067354288,191.36127866025703,194.13549440722201,2.81447817e-03,5.62895634e-04,2.81447817e-03,PARMA_v4.10_Sato2015_e0144679,Gordon2004_10MeV-10GeV_3.55e-3
194.13549440722201,196.9499287034387,199.80516460799552,2.76528852e-03,5.53057703e-04,2.76528852e-03,PARMA_v4.10_Sato2015_e0144679,Gordon2004_10MeV-10GeV_3.55e-3
199.80516460799552,202.70179363274477,205.64041586484421,2.71717197e-03,5.43434395e-04,2.71717197e-03,PARMA_v4.10_Sato2015_e0144679,Gordon2004_10MeV-10GeV_3.55e-3
205.64041586484421,208.62164009107613,211.64608392396804,2.67009707e-03,5.34019414e-04,2.67009707e-03,PARMA_v4.10_Sato2015_e0144679,Gordon2004_10MeV-10GeV_3.55e-3
211.64608392396804,214.71437392974153,217.82714575811707,2.62403308e-03,5.24806616e-04,2.62403308e-03,PARMA_v4.10_Sato2015_e0144679,Gordon2004_10MeV-10GeV_3.55e-3
217.82714575811707,220.98504427399959,224.18872369107282,2.57895007e-03,5.15790014e-04,2.57895007e-03,PARMA_v4.10_Sato2015_e0144679,Gordon2004_10MeV-10GeV_3.55e-3
224.18872369107282,227.43884770733192,230.73608964257977,2.53481888e-03,5.06963775e-04,2.53481888e-03,PARMA_v4.10_Sato2015_e0144679,Gordon2004_10MeV-10GeV_3.55e-3
230.73608964257977,234.08113257791686,237.47466949725353,2.49161103e-03,4.98322205e-04,2.49161103e-03,PARMA_v4.10_Sato2015_e0144679,Gordon2004_10MeV-10GeV_3.55e-3
237.47466949725353,240.91740343087332,244.4100476010787,2.44929877e-03,4.89859754e-04,2.44929877e-03,PARMA_v4.10_Sato2015_e0144679,Gordon2004_10MeV-10GeV_3.55e-3
244.4100476010787,247.95332556994708,251.54797138922871,2.40785506e-03,4.81571012e-04,2.40785506e-03,PARMA_v4.10_Sato2015_e0144679,Gordon2004_10MeV-10GeV_3.55e-3
251.54797138922871,255.19472975241905,258.89435614903482,2.36725351e-03,4.73450701e-04,2.36725351e-03,PARMA_v4.10_Sato2015_e0144679,Gordon2004_10MeV-10GeV_3.55e-3
258.89435614903482,262.64761702112645,266.45528992206067,2.32746836e-03,4.65493673e-04,2.32746836e-03,PARMA_v4.10_Sato2015_e0144679,Gordon2004_10MeV-10GeV_3.55e-3
266.45528992206067,270.31816367760388,274.23703854934047,2.28847454e-03,4.57694909e-04,2.28847454e-03,PARMA_v4.10_Sato2015_e0144679,Gordon2004_10MeV-10GeV_3.55e-3
274.23703854934047,278.21272640046175,282.24605086395741,2.25024758e-03,4.50049516e-04,2.25024758e-03,PARMA_v4.10_Sato2015_e0144679,Gordon2004_10MeV-10GeV_3.55e-3
282.24605086395741,286.33784751324521,290.48896403527476,2.21276360e-03,4.42552719e-04,2.21276360e-03,PARMA_v4.10_Sato2015_e0144679,Gordon2004_10MeV-10GeV_3.55e-3
290.48896403527476,294.70026040614039,298.97260906924083,2.17599932e-03,4.35199864e-04,2.17599932e-03,PARMA_v4.10_Sato2015_e0144679,Gordon2004_10MeV-10GeV_3.55e-3
298.97260906924083,303.3068951160206,307.70401646933163,2.13993205e-03,4.27986410e-04,2.13993205e-03,PARMA_v4.10_Sato2015_e0144679,Gordon2004_10MeV-10GeV_3.55e-3
307.70401646933163,312.16488406945433,316.69042206281449,2.10453966e-03,4.20907931e-04,2.10453966e-03,PARMA_v4.10_Sato2015_e0144679,Gordon2004_10MeV-10GeV_3.55e-3
316.69042206281449,321.28156799343606,325.93927299717063,2.06980055e-03,4.13960110e-04,2.06980055e-03,PARMA_v4.10_Sato2015_e0144679,Gordon2004_10MeV-10GeV_3.55e-3
325.93927299717063,330.66450199874117,335.45823391164231,2.03569370e-03,4.07138740e-04,2.03569370e-03,PARMA_v4.10_Sato2015_e0144679,Gordon2004_10MeV-10GeV_3.55e-3
335.45823391164231,340.32146184094029,345.25519328901174,2.00219857e-03,4.00439715e-04,2.00219857e-03,PARMA_v4.10_Sato2015_e0144679,Gordon2004_10MeV-10GeV_3.55e-3
345.25519328901174,350.2604503642649,355.33826999288829,1.96929518e-03,3.93859036e-04,1.96929518e-03,PARMA_v4.10_Sato2015_e0144679,Gordon2004_10MeV-10GeV_3.55e-3
355.33826999288829,360.4897041336672,365.7158199959149,1.93696402e-03,3.87392803e-04,1.93696402e-03,PARMA_v4.10_Sato2015_e0144679,Gordon2004_10MeV-10GeV_3.55e-3
365.7158199959149,371.0177002605642,376.39644330446379,1.90518611e-03,3.81037223e-04,1.90518611e-03,PARMA_v4.10_Sato2015_e0144679,Gordon2004_10MeV-10GeV_3.55e-3
376.39644330446379,381.85316342792584,387.38899108557285,1.87394294e-03,3.74788589e-04,1.87394294e-03,PARMA_v4.10_Sato2015_e0144679,Gordon2004_10MeV-10GeV_3.55e-3
387.38899108557285,393.00507312053048,398.70257300201752,1.84321649e-03,3.68643298e-04,1.84321649e-03,PARMA_v4.10_Sato2015_e0144679,Gordon2004_10MeV-10GeV_3.55e-3
398.70257300201752,404.48267106637775,410.34656476160654,1.81298919e-03,3.62597838e-04,1.81298919e-03,PARMA_v4.10_Sato2015_e0144679,Gordon2004_10MeV-10GeV_3.55e-3
410.34656476160654,416.29546889542422,422.33061588694409,1.78324396e-03,3.56648791e-04,1.78324396e-03,PARMA_v4.10_Sato2015_e0144679,Gordon2004_10MeV-10GeV_3.55e-3
422.33061588694409,428.45325602198949,434.66465771211307,1.75396416e-03,3.50792832e-04,1.75396416e-03,PARMA_v4.10_Sato2015_e0144679,Gordon2004_10MeV-10GeV_3.55e-3
434.66465771211307,440.96610775736991,447.35891161289942,1.72513363e-03,3.45026726e-04,1.72513363e-03,PARMA_v4.10_Sato2015_e0144679,Gordon2004_10MeV-10GeV_3.55e-3
447.35891161289942,453.84439365937453,460.42389747736974,1.69673661e-03,3.39347323e-04,1.69673661e-03,PARMA_v4.10_Sato2015_e0144679,Gordon2004_10MeV-10GeV_3.55e-3
460.42389747736974,467.09878612570725,473.87044242383843,1.66875782e-03,3.33751564e-04,1.66875782e-03,PARMA_v4.10_Sato2015_e0144679,Gordon2004_10MeV-10GeV_3.55e-3
473.87044242383843,480.74026923831826,487.70968977343523,1.64118241e-03,3.28236482e-04,1.64118241e-03,PARMA_v4.10_Sato2015_e0144679,Gordon2004_10MeV-10GeV_3.55e-3
487.70968977343523,494.78014786605178,501.95310828471946,1.61399593e-03,3.22799187e-04,1.61399593e-03,PARMA_v4.10_Sato2015_e0144679,Gordon2004_10MeV-10GeV_3.55e-3
501.95310828471946,509.23005703313254,516.61250165797912,1.58718441e-03,3.17436883e-04,1.58718441e-03,PARMA_v4.10_Sato2015_e0144679,Gordon2004_10MeV-10GeV_3.55e-3
516.61250165797912,524.10197156125525,531.70001831710863,1.56073428e-03,3.12146856e-04,1.56073428e-03,PARMA_v4.10_Sato2015_e0144679,Gordon2004_10MeV-10GeV_3.55e-3
531.70001831710863,539.4082159932733,547.22816147716401,1.53463236e-03,3.06926473e-04,1.53463236e-03,PARMA_v4.10_Sato2015_e0144679,Gordon2004_10MeV-10GeV_3.55e-3
547.22816147716401,555.16147480670088,563.20979950592812,1.50886596e-03,3.01773191e-04,1.50886596e-03,PARMA_v4.10_Sato2015_e0144679,Gordon2004_10MeV-10GeV_3.55e-3
563.20979950592812,571.37480292549833,579.65817658809362,1.48342274e-03,2.96684547e-04,1.48342274e-03,PARMA_v4.10_Sato2015_e0144679,Gordon2004_10MeV-10GeV_3.55e-3
579.65817658809362,588.06163653885301,596.58692370088318,1.45829082e-03,2.91658164e-04,1.45829082e-03,PARMA_v4.10_Sato2015_e0144679,Gordon2004_10MeV-10GeV_3.55e-3
596.58692370088318,605.23580423591966,614.01006991021666,1.43345873e-03,2.86691746e-04,1.43345873e-03,PARMA_v4.10_Sato2015_e0144679,Gordon2004_10MeV-10GeV_3.55e-3
614.01006991021666,622.91153846574514,631.94205399676798,1.40891541e-03,2.81783082e-04,1.40891541e-03,PARMA_v4.10_Sato2015_e0144679,Gordon2004_10MeV-10GeV_3.55e-3
631.94205399676798,641.10348733187664,650.39773642156729,1.38465021e-03,2.76930041e-04,1.38465021e-03,PARMA_v4.10_Sato2015_e0144679,Gordon2004_10MeV-10GeV_3.55e-3
650.39773642156729,659.82672673143304,669.3924116410567,1.36065289e-03,2.72130578e-04,1.36065289e-03,PARMA_v4.10_Sato2015_e0144679,Gordon2004_10MeV-10GeV_3.55e-3
669.3924116410567,679.09677284868883,688.94182078179085,1.33691365e-03,2.67382730e-04,1.33691365e-03,PARMA_v4.10_Sato2015_e0144679,Gordon2004_10MeV-10GeV_3.55e-3
688.94182078179085,698.92959501352993,709.06216468531215,1.31342309e-03,2.62684619e-04,1.31342309e-03,PARMA_v4.10_Sato2015_e0144679,Gordon2004_10MeV-10GeV_3.55e-3
709.06216468531215,719.34162893544033,729.77011733398933,1.29017222e-03,2.58034445e-04,1.29017222e-03,PARMA_v4.10_Sato2015_e0144679,Gordon2004_10MeV-10GeV_3.55e-3
729.77011733398933,740.34979032398235,751.08283966896227,1.26715250e-03,2.53430500e-04,1.26715250e-03,PARMA_v4.10_Sato2015_e0144679,Gordon2004_10MeV-10GeV_3.55e-3
751.08283966896227,761.97148890705682,773.01799381162152,1.24435576e-03,2.48871151e-04,1.24435576e-03,PARMA_v4.10_Sato2015_e0144679,Gordon2004_10MeV-10GeV_3.55e-3
773.01799381162152,784.22464285856233,795.59375770043494,1.22177429e-03,2.44354858e-04,1.22177429e-03,PARMA_v4.10_Sato2015_e0144679,Gordon2004_10MeV-10GeV_3.55e-3
795.59375770043494,807.12769364741484,818.82884015523871,1.19940078e-03,2.39880157e-04,1.19940078e-03,PARMA_v4.10_Sato2015_e0144679,Gordon2004_10MeV-10GeV_3.55e-3
818.82884015523871,830.6996213202242,842.74249638146318,1.17722837e-03,2.35445674e-04,1.17722837e-03,PARMA_v4.10_Sato2015_e0144679,Gordon2004_10MeV-10GeV_3.55e-3
842.74249638146318,854.95996023029556,867.35454392716986,1.15525059e-03,2.31050118e-04,1.15525059e-03,PARMA_v4.10_Sato2015_e0144679,Gordon2004_10MeV-10GeV_3.55e-3
867.35454392716986,879.92881522599532,892.68537910609962,1.13346144e-03,2.26692289e-04,1.13346144e-03,PARMA_v4.10_Sato2015_e0144679,Gordon2004_10MeV-10GeV_3.55e-3
892.68537910609962,905.62687831189407,918.75599390036234,1.11185531e-03,2.22371062e-04,1.11185531e-03,PARMA_v4.10_Sato2015_e0144679,Gordon2004_10MeV-10GeV_3.55e-3
918.75599390036234,932.07544579649038,945.58799335674587,1.09042703e-03,2.18085407e-04,1.09042703e-03,PARMA_v4.10_Sato2015_e0144679,Gordon2004_10MeV-10GeV_3.55e-3
945.58799335674587,959.2964359407257,973.20361349109533,1.06917189e-03,2.13834378e-04,1.06917189e-03,PARMA_v4.10_Sato2015_e0144679,Gordon2004_10MeV-10GeV_3.55e-3
973.20361349109533,987.31240712192994,1001.6257397155861,1.04808557e-03,2.09617114e-04,1.04808557e-03,PARMA_v4.10_Sato2015_e0144679,Gordon2004_10MeV-10GeV_3.55e-3
1001.6257397155861,1016.1465765282297,1030.8779258041407,1.02716422e-03,2.05432844e-04,1.02716422e-03,PARMA_v4.10_Sato2015_e0144679,Gordon2004_10MeV-10GeV_3.55e-3
1030.8779258041407,1045.822839398922,1060.9844134117461,1.00640440e-03,2.01280881e-04,1.00640440e-03,PARMA_v4.10_Sato2015_e0144679,Gordon2004_10MeV-10GeV_3.55e-3
1060.9844134117461,1076.3657888267628,1091.9701521638142,9.85803132e-04,1.97160626e-04,9.85803132e-04,PARMA_v4.10_Sato2015_e0144679,Gordon2004_10MeV-10GeV_3.55e-3
1091.9701521638142,1107.8007361385737,1123.8608203322592,9.65357845e-04,1.93071569e-04,9.65357845e-04,PARMA_v4.10_Sato2015_e0144679,Gordon2004_10MeV-10GeV_3.55e-3
1123.8608203322592,1140.1537318710566,1156.6828461153925,9.45066421e-04,1.89013284e-04,9.45066421e-04,PARMA_v4.10_Sato2015_e0144679,Gordon2004_10MeV-10GeV_3.55e-3
1156.6828461153925,1173.4515873591968,1190.4634295393084,9.24927172e-04,1.84985434e-04,9.24927172e-04,PARMA_v4.10_Sato2015_e0144679,Gordon2004_10MeV-10GeV_3.55e-3
1190.4634295393084,1207.7218969551607,1225.2305649988973,9.04938847e-04,1.80987769e-04,9.04938847e-04,PARMA_v4.10_Sato2015_e0144679,Gordon2004_10MeV-10GeV_3.55e-3
1225.2305649988973,1242.9930608960815,1261.0130644571377,8.85100619e-04,1.77020124e-04,8.85100619e-04,PARMA_v4.10_Sato2015_e0144679,Gordon2004_10MeV-10GeV_3.55e-3
1261.0130644571377,1279.2943088396885,1297.8405813219429,8.65412098e-04,1.73082420e-04,8.65412098e-04,PARMA_v4.10_Sato2015_e0144679,Gordon2004_10MeV-10GeV_3.55e-3
1297.8405813219429,1316.655724087296,1335.7436350203081,8.45873312e-04,1.69174662e-04,8.45873312e-04,PARMA_v4.10_Sato2015_e0144679,Gordon2004_10MeV-10GeV_3.55e-3
1335.7436350203081,1355.1082685142167,1374.7536362901551,8.26484714e-04,1.65296943e-04,8.26484714e-04,PARMA_v4.10_Sato2015_e0144679,Gordon2004_10MeV-10GeV_3.55e-3
1374.7536362901551,1394.6838082282547,1414.9029132107898,8.07247174e-04,1.61449435e-04,8.07247174e-04,PARMA_v4.10_Sato2015_e0144679,Gordon2004_10MeV-10GeV_3.55e-3
1414.9029132107898,1435.4151399775465,1456.2247379935968,7.88161970e-04,1.57632394e-04,7.88161970e-04,PARMA_v4.10_Sato2015_e0144679,Gordon2004_10MeV-10GeV_3.55e-3
1456.2247379935968,1477.3360183296475,1498.7533545551491,7.69230784e-04,1.53846157e-04,7.69230784e-04,PARMA_v4.10_Sato2015_e0144679,Gordon2004_10MeV-10GeV_3.55e-3
1498.7533545551491,1520.481183644363,1542.524006895555,7.50455694e-04,1.50091139e-04,7.50455694e-04,PARMA_v4.10_Sato2015_e0144679,Gordon2004_10MeV-10GeV_3.55e-3
1542.524006895555,1564.8863908635187,1587.5729683056163,7.31839165e-04,1.46367833e-04,7.31839165e-04,PARMA_v4.10_Sato2015_e0144679,Gordon2004_10MeV-10GeV_3.55e-3
1587.5729683056163,1610.5884391415341,1633.9375714269561,7.13384038e-04,1.42676808e-04,7.13384038e-04,PARMA_v4.10_Sato2015_e0144679,Gordon2004_10MeV-10GeV_3.55e-3
1633.9375714269561,1657.6252023413485,1681.6562391900609,6.95093519e-04,1.39018704e-04,6.95093519e-04,PARMA_v4.10_Sato2015_e0144679,Gordon2004_10MeV-10GeV_3.55e-3
1681.6562391900609,1706.0356604209658,1730.7685166558283,6.76971167e-04,1.35394233e-04,6.76971167e-04,PARMA_v4.10_Sato2015_e0144679,Gordon2004_10MeV-10GeV_3.55e-3
1730.7685166558283,1755.85993173663,1781.3151037870659,6.59020882e-04,1.31804176e-04,6.59020882e-04,PARMA_v4.10_Sato2015_e0144679,Gordon2004_10MeV-10GeV_3.55e-3
1781.3151037870659,1807.1393062894238,1833.3378891770742,6.41246882e-04,1.28249376e-04,6.41246882e-04,PARMA_v4.10_Sato2015_e0144679,Gordon2004_10MeV-10GeV_3.55e-3
1833.3378891770742,1859.9162799428068,1886.8799847632297,6.23653699e-04,1.24730740e-04,6.23653699e-04,PARMA_v4.10_Sato2015_e0144679,Gordon2004_10MeV-10GeV_3.55e-3
1886.8799847632297,1914.2345896394686,1941.9857615544051,6.06246151e-04,1.21249230e-04,6.06246151e-04,PARMA_v4.10_Sato2015_e0144679,Gordon2004_10MeV-10GeV_3.55e-3
1941.9857615544051,1970.1392496466881,1998.7008864017751,5.89029328e-04,1.17805866e-04,5.89029328e-04,PARMA_v4.10_Sato2015_e0144679,Gordon2004_10MeV-10GeV_3.55e-3
1998.7008864017751,2027.6765888602279,2057.0723598435275,5.72008567e-04,1.14401713e-04,5.72008567e-04,PARMA_v4.10_Sato2015_e0144679,Gordon2004_10MeV-10GeV_3.55e-3
2057.0723598435275,2086.8942891976685,2117.1485550547759,5.55189433e-04,1.11037887e-04,5.55189433e-04,PARMA_v4.10_Sato2015_e0144679,Gordon2004_10MeV-10GeV_3.55e-3
2117.1485550547759,2147.8414251130093,2178.9792579350333,5.38577699e-04,1.07715540e-04,5.38577699e-04,PARMA_v4.10_Sato2015_e0144679,Gordon2004_10MeV-10GeV_3.55e-3
2178.9792579350333,2210.568504265299,2242.6157083664243,5.22179311e-04,1.04435862e-04,5.22179311e-04,PARMA_v4.10_Sato2015_e0144679,Gordon2004_10MeV-10GeV_3.55e-3
2242.6157083664243,2275.1275093749596,2308.1106426767965,5.06000373e-04,1.01200075e-04,5.06000373e-04,PARMA_v4.10_Sato2015_e0144679,Gordon2004_10MeV-10GeV_3.55e-3
2308.1106426767965,2341.5719413025213,2375.5183373429963,4.90047109e-04,9.80094219e-05,4.90047109e-04,PARMA_v4.10_Sato2015_e0144679,Gordon2004_10MeV-10GeV_3.55e-3
2375.5183373429963,2409.9568633854606,2444.8946539704602,4.74325844e-04,9.48651688e-05,4.74325844e-04,PARMA_v4.10_Sato2015_e0144679,Gordon2004_10MeV-10GeV_3.55e-3
2444.8946539704602,2480.3389470698876,2516.2970855864487,4.58842965e-04,9.17685930e-05,4.58842965e-04,PARMA_v4.10_Sato2015_e0144679,Gordon2004_10MeV-10GeV_3.55e-3
2516.2970855864487,2552.7765188748813,2589.7848042852147,4.43604895e-04,8.87209790e-05,4.43604895e-04,PARMA_v4.10_Sato2015_e0144679,Gordon2004_10MeV-10GeV_3.55e-3
2589.7848042852147,2627.3296087284048,2665.4187102646756,4.28618059e-04,8.57236118e-05,4.28618059e-04,PARMA_v4.10_Sato2015_e0144679,Gordon2004_10MeV-10GeV_3.55e-3
2665.4187102646756,2704.0599997148752,2743.2614822951914,4.13888849e-04,8.27777698e-05,4.13888849e-04,PARMA_v4.10_Sato2015_e0144679,Gordon2004_10MeV-10GeV_3.55e-3
2743.2614822951914,2783.031279275579,2823.37762966222,3.99423593e-04,7.98847186e-05,3.99423593e-04,PARMA_v4.10_Sato2015_e0144679,Gordon2004_10MeV-10GeV_3.55e-3
2823.37762966222,2864.3088919043776,2905.8335456259942,3.85228518e-04,7.70457036e-05,3.85228518e-04,PARMA_v4.10_Sato2015_e0144679,Gordon2004_10MeV-10GeV_3.55e-3
2905.8335456259942,2947.9601933823897,2990.6975624424413,3.71309713e-04,7.42619426e-05,3.71309713e-04,PARMA_v4.10_Sato2015_e0144679,Gordon2004_10MeV-10GeV_3.55e-3
2990.6975624424413,3034.0545065965816,3078.0400079910096,3.57673096e-04,7.15346192e-05,3.57673096e-04,PARMA_v4.10_Sato2015_e0144679,Gordon2004_10MeV-10GeV_3.55e-3
3078.0400079910096,3122.6631789885091,3167.9332640562297,3.44324377e-04,6.88648754e-05,3.44324377e-04,PARMA_v4.10_Sato2015_e0144679,Gordon2004_10MeV-10GeV_3.55e-3
3167.9332640562297,3213.8596416808355,3260.451826311431,3.31269018e-04,6.62538036e-05,3.31269018e-04,PARMA_v4.10_Sato2015_e0144679,Gordon2004_10MeV-10GeV_3.55e-3
3260.451826311431,3307.7194703306409,3355.6723660542611,3.18512204e-04,6.37024408e-05,3.18512204e-04,PARMA_v4.10_Sato2015_e0144679,Gordon2004_10MeV-10GeV_3.55e-3
3355.6723660542611,3404.320447759917,3453.6737937451194,3.06058801e-04,6.12117602e-05,3.06058801e-04,PARMA_v4.10_Sato2015_e0144679,Gordon2004_10MeV-10GeV_3.55e-3
3453.6737937451194,3503.7426284151602,3554.537324401274,2.93913324e-04,5.87826648e-05,2.93913324e-04,PARMA_v4.10_Sato2015_e0144679,Gordon2004_10MeV-10GeV_3.55e-3
3554.537324401274,3606.0684047095078,3658.3465449007554,2.82079902e-04,5.64159804e-05,2.82079902e-04,PARMA_v4.10_Sato2015_e0144679,Gordon2004_10MeV-10GeV_3.55e-3
3658.3465449007554,3711.3825753023771,3765.1874832518852,2.70562248e-04,5.41124495e-05,2.70562248e-04,PARMA_v4.10_Sato2015_e0144679,Gordon2004_10MeV-10GeV_3.55e-3
3765.1874832518852,3819.772415373172,3875.1486798857245,2.59363621e-04,5.18727243e-05,2.59363621e-04,PARMA_v4.10_Sato2015_e0144679,Gordon2004_10MeV-10GeV_3.55e-3
3875.1486798857245,3931.3277489473148,3988.3212610306678,2.48486806e-04,4.96973611e-05,2.48486806e-04,PARMA_v4.10_Sato2015_e0144679,Gordon2004_10MeV-10GeV_3.55e-3
3988.3212610306678,4046.1410233345678,4104.7990142299168,2.37934075e-04,4.75868150e-05,2.37934075e-04,PARMA_v4.10_Sato2015_e0144679,Gordon2004_10MeV-10GeV_3.55e-3
4104.7990142299168,4164.3073857412737,4224.6784660643561,2.27707172e-04,4.55414343e-05,2.27707172e-04,PARMA_v4.10_Sato2015_e0144679,Gordon2004_10MeV-10GeV_3.55e-3
4224.6784660643561,4285.9247621200357,4348.0589621453719,2.17807282e-04,4.35614564e-05,2.17807282e-04,PARMA_v4.10_Sato2015_e0144679,Gordon2004_10MeV-10GeV_3.55e-3
4348.0589621453719,4411.0939383221921,4475.0427494438009,2.08235017e-04,4.16470033e-05,2.08235017e-04,PARMA_v4.10_Sato2015_e0144679,Gordon2004_10MeV-10GeV_3.55e-3
4475.0427494438009,4539.9186436203317,4605.7350610233107,1.98990392e-04,3.97980784e-05,1.98990392e-04,PARMA_v4.10_Sato2015_e0144679,Gordon2004_10MeV-10GeV_3.55e-3
4605.7350610233107,4672.5056366700401,4740.2442032483204,1.90072822e-04,3.80145645e-05,1.90072822e-04,PARMA_v4.10_Sato2015_e0144679,Gordon2004_10MeV-10GeV_3.55e-3
4740.2442032483204,4808.9647939821298,4878.6816455388662,1.81481100e-04,3.62962200e-05,1.81481100e-04,PARMA_v4.10_Sato2015_e0144679,Gordon2004_10MeV-10GeV_3.55e-3
4878.6816455388662,4949.4092009787109,5021.1621127467497,1.73213400e-04,3.46426799e-05,1.73213400e-04,PARMA_v4.10_Sato2015_e0144679,Gordon2004_10MeV-10GeV_3.55e-3
5021.1621127467497,5093.9552457084965,5167.8036802294055,1.65267266e-04,3.30534533e-05,1.65267266e-04,PARMA_v4.10_Sato2015_e0144679,Gordon2004_10MeV-10GeV_3.55e-3
5167.8036802294055,5242.7227152990299,5318.7278717004756,1.57639624e-04,3.15279248e-05,1.57639624e-04,PARMA_v4.10_Sato2015_e0144679,Gordon2004_10MeV-10GeV_3.55e-3
5318.7278717004756,5395.8348952257966,5474.0597599380244,1.50326776e-04,3.00653552e-05,1.50326776e-04,PARMA_v4.10_Sato2015_e0144679,Gordon2004_10MeV-10GeV_3.55e-3
5474.0597599380244,5553.4186714804637,5633.9280704339626,1.43324421e-04,2.86648842e-05,1.43324421e-04,PARMA_v4.10_Sato2015_e0144679,Gordon2004_10MeV-10GeV_3.55e-3
5633.9280704339626,5715.6046357228834,5798.4652880704243,1.36627662e-04,2.73255323e-05,1.36627662e-04,PARMA_v4.10_Sato2015_e0144679,Gordon2004_10MeV-10GeV_3.55e-3
5798.4652880704243,5882.5271935040364,5967.8077669116847,1.30231027e-04,2.60462055e-05,1.30231027e-04,PARMA_v4.10_Sato2015_e0144679,Gordon2004_10MeV-10GeV_3.55e-3
5967.8077669116847,6054.3246756496319,6142.0958432025272,1.24128494e-04,2.48256989e-05,1.24128494e-04,PARMA_v4.10_Sato2015_e0144679,Gordon2004_10MeV-10GeV_3.55e-3
6142.0958432025272,6231.1394528965893,6321.4739516665886,1.18313517e-04,2.36627033e-05,1.18313517e-04,PARMA_v4.10_Sato2015_e0144679,Gordon2004_10MeV-10GeV_3.55e-3
6321.4739516665886,6413.118053877447,6506.0907452012634,1.12779051e-04,2.25558101e-05,1.12779051e-04,PARMA_v4.10_Sato2015_e0144679,Gordon2004_10MeV-10GeV_3.55e-3
6506.0907452012634,6600.4112865505149,6696.0992180682751,1.07517598e-04,2.15035197e-05,1.07517598e-04,PARMA_v4.10_Sato2015_e0144679,Gordon2004_10MeV-10GeV_3.55e-3
6696.0992180682751,6793.1743631763165,6891.6568326818706,1.02521238e-04,2.05042477e-05,1.02521238e-04,PARMA_v4.10_Sato2015_e0144679,Gordon2004_10MeV-10GeV_3.55e-3
6891.6568326818706,6991.5670289439295,7092.9256500999536,9.77816718e-05,1.95563344e-05,9.77816718e-05,PARMA_v4.10_Sato2015_e0144679,Gordon2004_10MeV-10GeV_3.55e-3
7092.9256500999536,7195.7536943538425,7300.0724643261001,9.32902656e-05,1.86580531e-05,9.32902656e-05,PARMA_v4.10_Sato2015_e0144679,Gordon2004_10MeV-10GeV_3.55e-3
7300.0724643261001,7405.903571467029,7513.2689405339061,8.90380994e-05,1.78076199e-05,8.90380994e-05,PARMA_v4.10_Sato2015_e0144679,Gordon2004_10MeV-10GeV_3.55e-3
7513.2689405339061,7622.1908141330969,7732.6917573279934,8.50160145e-05,1.70032029e-05,8.50160145e-05,PARMA_v4.10_Sato2015_e0144679,Gordon2004_10MeV-10GeV_3.55e-3
7732.6917573279934,7844.7946623137523,7958.5227531598339,8.12146644e-05,1.62429329e-05,8.12146644e-05,PARMA_v4.10_Sato2015_e0144679,Gordon2004_10MeV-10GeV_3.55e-3
7958.5227531598339,8073.8995906212594,8190.9490770196144,7.76245667e-05,1.55249133e-05,7.76245667e-05,PARMA_v4.10_Sato2015_e0144679,Gordon2004_10MeV-10GeV_3.55e-3
8190.9490770196144,8309.6954611948549,8430.1633435288677,7.42361548e-05,1.48472310e-05,7.42361548e-05,PARMA_v4.10_Sato2015_e0144679,Gordon2004_10MeV-10GeV_3.55e-3
8430.1633435288677,8552.3776810418713,8676.3637925626954,7.10398299e-05,1.42079660e-05,7.10398299e-05,PARMA_v4.10_Sato2015_e0144679,Gordon2004_10MeV-10GeV_3.55e-3
8676.3637925626954,8802.1473639740088,8929.7544535336201,6.80260127e-05,1.36052025e-05,6.80260127e-05,PARMA_v4.10_Sato2015_e0144679,Gordon2004_10MeV-10GeV_3.55e-3
8929.7544535336201,9059.2114972728905,9190.5453144733929,6.51851933e-05,1.30370387e-05,6.51851933e-05,PARMA_v4.10_Sato2015_e0144679,Gordon2004_10MeV-10GeV_3.55e-3
9190.5453144733929,9323.7831132230222,9458.9524960526196,6.25079798e-05,1.25015960e-05,6.25079798e-05,PARMA_v4.10_Sato2015_e0144679,Gordon2004_10MeV-10GeV_3.55e-3
9458.9524960526196,9596.0814656542989,9735.1984306827308,5.99851449e-05,1.19970290e-05,5.99851449e-05,PARMA_v4.10_Sato2015_e0144679,Gordon2004_10MeV-10GeV_3.55e-3
9735.1984306827308,9876.3322116404652,10019.512046848584,5.76076692e-05,1.15215338e-05,5.76076692e-05,PARMA_v4.10_Sato2015_e0144679,Gordon2004_10MeV-10GeV_3.55e-3
10019.512046848584,10164.767598503953,10312.128958824262,5.53667815e-05,1.10733563e-05,5.53667815e-05,PARMA_v4.10_Sato2015_e0144679,Gordon2004_10MeV-10GeV_3.55e-3
10312.128958824262,10461.62665628214,10613.29166192967,5.32539957e-05,1.06507991e-05,5.32539957e-05,PARMA_v4.10_Sato2015_e0144679,Gordon2004_10MeV-10GeV_3.55e-3
10613.29166192967,10767.155395814567,10923.249733489418,5.12611439e-05,1.02522288e-05,5.12611439e-05,PARMA_v4.10_Sato2015_e0144679,Gordon2004_10MeV-10GeV_3.55e-3
10923.249733489418,11081.607012615244,11242.260039660781,4.93804046e-05,9.87608092e-06,4.93804046e-05,PARMA_v4.10_Sato2015_e0144679,Gordon2004_10MeV-10GeV_3.55e-3
11242.260039660781,11405.242096698945,11570.586948301785,4.76043269e-05,9.52086539e-06,4.76043269e-05,PARMA_v4.10_Sato2015_e0144679,Gordon2004_10MeV-10GeV_3.55e-3
11570.586948301785,11738.32884853539,11908.502548056249,4.59258503e-05,9.18517007e-06,4.59258503e-05,PARMA_v4.10_Sato2015_e0144679,Gordon2004_10MeV-10GeV_3.55e-3
11908.502548056249,12081.143301310431,12256.286873837136,4.43383189e-05,8.86766379e-06,4.43383189e-05,PARMA_v4.10_Sato2015_e0144679,Gordon2004_10MeV-10GeV_3.55e-3
12256.286873837136,12433.969549678186,12614.228138894878,4.28354923e-05,8.56709845e-06,4.28354923e-05,PARMA_v4.10_Sato2015_e0144679,Gordon2004_10MeV-10GeV_3.55e-3
12614.228138894878,12797.099985193838,12982.622973663412,4.14115501e-05,8.28231003e-06,4.14115501e-05,PARMA_v4.10_Sato2015_e0144679,Gordon2004_10MeV-10GeV_3.55e-3
12982.622973663412,13170.835538622217,13361.776671581514,4.00610939e-05,8.01221878e-06,4.00610939e-05,PARMA_v4.10_Sato2015_e0144679,Gordon2004_10MeV-10GeV_3.55e-3
13361.776671581514,13555.485929322951,13752.003442093417,3.87791430e-05,7.75582860e-06,3.87791430e-05,PARMA_v4.10_Sato2015_e0144679,Gordon2004_10MeV-10GeV_3.55e-3
13752.003442093417,13951.369921918762,14153.62667103798,3.75611276e-05,7.51222553e-06,3.75611276e-05,PARMA_v4.10_Sato2015_e0144679,Gordon2004_10MeV-10GeV_3.55e-3
14153.62667103798,14358.815590459688,14566.979188642676,3.64028777e-05,7.28057553e-06,3.64028777e-05,PARMA_v4.10_Sato2015_e0144679,Gordon2004_10MeV-10GeV_3.55e-3
14566.979188642676,14778.160590302261,14992.403545344285,3.53006083e-05,7.06012166e-06,3.53006083e-05,PARMA_v4.10_Sato2015_e0144679,Gordon2004_10MeV-10GeV_3.55e-3
14992.403545344285,15209.752437928715,15430.252295664586,3.42509026e-05,6.85018051e-06,3.42509026e-05,PARMA_v4.10_Sato2015_e0144679,Gordon2004_10MeV-10GeV_3.55e-3
15430.252295664586,15653.948798938241,15880.888290376835,3.32506921e-05,6.65013842e-06,3.32506921e-05,PARMA_v4.10_Sato2015_e0144679,Gordon2004_10MeV-10GeV_3.55e-3
15880.888290376835,16111.117784448992,16344.684977204719,3.22972345e-05,6.45944690e-06,3.22972345e-05,PARMA_v4.10_Sato2015_e0144679,Gordon2004_10MeV-10GeV_3.55e-3
16344.684977204719,16581.63825615645,16822.026710303311,3.13880907e-05,6.27761814e-06,3.13880907e-05,PARMA_v4.10_Sato2015_e0144679,Gordon2004_10MeV-10GeV_3.55e-3
16822.026710303311,17065.900140300833,17313.309068777999,3.05210997e-05,6.10421995e-06,3.05210997e-05,PARMA_v4.10_Sato2015_e0144679,Gordon2004_10MeV-10GeV_3.55e-3
17313.309068777999,17564.304750803858,17818.93918450598,2.96943540e-05,5.93887080e-06,2.96943540e-05,PARMA_v4.10_Sato2015_e0144679,Gordon2004_10MeV-10GeV_3.55e-3
17818.93918450598,18077.26512184272,18339.336079531677,2.89061735e-05,5.78123470e-06,2.89061735e-05,PARMA_v4.10_Sato2015_e0144679,Gordon2004_10MeV-10GeV_3.55e-3
18339.336079531677,18605.206350136668,18874.931013315359,2.81550800e-05,5.63101600e-06,2.81550800e-05,PARMA_v4.10_Sato2015_e0144679,Gordon2004_10MeV-10GeV_3.55e-3
18874.931013315359,19148.565947229981,19426.167840123453,2.74397727e-05,5.48795454e-06,2.74397727e-05,PARMA_v4.10_Sato2015_e0144679,Gordon2004_10MeV-10GeV_3.55e-3
19426.167840123453,19707.794202063331,19993.503376856072,2.67591029e-05,5.35182058e-06,2.67591029e-05,PARMA_v4.10_Sato2015_e0144679,Gordon2004_10MeV-10GeV_3.55e-3
19993.503376856072,20283.354554133926,20577.407781617083,2.61120517e-05,5.22241035e-06,2.61120517e-05,PARMA_v4.10_Sato2015_e0144679,Gordon2004_10MeV-10GeV_3.55e-3
20577.407781617083,20875.723977553633,21178.364943339839,2.54977067e-05,5.09954134e-06,2.54977067e-05,PARMA_v4.10_Sato2015_e0144679,Gordon2004_10MeV-10GeV_3.55e-3
21178.364943339839,21485.393376323351,21796.872882792119,2.49152418e-05,4.98304837e-06,2.49152418e-05,PARMA_v4.10_Sato2015_e0144679,Gordon2004_10MeV-10GeV_3.55e-3
21796.872882792119,22112.867991151488,22433.44416529236,2.43638976e-05,4.87277951e-06,2.43638976e-05,PARMA_v4.10_Sato2015_e0144679,Gordon2004_10MeV-10GeV_3.55e-3
22433.44416529236,22758.667818153219,23088.606325478726,2.38429633e-05,4.76859265e-06,2.38429633e-05,PARMA_v4.10_Sato2015_e0144679,Gordon2004_10MeV-10GeV_3.55e-3
23088.606325478726,23423.328039777767,23762.90230448388,2.33517608e-05,4.67035216e-06,2.33517608e-05,PARMA_v4.10_Sato2015_e0144679,Gordon2004_10MeV-10GeV_3.55e-3
23762.90230448388,24107.399468320902,24456.890899877038,2.28896296e-05,4.57792591e-06,2.28896296e-05,PARMA_v4.10_Sato2015_e0144679,Gordon2004_10MeV-10GeV_3.55e-3
24456.890899877038,24811.449002390043,25171.147228746766,2.24559138e-05,4.49118276e-06,2.24559138e-05,PARMA_v4.10_Sato2015_e0144679,Gordon2004_10MeV-10GeV_3.55e-3
25171.147228746766,25536.060096700265,25906.263204307441,2.20499508e-05,4.40999016e-06,2.20499508e-05,PARMA_v4.10_Sato2015_e0144679,Gordon2004_10MeV-10GeV_3.55e-3
25906.263204307441,26281.83324559046,26662.848026425338,2.16710607e-05,4.33421213e-06,2.16710607e-05,PARMA_v4.10_Sato2015_e0144679,Gordon2004_10MeV-10GeV_3.55e-3
26662.848026425338,27049.386480660723,27441.528686470385,2.13185380e-05,4.26370759e-06,2.13185380e-05,PARMA_v4.10_Sato2015_e0144679,Gordon2004_10MeV-10GeV_3.55e-3
27441.528686470385,27839.355882942855,28242.950486911512,2.09916442e-05,4.19832883e-06,2.09916442e-05,PARMA_v4.10_Sato2015_e0144679,Gordon2004_10MeV-10GeV_3.55e-3
28242.950486911512,28652.396110028654,29067.777576087119,2.06896019e-05,4.13792038e-06,2.06896019e-05,PARMA_v4.10_Sato2015_e0144679,Gordon2004_10MeV-10GeV_3.55e-3
29067.777576087119,29489.180938592966,29916.69349859306,2.04115900e-05,4.08231799e-06,2.04115900e-05,PARMA_v4.10_Sato2015_e0144679,Gordon2004_10MeV-10GeV_3.55e-3
29916.69349859306,30350.403822760949,30790.401761744914,2.01567395e-05,4.03134789e-06,2.01567395e-05,PARMA_v4.10_Sato2015_e0144679,Gordon2004_10MeV-10GeV_3.55e-3
30790.401761744914,31236.778468782202,31689.626418582979,1.99241318e-05,3.98482636e-06,1.99241318e-05,PARMA_v4.10_Sato2015_e0144679,Gordon2004_10MeV-10GeV_3.55e-3
31689.626418582979,32149.03942648802,32615.112667904323,1.97127964e-05,3.94255928e-06,1.97127964e-05,PARMA_v4.10_Sato2015_e0144679,Gordon2004_10MeV-10GeV_3.55e-3
32615.112667904323,33087.942698022263,33567.627471818625,1.95217106e-05,3.90434212e-06,1.95217106e-05,PARMA_v4.10_Sato2015_e0144679,Gordon2004_10MeV-10GeV_3.55e-3
33567.627471818625,34054.26636434978,34547.960191338934,1.93497997e-05,3.86995994e-06,1.93497997e-05,PARMA_v4.10_Sato2015_e0144679,Gordon2004_10MeV-10GeV_3.55e-3
34547.960191338934,35048.81123006183,35556.923240535318,1.91959379e-05,3.83918758e-06,1.91959379e-05,PARMA_v4.10_Sato2015_e0144679,Gordon2004_10MeV-10GeV_3.55e-3
35556.923240535318,36072.401487012969,36595.352759792535,1.90589505e-05,3.81179010e-06,1.90589505e-05,PARMA_v4.10_Sato2015_e0144679,Gordon2004_10MeV-10GeV_3.55e-3
36595.352759792535,37125.885397339342,37664.109308730389,1.89376163e-05,3.78752325e-06,1.89376163e-05,PARMA_v4.10_Sato2015_e0144679,Gordon2004_10MeV-10GeV_3.55e-3
37664.109308730389,38210.135996424076,38764.078579359841,1.88306708e-05,3.76613416e-06,1.88306708e-05,PARMA_v4.10_Sato2015_e0144679,Gordon2004_10MeV-10GeV_3.55e-3
38764.078579359841,39326.051816392639,39896.172130067403,1.87368110e-05,3.74736219e-06,1.87368110e-05,PARMA_v4.10_Sato2015_e0144679,Gordon2004_10MeV-10GeV_3.55e-3
39896.172130067403,40474.557630737894,41061.328141035257,1.86546985e-05,3.73093970e-06,1.86546985e-05,PARMA_v4.10_Sato2015_e0144679,Gordon2004_10MeV-10GeV_3.55e-3
41061.328141035257,41656.605220691461,42260.512191722519,1.85829664e-05,3.71659327e-06,1.85829664e-05,PARMA_v4.10_Sato2015_e0144679,Gordon2004_10MeV-10GeV_3.55e-3
42260.512191722519,42873.174163976735,43494.718061053434,1.85202235e-05,3.70404470e-06,1.85202235e-05,PARMA_v4.10_Sato2015_e0144679,Gordon2004_10MeV-10GeV_3.55e-3
43494.718061053434,44125.272646597325,44764.968550974285,1.84650612e-05,3.69301223e-06,1.84650612e-05,PARMA_v4.10_Sato2015_e0144679,Gordon2004_10MeV-10GeV_3.55e-3
44764.968550974285,45413.938298333618,46072.316334062634,1.84160595e-05,3.68321190e-06,1.84160595e-05,PARMA_v4.10_Sato2015_e0144679,Gordon2004_10MeV-10GeV_3.55e-3
46072.316334062634,46740.239052639517,47417.84482588977,1.83717941e-05,3.67435882e-06,1.83717941e-05,PARMA_v4.10_Sato2015_e0144679,Gordon2004_10MeV-10GeV_3.55e-3
47417.84482588977,48105.274031652261,48802.669082861132,1.83308431e-05,3.66616862e-06,1.83308431e-05,PARMA_v4.10_Sato2015_e0144679,Gordon2004_10MeV-10GeV_3.55e-3
48802.669082861132,49510.174457049005,50227.936726277898,1.82917943e-05,3.65835885e-06,1.82917943e-05,PARMA_v4.10_Sato2015_e0144679,Gordon2004_10MeV-10GeV_3.55e-3
50227.936726277898,50956.104587504364,51694.828893384576,1.82532521e-05,3.65065041e-06,1.82532521e-05,PARMA_v4.10_Sato2015_e0144679,Gordon2004_10MeV-10GeV_3.55e-3
51694.828893384576,52444.262683526118,53204.561216192757,1.82138449e-05,3.64276899e-06,1.82138449e-05,PARMA_v4.10_Sato2015_e0144679,Gordon2004_10MeV-10GeV_3.55e-3
53204.561216192757,53975.88200046889,54758.384828890426,1.81722325e-05,3.63444651e-06,1.81722325e-05,PARMA_v4.10_Sato2015_e0144679,Gordon2004_10MeV-10GeV_3.55e-3
54758.384828890426,55552.23181054851,56357.587404673097,1.81271121e-05,3.62542241e-06,1.81271121e-05,PARMA_v4.10_Sato2015_e0144679,Gordon2004_10MeV-10GeV_3.55e-3
56357.587404673097,57174.618454703756,58003.494222854104,1.80772257e-05,3.61544515e-06,1.80772257e-05,PARMA_v4.10_Sato2015_e0144679,Gordon2004_10MeV-10GeV_3.55e-3
58003.494222854104,58844.386425177385,59697.469267140601,1.80213664e-05,3.60427328e-06,1.80213664e-05,PARMA_v4.10_Sato2015_e0144679,Gordon2004_10MeV-10GeV_3.55e-3
59697.469267140601,60562.919479714117,61440.916355984409,1.79583840e-05,3.59167680e-06,1.79583840e-05,PARMA_v4.10_Sato2015_e0144679,Gordon2004_10MeV-10GeV_3.55e-3
61440.916355984409,62331.641788297951,63235.280305943314,1.78871910e-05,3.57743819e-06,1.78871910e-05,PARMA_v4.10_Sato2015_e0144679,Gordon2004_10MeV-10GeV_3.55e-3
63235.280305943314,64152.019113379632,65082.04812901924,1.78067672e-05,3.56135343e-06,1.78067672e-05,PARMA_v4.10_Sato2015_e0144679,Gordon2004_10MeV-10GeV_3.55e-3
65082.04812901924,66025.560024572551,66982.750264963528,1.77161649e-05,3.54323299e-06,1.77161649e-05,PARMA_v4.10_Sato2015_e0144679,Gordon2004_10MeV-10GeV_3.55e-3
66982.750264963528,67953.817148823553,68938.961849572239,1.76145126e-05,3.52290251e-06,1.76145126e-05,PARMA_v4.10_Sato2015_e0144679,Gordon2004_10MeV-10GeV_3.55e-3
68938.961849572239,69938.388457094276,70952.304020020121,1.75010186e-05,3.50020373e-06,1.75010186e-05,PARMA_v4.10_Sato2015_e0144679,Gordon2004_10MeV-10GeV_3.55e-3
70952.304020020121,71980.91858861965,73024.445258317908,1.73749748e-05,3.47499495e-06,1.73749748e-05,PARMA_v4.10_Sato2015_e0144679,Gordon2004_10MeV-10GeV_3.55e-3
73024.445258317908,74083.100213841462,75157.102774004685,1.72357582e-05,3.44715164e-06,1.72357582e-05,PARMA_v4.10_Sato2015_e0144679,Gordon2004_10MeV-10GeV_3.55e-3
75157.102774004685,76246.675437145605,77352.043927220337,1.70828348e-05,3.41656696e-06,1.70828348e-05,PARMA_v4.10_Sato2015_e0144679,Gordon2004_10MeV-10GeV_3.55e-3
77352.043927220337,78473.437240565647,79611.087693339607,1.69157601e-05,3.38315202e-06,1.69157601e-05,PARMA_v4.10_Sato2015_e0144679,Gordon2004_10MeV-10GeV_3.55e-3
79611.087693339607,80765.230969649798,81936.106170379659,1.67341818e-05,3.34683636e-06,1.67341818e-05,PARMA_v4.10_Sato2015_e0144679,Gordon2004_10MeV-10GeV_3.55e-3
81936.106170379659,83123.955862722185,84329.026130431885,1.65378405e-05,3.30756810e-06,1.65378405e-05,PARMA_v4.10_Sato2015_e0144679,Gordon2004_10MeV-10GeV_3.55e-3
84329.026130431885,85551.566624805433,86791.830616401305,1.63265715e-05,3.26531431e-06,1.63265715e-05,PARMA_v4.10_Sato2015_e0144679,Gordon2004_10MeV-10GeV_3.55e-3
86791.830616401305,88050.075047509017,89326.560585379542,1.61003060e-05,3.22006120e-06,1.61003060e-05,PARMA_v4.10_Sato2015_e0144679,Gordon2004_10MeV-10GeV_3.55e-3
89326.560585379542,90621.551676226838,91935.316600012346,1.58590712e-05,3.17181425e-06,1.58590712e-05,PARMA_v4.10_Sato2015_e0144679,Gordon2004_10MeV-10GeV_3.55e-3
91935.316600012346,93268.127526024065,94620.260569261154,1.56029920e-05,3.12059840e-06,1.56029920e-05,PARMA_v4.10_Sato2015_e0144679,Gordon2004_10MeV-10GeV_3.55e-3
94620.260569261154,95991.995847635888,97383.617540005027,1.53322911e-05,3.06645822e-06,1.53322911e-05,PARMA_v4.10_Sato2015_e0144679,Gordon2004_10MeV-10GeV_3.55e-3
97383.617540005027,98795.413945042252,100227.67754096461,1.50472891e-05,3.00945782e-06,1.50472891e-05,PARMA_v4.10_Sato2015_e0144679,Gordon2004_10MeV-10GeV_3.55e-3
100227.67754096461,101680.70504612425,103154.79748047859,1.47484049e-05,2.94968098e-06,1.47484049e-05,PARMA_v4.10_Sato2015_e0144679,Gordon2004_10MeV-10GeV_3.55e-3
103154.79748047859,104650.26022795218,106167.40309970215,1.44361546e-05,2.88723093e-06,1.44361546e-05,PARMA_v4.10_Sato2015_e0144679,Gordon2004_10MeV-10GeV_3.55e-3
106167.40309970215,107706.54039830089,109267.99098284969,1.41111503e-05,2.82223006e-06,1.41111503e-05,PARMA_v4.10_Sato2015_e0144679,Gordon2004_10MeV-10GeV_3.55e-3
109267.99098284969,110852.07833503567,112459.13062614642,1.37740977e-05,2.75481954e-06,1.37740977e-05,PARMA_v4.10_Sato2015_e0144679,Gordon2004_10MeV-10GeV_3.55e-3
112459.13062614642,114089.48078505682,115743.46656720083,1.34257928e-05,2.68515856e-06,1.34257928e-05,PARMA_v4.10_Sato2015_e0144679,Gordon2004_10MeV-10GeV_3.55e-3
115743.46656720083,117421.43062454337,119123.72057656695,1.30671178e-05,2.61342356e-06,1.30671178e-05,PARMA_v4.10_Sato2015_e0144679,Gordon2004_10MeV-10GeV_3.55e-3
119123.72057656695,120850.68908228692,122602.69391331065,1.26990347e-05,2.53980694e-06,1.26990347e-05,PARMA_v4.10_Sato2015_e0144679,Gordon2004_10MeV-10GeV_3.55e-3
122602.69391331065,124380.09802795651,126183.26964644689,1.23225787e-05,2.46451574e-06,1.23225787e-05,PARMA_v4.10_Sato2015_e0144679,Gordon2004_10MeV-10GeV_3.55e-3
126183.26964644689,128012.58232719144,129868.41504417622,1.19388496e-05,2.38776991e-06,1.19388496e-05,PARMA_v4.10_Sato2015_e0144679,Gordon2004_10MeV-10GeV_3.55e-3
129868.41504417622,131751.15226547458,133661.18403289682,1.15490020e-05,2.30980040e-06,1.15490020e-05,PARMA_v4.10_Sato2015_e0144679,Gordon2004_10MeV-10GeV_3.55e-3
133661.18403289682,135598.906042794,137564.71972803285,1.11542346e-05,2.23084692e-06,1.11542346e-05,PARMA_v4.10_Sato2015_e0144679,Gordon2004_10MeV-10GeV_3.55e-3
137564.71972803285,139559.03234116023,141582.25703877222,1.07557784e-05,2.15115567e-06,1.07557784e-05,PARMA_v4.10_Sato2015_e0144679,Gordon2004_10MeV-10GeV_3.55e-3
141582.25703877222,143634.8129671067,145717.12534887719,1.03548842e-05,2.07097684e-06,1.03548842e-05,PARMA_v4.10_Sato2015_e0144679,Gordon2004_10MeV-10GeV_3.55e-3
145717.12534887719,147829.62557136489,149972.75127578771,9.95281008e-06,1.99056202e-06,9.95281008e-06,PARMA_v4.10_Sato2015_e0144679,Gordon2004_10MeV-10GeV_3.55e-3
149972.75127578771,152146.94644796578,154352.66151030062,9.55080814e-06,1.91016163e-06,9.55080814e-06,PARMA_v4.10_Sato2015_e0144679,Gordon2004_10MeV-10GeV_3.55e-3
154352.66151030062,156590.35341508806,158860.48573918384,9.15011208e-06,1.83002242e-06,9.15011208e-06,PARMA_v4.10_Sato2015_e0144679,Gordon2004_10MeV-10GeV_3.55e-3
158860.48573918384,161163.52878004144,163499.95965314293,8.75192515e-06,1.75038503e-06,8.75192515e-06,PARMA_v4.10_Sato2015_e0144679,Gordon2004_10MeV-10GeV_3.55e-3
163499.95965314293,165870.26239084141,168274.92804263637,8.35740872e-06,1.67148174e-06,8.35740872e-06,PARMA_v4.10_Sato2015_e0144679,Gordon2004_10MeV-10GeV_3.55e-3
168274.92804263637,170714.4547769037,173189.34798409979,7.96767214e-06,1.59353443e-06,7.96767214e-06,PARMA_v4.10_Sato2015_e0144679,Gordon2004_10MeV-10GeV_3.55e-3
173189.34798409979,175700.12038146169,178247.29211922607,7.58376356e-06,1.51675271e-06,7.58376356e-06,PARMA_v4.10_Sato2015_e0144679,Gordon2004_10MeV-10GeV_3.55e-3
178247.29211922607,180831.39088838693,183452.95203001579,7.20666223e-06,1.44133245e-06,7.20666223e-06,PARMA_v4.10_Sato2015_e0144679,Gordon2004_10MeV-10GeV_3.55e-3
183452.95203001579,186112.51864616727,188810.64171239207,6.83727215e-06,1.36745443e-06,6.83727215e-06,PARMA_v4.10_Sato2015_e0144679,Gordon2004_10MeV-10GeV_3.55e-3
188810.64171239207,191547.88019188109,194324.80115126452,6.47641705e-06,1.29528341e-06,6.47641705e-06,PARMA_v4.10_Sato2015_e0144679,Gordon2004_10MeV-10GeV_3.55e-3
194324.80115126452,197141.97987808916,200000.00000000003,6.12483687e-06,1.22496737e-06,6.12483687e-06,PARMA_v4.10_Sato2015_e0144679,Gordon2004_10MeV-10GeV_3.55e-3
