# ENDF/B-VIII.0 n-Ge ELASTIC cross section (Plan 07-02, milestone v1.1)
# ACQUISITION + VALIDATION artifact -- NO recoil kernel, NO quenching.
# source           = ENDF/B-VIII.0 neutron sublibrary (Brown et al., NDS 148, 2018)
# retrieval        = https://www-nds.iaea.org/public/download-endf/ENDF-B-VIII.0/n/  (retrieved 2026-07-22)
# per_isotope_MAT  = 70Ge=MAT3225, 72Ge=MAT3231, 73Ge=MAT3234, 74Ge=MAT3237, 76Ge=MAT3243   (read from file header, not hardcoded)
# reaction         = MF=3 MT=2 (sigma_el)  +  MF=4 MT=2 (CM angular, LCT=2)
# reader           = endf 0.1.12 (openmc.data ENDF-6 MF3/MF4 reader, P. Romano)
# reconstruction   = UNAVAILABLE (NJOY absent) -- MF=3 background only; resonance region FLAGGED
# abundances_IUPAC = 70Ge=0.2057, 72Ge=0.2745, 73Ge=0.0775, 74Ge=0.3650, 76Ge=0.0773
# N_Ge             = 4.4136e+22 atoms/cm^3 (rho=5.323 g/cm^3, M=72.63 g/mol)
# recoil_axis      = keV_nr (unified phonon scale, NO Lindhard/quenching)  [CONVENTIONS.md sec.B]
# git_sha          = ce4ae7c
# generated_utc    = 2026-07-22T14:24:08Z
# columns: E_eV, then sigma_el_b_<A> and a1_<A> per isotope
E_eV,sigma_el_b_70,sigma_el_b_72,sigma_el_b_73,sigma_el_b_74,sigma_el_b_76,a1_70,a1_72,a1_73,a1_74,a1_76
1.000000e-05,nan,nan,nan,nan,nan,6.373120e-05,5.759200e-05,6.034560e-05,5.063290e-05,4.224750e-05
1.000000e+01,nan,nan,nan,nan,nan,6.373120e-05,5.759200e-05,6.034560e-05,5.063290e-05,4.224750e-05
1.029205e+01,nan,nan,nan,nan,nan,6.373120e-05,5.759200e-05,6.034560e-05,5.063290e-05,4.224750e-05
1.059262e+01,nan,nan,nan,nan,nan,6.373120e-05,5.759200e-05,6.034560e-05,5.063290e-05,4.224750e-05
1.090198e+01,nan,nan,nan,nan,nan,6.373120e-05,5.759200e-05,6.034560e-05,5.063290e-05,4.224750e-05
1.122037e+01,nan,nan,nan,nan,nan,6.373120e-05,5.759200e-05,6.034560e-05,5.063290e-05,4.224750e-05
1.154805e+01,nan,nan,nan,nan,nan,6.373120e-05,5.759200e-05,6.034560e-05,5.063290e-05,4.224750e-05
1.188531e+01,nan,nan,nan,nan,nan,6.373120e-05,5.759200e-05,6.034560e-05,5.063290e-05,4.224750e-05
1.223242e+01,nan,nan,nan,nan,nan,6.373120e-05,5.759200e-05,6.034560e-05,5.063290e-05,4.224750e-05
1.258966e+01,nan,nan,nan,nan,nan,6.373120e-05,5.759200e-05,6.034560e-05,5.063290e-05,4.224750e-05
1.295734e+01,nan,nan,nan,nan,nan,6.373120e-05,5.759200e-05,6.034560e-05,5.063290e-05,4.224750e-05
1.333576e+01,nan,nan,nan,nan,nan,6.373120e-05,5.759200e-05,6.034560e-05,5.063290e-05,4.224750e-05
1.372522e+01,nan,nan,nan,nan,nan,6.373120e-05,5.759200e-05,6.034560e-05,5.063290e-05,4.224750e-05
1.412606e+01,nan,nan,nan,nan,nan,6.373120e-05,5.759200e-05,6.034560e-05,5.063290e-05,4.224750e-05
1.453861e+01,nan,nan,nan,nan,nan,6.373120e-05,5.759200e-05,6.034560e-05,5.063290e-05,4.224750e-05
1.496321e+01,nan,nan,nan,nan,nan,6.373120e-05,5.759200e-05,6.034560e-05,5.063290e-05,4.224750e-05
1.540020e+01,nan,nan,nan,nan,nan,6.373120e-05,5.759200e-05,6.034560e-05,5.063290e-05,4.224750e-05
1.584996e+01,nan,nan,nan,nan,nan,6.373120e-05,5.759200e-05,6.034560e-05,5.063290e-05,4.224750e-05
1.631286e+01,nan,nan,nan,nan,nan,6.373120e-05,5.759200e-05,6.034560e-05,5.063290e-05,4.224750e-05
1.678927e+01,nan,nan,nan,nan,nan,6.373120e-05,5.759200e-05,6.034560e-05,5.063290e-05,4.224750e-05
1.727959e+01,nan,nan,nan,nan,nan,6.373120e-05,5.759200e-05,6.034560e-05,5.063290e-05,4.224750e-05
1.778424e+01,nan,nan,nan,nan,nan,6.373120e-05,5.759200e-05,6.034560e-05,5.063290e-05,4.224750e-05
1.830362e+01,nan,nan,nan,nan,nan,6.373120e-05,5.759200e-05,6.034560e-05,5.063290e-05,4.224750e-05
1.883817e+01,nan,nan,nan,nan,nan,6.373120e-05,5.759200e-05,6.034560e-05,5.063290e-05,4.224750e-05
1.938834e+01,nan,nan,nan,nan,nan,6.373120e-05,5.759200e-05,6.034560e-05,5.063290e-05,4.224750e-05
1.995457e+01,nan,nan,nan,nan,nan,6.373120e-05,5.759200e-05,6.034560e-05,5.063290e-05,4.224750e-05
2.053734e+01,nan,nan,nan,nan,nan,6.373120e-05,5.759200e-05,6.034560e-05,5.063290e-05,4.224750e-05
2.113712e+01,nan,nan,nan,nan,nan,6.373120e-05,5.759200e-05,6.034560e-05,5.063290e-05,4.224750e-05
2.175443e+01,nan,nan,nan,nan,nan,6.373120e-05,5.759200e-05,6.034560e-05,5.063290e-05,4.224750e-05
2.238976e+01,nan,nan,nan,nan,nan,6.373120e-05,5.759200e-05,6.034560e-05,5.063290e-05,4.224750e-05
2.304364e+01,nan,nan,nan,nan,nan,6.373120e-05,5.759200e-05,6.034560e-05,5.063290e-05,4.224750e-05
2.371663e+01,nan,nan,nan,nan,nan,6.373120e-05,5.759200e-05,6.034560e-05,5.063290e-05,4.224750e-05
2.440926e+01,nan,nan,nan,nan,nan,6.373120e-05,5.759200e-05,6.034560e-05,5.063290e-05,4.224750e-05
2.512213e+01,nan,nan,nan,nan,nan,6.373120e-05,5.759200e-05,6.034560e-05,5.063290e-05,4.224750e-05
2.585581e+01,nan,nan,nan,nan,nan,6.373120e-05,5.759200e-05,6.034560e-05,5.063290e-05,4.224750e-05
2.661092e+01,nan,nan,nan,nan,nan,6.373120e-05,5.759200e-05,6.034560e-05,5.063290e-05,4.224750e-05
2.738809e+01,nan,nan,nan,nan,nan,6.373120e-05,5.759200e-05,6.034560e-05,5.063290e-05,4.224750e-05
2.818795e+01,nan,nan,nan,nan,nan,6.373120e-05,5.759200e-05,6.034560e-05,5.063290e-05,4.224750e-05
2.901117e+01,nan,nan,nan,nan,nan,6.373120e-05,5.759200e-05,6.034560e-05,5.063290e-05,4.224750e-05
2.985843e+01,nan,nan,nan,nan,nan,6.373120e-05,5.759200e-05,6.034560e-05,5.063290e-05,4.224750e-05
3.073044e+01,nan,nan,nan,nan,nan,6.373120e-05,5.759200e-05,6.034560e-05,5.063290e-05,4.224750e-05
3.162791e+01,nan,nan,nan,nan,nan,6.373120e-05,5.759200e-05,6.034560e-05,5.063290e-05,4.224750e-05
3.255160e+01,nan,nan,nan,nan,nan,6.373120e-05,5.759200e-05,6.034560e-05,5.063290e-05,4.224750e-05
3.350226e+01,nan,nan,nan,nan,nan,6.373120e-05,5.759200e-05,6.034560e-05,5.063290e-05,4.224750e-05
3.448068e+01,nan,nan,nan,nan,nan,6.373120e-05,5.759200e-05,6.034560e-05,5.063290e-05,4.224750e-05
3.548768e+01,nan,nan,nan,nan,nan,6.373120e-05,5.759200e-05,6.034560e-05,5.063290e-05,4.224750e-05
3.652409e+01,nan,nan,nan,nan,nan,6.373120e-05,5.759200e-05,6.034560e-05,5.063290e-05,4.224750e-05
3.759076e+01,nan,nan,nan,nan,nan,6.373120e-05,5.759200e-05,6.034560e-05,5.063290e-05,4.224750e-05
3.868859e+01,nan,nan,nan,nan,nan,6.373120e-05,5.759200e-05,6.034560e-05,5.063290e-05,4.224750e-05
3.981848e+01,nan,nan,nan,nan,nan,6.373120e-05,5.759200e-05,6.034560e-05,5.063290e-05,4.224750e-05
4.098137e+01,nan,nan,nan,nan,nan,6.373120e-05,5.759200e-05,6.034560e-05,5.063290e-05,4.224750e-05
4.217821e+01,nan,nan,nan,nan,nan,6.373120e-05,5.759200e-05,6.034560e-05,5.063290e-05,4.224750e-05
4.341002e+01,nan,nan,nan,nan,nan,6.373120e-05,5.759200e-05,6.034560e-05,5.063290e-05,4.224750e-05
4.467779e+01,nan,nan,nan,nan,nan,6.373120e-05,5.759200e-05,6.034560e-05,5.063290e-05,4.224750e-05
4.598259e+01,nan,nan,nan,nan,nan,6.373120e-05,5.759200e-05,6.034560e-05,5.063290e-05,4.224750e-05
4.732550e+01,nan,nan,nan,nan,nan,6.373120e-05,5.759200e-05,6.034560e-05,5.063290e-05,4.224750e-05
4.870763e+01,nan,nan,nan,nan,nan,6.373120e-05,5.759200e-05,6.034560e-05,5.063290e-05,4.224750e-05
5.013012e+01,nan,nan,nan,nan,nan,6.373120e-05,5.759200e-05,6.034560e-05,5.063290e-05,4.224750e-05
5.159416e+01,nan,nan,nan,nan,nan,6.373120e-05,5.759200e-05,6.034560e-05,5.063290e-05,4.224750e-05
5.310095e+01,nan,nan,nan,nan,nan,6.373120e-05,5.759200e-05,6.034560e-05,5.063290e-05,4.224750e-05
5.465175e+01,nan,nan,nan,nan,nan,6.373120e-05,5.759200e-05,6.034560e-05,5.063290e-05,4.224750e-05
5.624784e+01,nan,nan,nan,nan,nan,6.373120e-05,5.759200e-05,6.034560e-05,5.063290e-05,4.224750e-05
5.789054e+01,nan,nan,nan,nan,nan,6.373120e-05,5.759200e-05,6.034560e-05,5.063290e-05,4.224750e-05
5.958121e+01,nan,nan,nan,nan,nan,6.373120e-05,5.759200e-05,6.034560e-05,5.063290e-05,4.224750e-05
6.132127e+01,nan,nan,nan,nan,nan,6.373120e-05,5.759200e-05,6.034560e-05,5.063290e-05,4.224750e-05
6.311214e+01,nan,nan,nan,nan,nan,6.373120e-05,5.759200e-05,6.034560e-05,5.063290e-05,4.224750e-05
6.495531e+01,nan,nan,nan,nan,nan,6.373120e-05,5.759200e-05,6.034560e-05,5.063290e-05,4.224750e-05
6.685231e+01,nan,nan,nan,nan,nan,6.373120e-05,5.759200e-05,6.034560e-05,5.063290e-05,4.224750e-05
6.880471e+01,nan,nan,nan,nan,nan,6.373120e-05,5.759200e-05,6.034560e-05,5.063290e-05,4.224750e-05
7.081413e+01,nan,nan,nan,nan,nan,6.373120e-05,5.759200e-05,6.034560e-05,5.063290e-05,4.224750e-05
7.288224e+01,nan,nan,nan,nan,nan,6.373120e-05,5.759200e-05,6.034560e-05,5.063290e-05,4.224750e-05
7.501074e+01,nan,nan,nan,nan,nan,6.373120e-05,5.759200e-05,6.034560e-05,5.063290e-05,4.224750e-05
7.720141e+01,nan,nan,nan,nan,nan,6.373120e-05,5.759200e-05,6.034560e-05,5.063290e-05,4.224750e-05
7.945605e+01,nan,nan,nan,nan,nan,6.373120e-05,5.759200e-05,6.034560e-05,5.063290e-05,4.224750e-05
8.177654e+01,nan,nan,nan,nan,nan,6.373120e-05,5.759200e-05,6.034560e-05,5.063290e-05,4.224750e-05
8.416480e+01,nan,nan,nan,nan,nan,6.373120e-05,5.759200e-05,6.034560e-05,5.063290e-05,4.224750e-05
8.662281e+01,nan,nan,nan,nan,nan,6.373120e-05,5.759200e-05,6.034560e-05,5.063290e-05,4.224750e-05
8.915261e+01,nan,nan,nan,nan,nan,6.373120e-05,5.759200e-05,6.034560e-05,5.063290e-05,4.224750e-05
9.175628e+01,nan,nan,nan,nan,nan,6.373120e-05,5.759200e-05,6.034560e-05,5.063290e-05,4.224750e-05
9.443600e+01,nan,nan,nan,nan,nan,6.373120e-05,5.759200e-05,6.034560e-05,5.063290e-05,4.224750e-05
9.719397e+01,nan,nan,nan,nan,nan,6.373120e-05,5.759200e-05,6.034560e-05,5.063290e-05,4.224750e-05
1.000325e+02,nan,nan,nan,nan,nan,6.373120e-05,5.759200e-05,6.034560e-05,5.063290e-05,4.224750e-05
1.029539e+02,nan,nan,nan,nan,nan,6.373120e-05,5.759200e-05,6.034560e-05,5.063290e-05,4.224750e-05
1.059607e+02,nan,nan,nan,nan,nan,6.373120e-05,5.759200e-05,6.034560e-05,5.063290e-05,4.224750e-05
1.090552e+02,nan,nan,nan,nan,nan,6.373120e-05,5.759200e-05,6.034560e-05,5.063290e-05,4.224750e-05
1.122401e+02,nan,nan,nan,nan,nan,6.373120e-05,5.759200e-05,6.034560e-05,5.063290e-05,4.224750e-05
1.155181e+02,nan,nan,nan,nan,nan,6.373120e-05,5.759200e-05,6.034560e-05,5.063290e-05,4.224750e-05
1.188917e+02,nan,nan,nan,nan,nan,6.373120e-05,5.759200e-05,6.034560e-05,5.063290e-05,4.224750e-05
1.223639e+02,nan,nan,nan,nan,nan,6.373120e-05,5.759200e-05,6.034560e-05,5.063290e-05,4.224750e-05
1.259375e+02,nan,nan,nan,nan,nan,6.373120e-05,5.759200e-05,6.034560e-05,5.063290e-05,4.224750e-05
1.296155e+02,nan,nan,nan,nan,nan,6.373120e-05,5.759200e-05,6.034560e-05,5.063290e-05,4.224750e-05
1.334009e+02,nan,nan,nan,nan,nan,6.373120e-05,5.759200e-05,6.034560e-05,5.063290e-05,4.224750e-05
1.372968e+02,nan,nan,nan,nan,nan,6.373120e-05,5.759200e-05,6.034560e-05,5.063290e-05,4.224750e-05
1.413065e+02,nan,nan,nan,nan,nan,6.373120e-05,5.759200e-05,6.034560e-05,5.063290e-05,4.224750e-05
1.454334e+02,nan,nan,nan,nan,nan,6.373120e-05,5.759200e-05,6.034560e-05,5.063290e-05,4.224750e-05
1.496807e+02,nan,nan,nan,nan,nan,6.373120e-05,5.759200e-05,6.034560e-05,5.063290e-05,4.224750e-05
1.540521e+02,nan,nan,nan,nan,nan,6.373120e-05,5.759200e-05,6.034560e-05,5.063290e-05,4.224750e-05
1.585511e+02,nan,nan,nan,nan,nan,6.373120e-05,5.759200e-05,6.034560e-05,5.063290e-05,4.224750e-05
1.631816e+02,nan,nan,nan,nan,nan,6.373120e-05,5.759200e-05,6.034560e-05,5.063290e-05,4.224750e-05
1.679472e+02,nan,nan,nan,nan,nan,6.373120e-05,5.759200e-05,6.034560e-05,5.063290e-05,4.224750e-05
1.728521e+02,nan,nan,nan,nan,nan,6.373120e-05,5.759200e-05,6.034560e-05,5.063290e-05,4.224750e-05
1.779002e+02,nan,nan,nan,nan,nan,6.373120e-05,5.759200e-05,6.034560e-05,5.063290e-05,4.224750e-05
1.830957e+02,nan,nan,nan,nan,nan,6.373120e-05,5.759200e-05,6.034560e-05,5.063290e-05,4.224750e-05
1.884430e+02,nan,nan,nan,nan,nan,6.373120e-05,5.759200e-05,6.034560e-05,5.063290e-05,4.224750e-05
1.939464e+02,nan,nan,nan,nan,nan,6.373120e-05,5.759200e-05,6.034560e-05,5.063290e-05,4.224750e-05
1.996105e+02,nan,nan,nan,nan,nan,6.373120e-05,5.759200e-05,6.034560e-05,5.063290e-05,4.224750e-05
2.054401e+02,nan,nan,nan,nan,nan,6.373120e-05,5.759200e-05,6.034560e-05,5.063290e-05,4.224750e-05
2.114399e+02,nan,nan,nan,nan,nan,6.373120e-05,5.759200e-05,6.034560e-05,5.063290e-05,4.224750e-05
2.176149e+02,nan,nan,nan,nan,nan,6.373120e-05,5.759200e-05,6.034560e-05,5.063290e-05,4.224750e-05
2.239703e+02,nan,nan,nan,nan,nan,6.373120e-05,5.759200e-05,6.034560e-05,5.063290e-05,4.224750e-05
2.305113e+02,nan,nan,nan,nan,nan,6.373120e-05,5.759200e-05,6.034560e-05,5.063290e-05,4.224750e-05
2.372433e+02,nan,nan,nan,nan,nan,6.373120e-05,5.759200e-05,6.034560e-05,5.063290e-05,4.224750e-05
2.441719e+02,nan,nan,nan,nan,nan,6.373120e-05,5.759200e-05,6.034560e-05,5.063290e-05,4.224750e-05
2.513029e+02,nan,nan,nan,nan,nan,6.373120e-05,5.759200e-05,6.034560e-05,5.063290e-05,4.224750e-05
2.586421e+02,nan,nan,nan,nan,nan,6.373120e-05,5.759200e-05,6.034560e-05,5.063290e-05,4.224750e-05
2.661957e+02,nan,nan,nan,nan,nan,6.373120e-05,5.759200e-05,6.034560e-05,5.063290e-05,4.224750e-05
2.739699e+02,nan,nan,nan,nan,nan,6.373120e-05,5.759200e-05,6.034560e-05,5.063290e-05,4.224750e-05
2.819711e+02,nan,nan,nan,nan,nan,6.373120e-05,5.759200e-05,6.034560e-05,5.063290e-05,4.224750e-05
2.902060e+02,nan,nan,nan,nan,nan,6.373120e-05,5.759200e-05,6.034560e-05,5.063290e-05,4.224750e-05
2.986814e+02,nan,nan,nan,nan,nan,6.373120e-05,5.759200e-05,6.034560e-05,5.063290e-05,4.224750e-05
3.074043e+02,nan,nan,nan,nan,nan,6.373120e-05,5.759200e-05,6.034560e-05,5.063290e-05,4.224750e-05
3.163819e+02,nan,nan,nan,nan,nan,6.373120e-05,5.759200e-05,6.034560e-05,5.063290e-05,4.224750e-05
3.256218e+02,nan,nan,nan,nan,nan,6.373120e-05,5.759200e-05,6.034560e-05,5.063290e-05,4.224750e-05
3.351314e+02,nan,nan,nan,nan,nan,6.373120e-05,5.759200e-05,6.034560e-05,5.063290e-05,4.224750e-05
3.449189e+02,nan,nan,nan,nan,nan,6.373120e-05,5.759200e-05,6.034560e-05,5.063290e-05,4.224750e-05
3.549921e+02,nan,nan,nan,nan,nan,6.373120e-05,5.759200e-05,6.034560e-05,5.063290e-05,4.224750e-05
3.653595e+02,nan,nan,nan,nan,nan,6.373120e-05,5.759200e-05,6.034560e-05,5.063290e-05,4.224750e-05
3.760298e+02,nan,nan,nan,nan,nan,6.373120e-05,5.759200e-05,6.034560e-05,5.063290e-05,4.224750e-05
3.870116e+02,nan,nan,nan,nan,nan,6.373120e-05,5.759200e-05,6.034560e-05,5.063290e-05,4.224750e-05
3.983142e+02,nan,nan,nan,nan,nan,6.373120e-05,5.759200e-05,6.034560e-05,5.063290e-05,4.224750e-05
4.099468e+02,nan,nan,nan,nan,nan,6.373120e-05,5.759200e-05,6.034560e-05,5.063290e-05,4.224750e-05
4.219192e+02,nan,nan,nan,nan,nan,6.373120e-05,5.759200e-05,6.034560e-05,5.063290e-05,4.224750e-05
4.342412e+02,nan,nan,nan,nan,nan,6.373120e-05,5.759200e-05,6.034560e-05,5.063290e-05,4.224750e-05
4.469231e+02,nan,nan,nan,nan,nan,6.373120e-05,5.759200e-05,6.034560e-05,5.063290e-05,4.224750e-05
4.599754e+02,nan,nan,nan,nan,nan,6.373120e-05,5.759200e-05,6.034560e-05,5.063290e-05,4.224750e-05
4.734088e+02,nan,nan,nan,nan,nan,6.373120e-05,5.759200e-05,6.034560e-05,5.063290e-05,4.224750e-05
4.872346e+02,nan,nan,nan,nan,nan,6.373120e-05,5.759200e-05,6.034560e-05,5.063290e-05,4.224750e-05
5.014641e+02,nan,nan,nan,nan,nan,6.373120e-05,5.759200e-05,6.034560e-05,5.063290e-05,4.224750e-05
5.161092e+02,nan,nan,nan,nan,nan,6.373120e-05,5.759200e-05,6.034560e-05,5.063290e-05,4.224750e-05
5.311820e+02,nan,nan,nan,nan,nan,6.373120e-05,5.759200e-05,6.034560e-05,5.063290e-05,4.224750e-05
5.466951e+02,nan,nan,nan,nan,nan,6.373120e-05,5.759200e-05,6.034560e-05,5.063290e-05,4.224750e-05
5.626611e+02,nan,nan,nan,nan,nan,6.373120e-05,5.759200e-05,6.034560e-05,5.063290e-05,4.224750e-05
5.790935e+02,nan,nan,nan,nan,nan,6.373120e-05,5.759200e-05,6.034560e-05,5.063290e-05,4.224750e-05
5.960057e+02,nan,nan,nan,nan,nan,6.373120e-05,5.759200e-05,6.034560e-05,5.063290e-05,4.224750e-05
6.134119e+02,nan,nan,nan,nan,nan,6.373120e-05,5.759200e-05,6.034560e-05,5.063290e-05,4.224750e-05
6.313264e+02,nan,nan,nan,nan,nan,6.373120e-05,5.759200e-05,6.034560e-05,5.063290e-05,4.224750e-05
6.497641e+02,nan,nan,nan,nan,nan,6.373120e-05,5.759200e-05,6.034560e-05,5.063290e-05,4.224750e-05
6.687403e+02,nan,nan,nan,nan,nan,6.373120e-05,5.759200e-05,6.034560e-05,5.063290e-05,4.224750e-05
6.882707e+02,nan,nan,nan,nan,nan,6.373120e-05,5.759200e-05,6.034560e-05,5.063290e-05,4.224750e-05
7.083714e+02,nan,nan,nan,nan,nan,6.373120e-05,5.759200e-05,6.034560e-05,5.063290e-05,4.224750e-05
7.290592e+02,nan,nan,nan,nan,nan,6.373120e-05,5.759200e-05,6.034560e-05,5.063290e-05,4.224750e-05
7.503512e+02,nan,nan,nan,nan,nan,6.373120e-05,5.759200e-05,6.034560e-05,5.063290e-05,4.224750e-05
7.722649e+02,nan,nan,nan,nan,nan,6.373120e-05,5.759200e-05,6.034560e-05,5.063290e-05,4.224750e-05
7.948187e+02,nan,nan,nan,nan,nan,6.373120e-05,5.759200e-05,6.034560e-05,5.063290e-05,4.224750e-05
8.180312e+02,nan,nan,nan,nan,nan,6.373120e-05,5.759200e-05,6.034560e-05,5.063290e-05,4.224750e-05
8.419215e+02,nan,nan,nan,nan,nan,6.373120e-05,5.759200e-05,6.034560e-05,5.063290e-05,4.224750e-05
8.665096e+02,nan,nan,nan,nan,nan,6.373120e-05,5.759200e-05,6.034560e-05,5.063290e-05,4.224750e-05
8.918157e+02,nan,nan,nan,nan,nan,6.373120e-05,5.759200e-05,6.034560e-05,5.063290e-05,4.224750e-05
9.178610e+02,nan,nan,nan,nan,nan,6.373120e-05,5.759200e-05,6.034560e-05,5.063290e-05,4.224750e-05
9.446668e+02,nan,nan,nan,nan,nan,6.373120e-05,5.759200e-05,6.034560e-05,5.063290e-05,4.224750e-05
9.722555e+02,nan,nan,nan,nan,nan,6.373120e-05,5.759200e-05,6.034560e-05,5.063290e-05,4.224750e-05
1.000650e+03,nan,nan,nan,nan,nan,6.380050e-05,5.765691e-05,6.040869e-05,5.068980e-05,4.229617e-05
1.029874e+03,nan,nan,nan,nan,nan,6.691626e-05,6.057530e-05,6.324533e-05,5.324828e-05,4.448437e-05
1.059951e+03,nan,nan,nan,nan,nan,7.012303e-05,6.357893e-05,6.616481e-05,5.588148e-05,4.673647e-05
1.090906e+03,nan,nan,nan,nan,nan,7.342344e-05,6.667027e-05,6.916956e-05,5.859158e-05,4.905434e-05
1.122766e+03,nan,nan,nan,nan,nan,7.682024e-05,6.985190e-05,7.226205e-05,6.138083e-05,5.143991e-05
1.155556e+03,nan,nan,nan,nan,nan,8.031624e-05,7.312645e-05,7.544486e-05,6.425154e-05,5.389515e-05
1.189304e+03,nan,nan,nan,nan,nan,8.391434e-05,7.649663e-05,7.872063e-05,6.720608e-05,5.642209e-05
1.224037e+03,nan,nan,nan,nan,nan,8.761753e-05,7.996523e-05,8.209206e-05,7.024691e-05,5.902283e-05
1.259785e+03,nan,nan,nan,nan,nan,9.142886e-05,8.353513e-05,8.556196e-05,7.337655e-05,6.169952e-05
1.296576e+03,nan,nan,nan,nan,nan,9.535151e-05,8.720929e-05,8.913319e-05,7.659759e-05,6.445439e-05
1.334442e+03,nan,nan,nan,nan,nan,9.938871e-05,9.099075e-05,9.280872e-05,7.991270e-05,6.728971e-05
1.373414e+03,nan,nan,nan,nan,nan,1.035438e-04,9.488265e-05,9.659159e-05,8.332462e-05,7.020784e-05
1.413525e+03,nan,nan,nan,nan,nan,1.078203e-04,9.888822e-05,1.004849e-04,8.683619e-05,7.321118e-05
1.454806e+03,nan,nan,nan,nan,nan,1.122216e-04,1.030108e-04,1.044920e-04,9.045031e-05,7.630225e-05
1.497293e+03,nan,nan,nan,nan,nan,1.167515e-04,1.072537e-04,1.086161e-04,9.416998e-05,7.948358e-05
1.541021e+03,nan,nan,nan,nan,nan,1.214137e-04,1.116206e-04,1.128606e-04,9.799829e-05,8.275782e-05
1.586026e+03,nan,nan,nan,nan,nan,1.262120e-04,1.161149e-04,1.172291e-04,1.019384e-04,8.612769e-05
1.632346e+03,nan,nan,nan,nan,nan,1.311505e-04,1.207406e-04,1.217251e-04,1.059936e-04,8.959597e-05
1.680018e+03,nan,nan,nan,nan,nan,1.362332e-04,1.255013e-04,1.263525e-04,1.101672e-04,9.316555e-05
1.729082e+03,nan,nan,nan,nan,nan,1.414644e-04,1.304011e-04,1.311150e-04,1.144627e-04,9.683937e-05
1.779580e+03,nan,nan,nan,nan,nan,1.468483e-04,1.354440e-04,1.360166e-04,1.188836e-04,1.006205e-04
1.831552e+03,nan,nan,nan,nan,nan,1.523894e-04,1.406341e-04,1.410613e-04,1.234337e-04,1.045120e-04
1.885042e+03,nan,nan,nan,nan,nan,1.580924e-04,1.459758e-04,1.462534e-04,1.281166e-04,1.085172e-04
1.940094e+03,nan,nan,nan,nan,nan,1.639619e-04,1.514735e-04,1.515971e-04,1.329363e-04,1.126394e-04
1.996754e+03,nan,nan,nan,nan,nan,1.700029e-04,1.571318e-04,1.570969e-04,1.378968e-04,1.168819e-04
2.055068e+03,nan,nan,nan,nan,nan,1.783394e-04,1.648040e-04,1.646254e-04,1.447959e-04,1.228777e-04
2.115086e+03,nan,nan,nan,nan,nan,1.870479e-04,1.728124e-04,1.724871e-04,1.520054e-04,1.291474e-04
2.176857e+03,nan,nan,nan,nan,nan,1.960107e-04,1.810547e-04,1.805784e-04,1.594254e-04,1.356003e-04
2.240431e+03,nan,nan,nan,nan,nan,2.052353e-04,1.895377e-04,1.889061e-04,1.670621e-04,1.422415e-04
2.305862e+03,nan,nan,nan,nan,nan,2.147293e-04,1.982684e-04,1.974769e-04,1.749218e-04,1.490768e-04
2.373204e+03,nan,nan,nan,nan,nan,2.245006e-04,2.072541e-04,2.062980e-04,1.830110e-04,1.561116e-04
2.442513e+03,nan,nan,nan,nan,nan,2.345572e-04,2.165023e-04,2.153768e-04,1.913365e-04,1.633520e-04
2.513846e+03,nan,nan,nan,nan,nan,2.449075e-04,2.260205e-04,2.247207e-04,1.999052e-04,1.708037e-04
2.587262e+03,nan,nan,nan,nan,nan,2.555601e-04,2.358167e-04,2.343374e-04,2.087241e-04,1.784731e-04
2.662822e+03,nan,nan,nan,nan,nan,2.665238e-04,2.458990e-04,2.442351e-04,2.178005e-04,1.863665e-04
2.740589e+03,nan,nan,nan,nan,nan,2.778077e-04,2.562758e-04,2.544218e-04,2.271420e-04,1.944904e-04
2.820627e+03,nan,nan,nan,nan,nan,2.894212e-04,2.669556e-04,2.649060e-04,2.367564e-04,2.028515e-04
2.903003e+03,nan,nan,nan,nan,nan,3.013738e-04,2.779473e-04,2.756963e-04,2.466515e-04,2.114569e-04
2.987784e+03,nan,nan,nan,nan,nan,3.136755e-04,2.892600e-04,2.868018e-04,2.568356e-04,2.203135e-04
3.075041e+03,nan,nan,nan,nan,nan,3.263364e-04,3.009031e-04,2.982317e-04,2.673171e-04,2.294288e-04
3.164847e+03,nan,nan,nan,nan,nan,3.393672e-04,3.128862e-04,3.099953e-04,2.781048e-04,2.388104e-04
3.257276e+03,nan,nan,nan,nan,nan,3.527784e-04,3.252193e-04,3.221025e-04,2.892075e-04,2.484659e-04
3.352403e+03,nan,nan,nan,nan,nan,3.665814e-04,3.379126e-04,3.345633e-04,3.006344e-04,2.584034e-04
3.450309e+03,nan,nan,nan,nan,nan,3.807874e-04,3.509766e-04,3.473880e-04,3.123951e-04,2.686311e-04
3.551075e+03,nan,nan,nan,nan,nan,3.954084e-04,3.644221e-04,3.605873e-04,3.244992e-04,2.791575e-04
3.654783e+03,nan,nan,nan,nan,nan,4.104563e-04,3.782603e-04,3.741720e-04,3.369568e-04,2.899913e-04
3.761520e+03,nan,nan,nan,nan,nan,4.259437e-04,3.925026e-04,3.881534e-04,3.497782e-04,3.011415e-04
3.871374e+03,nan,nan,nan,nan,nan,4.418834e-04,4.071609e-04,4.025432e-04,3.629741e-04,3.126174e-04
3.984436e+03,nan,nan,nan,nan,nan,4.582887e-04,4.222472e-04,4.173533e-04,3.765554e-04,3.244284e-04
4.100800e+03,nan,nan,nan,nan,nan,4.751730e-04,4.377742e-04,4.325958e-04,3.905333e-04,3.365844e-04
4.220563e+03,nan,nan,nan,nan,nan,4.925505e-04,4.537546e-04,4.482835e-04,4.049195e-04,3.490954e-04
4.343823e+03,nan,nan,nan,nan,nan,5.104354e-04,4.702017e-04,4.644294e-04,4.197257e-04,3.619717e-04
4.470683e+03,nan,nan,nan,nan,nan,5.288427e-04,4.871292e-04,4.810468e-04,4.349644e-04,3.752241e-04
4.601248e+03,nan,nan,nan,nan,nan,5.477875e-04,5.045510e-04,4.981495e-04,4.506481e-04,3.888635e-04
4.735626e+03,nan,nan,nan,nan,nan,5.672857e-04,5.224816e-04,5.157517e-04,4.667899e-04,4.029013e-04
4.873929e+03,nan,nan,nan,nan,nan,5.873532e-04,5.409358e-04,5.338680e-04,4.834031e-04,4.173490e-04
5.016271e+03,nan,nan,nan,nan,nan,6.085034e-04,5.604034e-04,5.529793e-04,5.009463e-04,4.326407e-04
5.162769e+03,nan,nan,nan,nan,nan,6.342315e-04,5.842227e-04,5.763655e-04,5.225491e-04,4.517442e-04
5.313546e+03,nan,nan,nan,nan,nan,6.607110e-04,6.087377e-04,6.004347e-04,5.447829e-04,4.714056e-04
5.468727e+03,nan,nan,nan,nan,nan,6.879638e-04,6.339686e-04,6.252068e-04,5.676660e-04,4.916412e-04
5.628440e+03,nan,nan,nan,nan,nan,7.160126e-04,6.599363e-04,6.507023e-04,5.912173e-04,5.124678e-04
5.792817e+03,nan,nan,nan,nan,nan,7.448804e-04,6.866624e-04,6.769425e-04,6.154565e-04,5.339027e-04
5.961994e+03,nan,nan,nan,nan,nan,7.745914e-04,7.141691e-04,7.039490e-04,6.404036e-04,5.559635e-04
6.136112e+03,nan,nan,nan,nan,nan,8.051701e-04,7.424791e-04,7.317442e-04,6.660793e-04,5.786686e-04
6.315316e+03,nan,nan,nan,nan,nan,8.366417e-04,7.716158e-04,7.603511e-04,6.925048e-04,6.020368e-04
6.499753e+03,nan,nan,nan,nan,nan,8.690326e-04,8.016035e-04,7.897935e-04,7.197020e-04,6.260875e-04
6.689576e+03,nan,nan,nan,nan,nan,9.023693e-04,8.324670e-04,8.200958e-04,7.476936e-04,6.508406e-04
6.884943e+03,nan,nan,nan,nan,nan,9.366797e-04,8.642318e-04,8.512830e-04,7.765026e-04,6.763165e-04
7.086016e+03,nan,nan,nan,nan,nan,9.737472e-04,8.986197e-04,8.850354e-04,8.078093e-04,7.042373e-04
7.292961e+03,nan,nan,nan,nan,nan,1.014314e-03,9.363459e-04,9.220509e-04,8.423106e-04,7.353149e-04
7.505950e+03,nan,nan,nan,nan,nan,1.056065e-03,9.751738e-04,9.601475e-04,8.778194e-04,7.673002e-04
7.725159e+03,nan,nan,nan,nan,nan,1.099035e-03,1.015136e-03,9.993567e-04,9.143653e-04,8.002195e-04
7.950770e+03,nan,nan,nan,nan,nan,1.143260e-03,1.056265e-03,1.039711e-03,9.519785e-04,8.341003e-04
8.182970e+03,nan,nan,nan,nan,nan,1.188777e-03,1.098595e-03,1.081244e-03,9.906901e-04,8.689705e-04
8.421951e+03,nan,nan,nan,nan,nan,1.235623e-03,1.142161e-03,1.123990e-03,1.030532e-03,9.048591e-04
8.667911e+03,nan,nan,nan,nan,nan,1.283838e-03,1.187000e-03,1.167984e-03,1.071538e-03,9.417958e-04
8.921055e+03,nan,nan,nan,nan,nan,1.333460e-03,1.233148e-03,1.213263e-03,1.113742e-03,9.798113e-04
9.181592e+03,nan,nan,nan,nan,nan,1.384532e-03,1.280644e-03,1.259864e-03,1.157177e-03,1.018937e-03
9.449738e+03,nan,nan,nan,nan,nan,1.437095e-03,1.329527e-03,1.307826e-03,1.201882e-03,1.059205e-03
9.725715e+03,nan,nan,nan,nan,nan,1.491193e-03,1.379838e-03,1.357189e-03,1.247892e-03,1.100650e-03
1.000975e+04,nan,nan,nan,nan,nan,1.547206e-03,1.431959e-03,1.408331e-03,1.295588e-03,1.143650e-03
1.030208e+04,nan,nan,nan,nan,nan,1.614551e-03,1.495491e-03,1.470715e-03,1.354575e-03,1.197924e-03
1.060295e+04,nan,nan,nan,nan,nan,1.683862e-03,1.560877e-03,1.534921e-03,1.415284e-03,1.253783e-03
1.091261e+04,nan,nan,nan,nan,nan,1.755197e-03,1.628174e-03,1.601002e-03,1.477767e-03,1.311273e-03
1.123131e+04,nan,nan,nan,nan,nan,1.828615e-03,1.697435e-03,1.669014e-03,1.542075e-03,1.370442e-03
1.155932e+04,nan,nan,nan,nan,nan,1.904178e-03,1.768720e-03,1.739011e-03,1.608260e-03,1.431339e-03
1.189690e+04,nan,nan,nan,nan,nan,1.981947e-03,1.842086e-03,1.811053e-03,1.676379e-03,1.494015e-03
1.224435e+04,nan,nan,nan,nan,nan,2.061988e-03,1.917595e-03,1.885198e-03,1.746487e-03,1.558521e-03
1.260194e+04,nan,nan,nan,nan,nan,2.144366e-03,1.995309e-03,1.961509e-03,1.818642e-03,1.624911e-03
1.296998e+04,nan,nan,nan,nan,nan,2.229150e-03,2.075293e-03,2.040049e-03,1.892905e-03,1.693240e-03
1.334876e+04,nan,nan,nan,nan,nan,2.316410e-03,2.157613e-03,2.120882e-03,1.969336e-03,1.763564e-03
1.368000e+04,nan,nan,1.088500e+01,nan,nan,2.392718e-03,2.229600e-03,2.191569e-03,2.036174e-03,1.825061e-03
1.373861e+04,nan,nan,1.088242e+01,nan,nan,2.406219e-03,2.242336e-03,2.204076e-03,2.048000e-03,1.835942e-03
1.413984e+04,nan,nan,1.086504e+01,nan,nan,2.498650e-03,2.329535e-03,2.289700e-03,2.128961e-03,1.910434e-03
1.455279e+04,nan,nan,1.084769e+01,nan,nan,2.593781e-03,2.419279e-03,2.377824e-03,2.212286e-03,1.987102e-03
1.497780e+04,nan,nan,1.083036e+01,nan,nan,2.691690e-03,2.511645e-03,2.468522e-03,2.298045e-03,2.066008e-03
1.541522e+04,nan,nan,1.081307e+01,nan,nan,2.792459e-03,2.606708e-03,2.561869e-03,2.386309e-03,2.147219e-03
1.586542e+04,nan,nan,1.079580e+01,nan,nan,2.896170e-03,2.704548e-03,2.657942e-03,2.477150e-03,2.230802e-03
1.632876e+04,nan,nan,1.077856e+01,nan,nan,3.002911e-03,2.805245e-03,2.756821e-03,2.570644e-03,2.316825e-03
1.680564e+04,nan,nan,1.076135e+01,nan,nan,3.112768e-03,2.908882e-03,2.858587e-03,2.666869e-03,2.405361e-03
1.729644e+04,nan,nan,1.074416e+01,nan,nan,3.225834e-03,3.015547e-03,2.963325e-03,2.765904e-03,2.496483e-03
1.780158e+04,nan,nan,1.072701e+01,nan,nan,3.342202e-03,3.125326e-03,3.071123e-03,2.867831e-03,2.590266e-03
1.832147e+04,nan,nan,1.070988e+01,nan,nan,3.461969e-03,3.238312e-03,3.182068e-03,2.972735e-03,2.686788e-03
1.885654e+04,nan,nan,1.069277e+01,nan,nan,3.585233e-03,3.354597e-03,3.296254e-03,3.080702e-03,2.786128e-03
1.940724e+04,nan,nan,1.067570e+01,nan,nan,3.712097e-03,3.474279e-03,3.413775e-03,3.191823e-03,2.888370e-03
1.997403e+04,nan,nan,1.065865e+01,nan,nan,3.842666e-03,3.597455e-03,3.534727e-03,3.306189e-03,2.993598e-03
2.000000e+04,nan,nan,1.065788e+01,nan,nan,3.848650e-03,3.603100e-03,3.540270e-03,3.311430e-03,2.998420e-03
2.055736e+04,nan,nan,1.062814e+01,nan,nan,4.005976e-03,3.754414e-03,3.691113e-03,3.456433e-03,3.137790e-03
2.115773e+04,nan,nan,1.059709e+01,nan,nan,4.175441e-03,3.917405e-03,3.853596e-03,3.612625e-03,3.287914e-03
2.177564e+04,nan,nan,1.056613e+01,nan,nan,4.349857e-03,4.085156e-03,4.020825e-03,3.773378e-03,3.442423e-03
2.241159e+04,nan,nan,1.053525e+01,nan,nan,4.529365e-03,4.257806e-03,4.192937e-03,3.938827e-03,3.601445e-03
2.306611e+04,nan,nan,1.050447e+01,nan,nan,4.714117e-03,4.435499e-03,4.370076e-03,4.109107e-03,3.765110e-03
2.373975e+04,nan,nan,1.047378e+01,nan,nan,4.904264e-03,4.618381e-03,4.552388e-03,4.284360e-03,3.933555e-03
2.443307e+04,nan,nan,1.044318e+01,nan,nan,5.099964e-03,4.806603e-03,4.740025e-03,4.464732e-03,4.106920e-03
2.514663e+04,nan,nan,1.041266e+01,nan,nan,5.301380e-03,5.000323e-03,4.933141e-03,4.650371e-03,4.285348e-03
2.588103e+04,nan,nan,1.038224e+01,nan,nan,5.508677e-03,5.199701e-03,5.131897e-03,4.841432e-03,4.468986e-03
2.663687e+04,nan,nan,1.035191e+01,nan,nan,5.722029e-03,5.404901e-03,5.336458e-03,5.038072e-03,4.657988e-03
2.741480e+04,nan,nan,1.032166e+01,nan,nan,5.941612e-03,5.616093e-03,5.546993e-03,5.240456e-03,4.852509e-03
2.821544e+04,nan,nan,1.029150e+01,nan,nan,6.167608e-03,5.833454e-03,5.763677e-03,5.448750e-03,5.052712e-03
2.903946e+04,nan,nan,1.026143e+01,nan,nan,6.400203e-03,6.057163e-03,5.986688e-03,5.663127e-03,5.258761e-03
2.988755e+04,nan,nan,1.023145e+01,nan,nan,6.639592e-03,6.287405e-03,6.216213e-03,5.883765e-03,5.470828e-03
3.076041e+04,nan,nan,1.020155e+01,nan,nan,6.885972e-03,6.524371e-03,6.452441e-03,6.110847e-03,5.689088e-03
3.165876e+04,nan,nan,1.017175e+01,nan,nan,7.139547e-03,6.768258e-03,6.695568e-03,6.344560e-03,5.913723e-03
3.258334e+04,nan,nan,1.014203e+01,nan,nan,7.400528e-03,7.019267e-03,6.945796e-03,6.585099e-03,6.144918e-03
3.353493e+04,nan,nan,1.011239e+01,nan,nan,7.669131e-03,7.277607e-03,7.203331e-03,6.832663e-03,6.382865e-03
3.451430e+04,nan,nan,1.008285e+01,nan,nan,7.945579e-03,7.543492e-03,7.468387e-03,7.087457e-03,6.627761e-03
3.552228e+04,nan,nan,1.005339e+01,nan,nan,8.230099e-03,7.817142e-03,7.741185e-03,7.349692e-03,6.879809e-03
3.655970e+04,nan,nan,1.002401e+01,nan,nan,8.522930e-03,8.098783e-03,8.021949e-03,7.619586e-03,7.139218e-03
3.762742e+04,nan,nan,9.994724e+00,nan,nan,8.824312e-03,8.388650e-03,8.310913e-03,7.897361e-03,7.406203e-03
3.872632e+04,nan,nan,9.965521e+00,nan,nan,9.134496e-03,8.686983e-03,8.608316e-03,8.183250e-03,7.680985e-03
3.953960e+04,nan,nan,9.944490e+00,nan,nan,9.364060e-03,8.907776e-03,8.828422e-03,8.394833e-03,7.884349e-03
3.985731e+04,nan,nan,9.918115e+00,nan,nan,9.453739e-03,8.994028e-03,8.914405e-03,8.477487e-03,7.963792e-03
4.102133e+04,nan,nan,9.823823e+00,nan,nan,9.782305e-03,9.310040e-03,9.229433e-03,8.780317e-03,8.254859e-03
4.221934e+04,nan,nan,9.730427e+00,nan,nan,1.012047e-02,9.635281e-03,9.553661e-03,9.091992e-03,8.554426e-03
4.345235e+04,nan,nan,9.637920e+00,nan,nan,1.046850e-02,9.970021e-03,9.887358e-03,9.412769e-03,8.862742e-03
4.472136e+04,nan,nan,9.546291e+00,nan,nan,1.082671e-02,1.031454e-02,1.023080e-02,9.742914e-03,9.180062e-03
4.602743e+04,nan,nan,9.455534e+00,nan,nan,1.119537e-02,1.066911e-02,1.058427e-02,1.008270e-02,9.506649e-03
4.737165e+04,nan,nan,9.365640e+00,nan,nan,1.157480e-02,1.103405e-02,1.094807e-02,1.043241e-02,9.842774e-03
4.875513e+04,nan,nan,9.276600e+00,nan,nan,1.196531e-02,1.140964e-02,1.132249e-02,1.079233e-02,1.018872e-02
5.000000e+04,nan,nan,9.199310e+00,nan,nan,1.231670e-02,1.174760e-02,1.165940e-02,1.111620e-02,1.050000e-02
5.017901e+04,nan,nan,9.192446e+00,nan,nan,1.237260e-02,1.180233e-02,1.171472e-02,1.116991e-02,1.055315e-02
5.164447e+04,nan,nan,9.137346e+00,nan,nan,1.283026e-02,1.225041e-02,1.216757e-02,1.160966e-02,1.098828e-02
5.315273e+04,nan,nan,9.082576e+00,nan,nan,1.330128e-02,1.271158e-02,1.263366e-02,1.206224e-02,1.143611e-02
5.470504e+04,nan,nan,9.028134e+00,nan,nan,1.378606e-02,1.318621e-02,1.311335e-02,1.252804e-02,1.189702e-02
5.630269e+04,nan,nan,8.974018e+00,nan,nan,1.428500e-02,1.367471e-02,1.360706e-02,1.300745e-02,1.237139e-02
5.794699e+04,nan,nan,8.920227e+00,nan,nan,1.479850e-02,1.417747e-02,1.411518e-02,1.350085e-02,1.285962e-02
5.963931e+04,nan,nan,8.866758e+00,nan,nan,1.532701e-02,1.469492e-02,1.463814e-02,1.400867e-02,1.336210e-02
6.138106e+04,nan,nan,8.813610e+00,nan,nan,1.587095e-02,1.522747e-02,1.517638e-02,1.453132e-02,1.387926e-02
6.317368e+04,nan,nan,8.760780e+00,nan,nan,1.643077e-02,1.577558e-02,1.573033e-02,1.506923e-02,1.441153e-02
6.501865e+04,nan,nan,8.708267e+00,nan,nan,1.700695e-02,1.633970e-02,1.630046e-02,1.562285e-02,1.495934e-02
6.691750e+04,nan,nan,8.656069e+00,nan,nan,1.759995e-02,1.692029e-02,1.688724e-02,1.619263e-02,1.552314e-02
6.762260e+04,nan,nan,8.637140e+00,nan,nan,1.782015e-02,1.713589e-02,1.710514e-02,1.640421e-02,1.573250e-02
6.887180e+04,nan,nan,8.596938e+00,nan,nan,1.821027e-02,1.751784e-02,1.749116e-02,1.677906e-02,1.610342e-02
6.975160e+04,nan,nan,8.569170e+00,nan,nan,1.848503e-02,1.778685e-02,1.776304e-02,1.704306e-02,1.636465e-02
7.000000e+04,nan,nan,8.556460e+00,nan,nan,1.856260e-02,1.786280e-02,1.783980e-02,1.711760e-02,1.643840e-02
7.088318e+04,nan,nan,8.529220e+00,nan,nan,1.884814e-02,1.814625e-02,1.814568e-02,1.740036e-02,1.672347e-02
7.295331e+04,nan,nan,8.467008e+00,nan,nan,1.951742e-02,1.881062e-02,1.886264e-02,1.806313e-02,1.739166e-02
7.508389e+04,nan,nan,8.405249e+00,nan,nan,2.020625e-02,1.949441e-02,1.960054e-02,1.874526e-02,1.807936e-02
7.727669e+04,nan,nan,8.343940e+00,nan,nan,2.091520e-02,2.019816e-02,2.035998e-02,1.944730e-02,1.878715e-02
7.953353e+04,nan,nan,8.283079e+00,nan,nan,2.164485e-02,2.092246e-02,2.114161e-02,2.016986e-02,1.951560e-02
8.185629e+04,nan,nan,8.222661e+00,nan,nan,2.239582e-02,2.166792e-02,2.194607e-02,2.091351e-02,2.026533e-02
8.424687e+04,nan,nan,8.162684e+00,nan,nan,2.316871e-02,2.243514e-02,2.277402e-02,2.167888e-02,2.103696e-02
8.670728e+04,nan,nan,8.103145e+00,nan,nan,2.396418e-02,2.322478e-02,2.362614e-02,2.246660e-02,2.183112e-02
8.923954e+04,nan,nan,8.044040e+00,nan,nan,2.478287e-02,2.403747e-02,2.450316e-02,2.327733e-02,2.264847e-02
9.124520e+04,nan,nan,7.998700e+00,nan,nan,2.543131e-02,2.468116e-02,2.519779e-02,2.391946e-02,2.329585e-02
9.184576e+04,nan,nan,7.982018e+00,nan,nan,2.562548e-02,2.487390e-02,2.540579e-02,2.411174e-02,2.348970e-02
9.452808e+04,nan,nan,7.909230e+00,nan,nan,2.649269e-02,2.573476e-02,2.633477e-02,2.497051e-02,2.435549e-02
9.728875e+04,nan,nan,7.837105e+00,nan,nan,2.738523e-02,2.662076e-02,2.729089e-02,2.585437e-02,2.524657e-02
1.000000e+05,nan,nan,7.768850e+00,nan,nan,2.826180e-02,2.749090e-02,2.822990e-02,2.672240e-02,2.612170e-02
1.001300e+05,nan,nan,7.767075e+00,nan,nan,2.830380e-02,2.753366e-02,2.827733e-02,2.676625e-02,2.616719e-02
1.030543e+05,nan,nan,7.727857e+00,nan,nan,2.924828e-02,2.849514e-02,2.934388e-02,2.775240e-02,2.719005e-02
1.060640e+05,nan,nan,7.688837e+00,nan,nan,3.022034e-02,2.948471e-02,3.044159e-02,2.876734e-02,2.824279e-02
1.091615e+05,nan,nan,7.650014e+00,nan,nan,3.122079e-02,3.050317e-02,3.157135e-02,2.981193e-02,2.932627e-02
1.105080e+05,nan,nan,7.633540e+00,nan,nan,3.165566e-02,3.094588e-02,3.206244e-02,3.026599e-02,2.979724e-02
1.123496e+05,nan,nan,7.604362e+00,nan,nan,3.225045e-02,3.155138e-02,3.273411e-02,3.088702e-02,3.044140e-02
1.156307e+05,nan,nan,7.553808e+00,nan,nan,3.331019e-02,3.263020e-02,3.393083e-02,3.199351e-02,3.158909e-02
1.190077e+05,nan,nan,7.503589e+00,nan,nan,3.440088e-02,3.374053e-02,3.516249e-02,3.313232e-02,3.277030e-02
1.224833e+05,nan,nan,7.453705e+00,nan,nan,3.552342e-02,3.488328e-02,3.643013e-02,3.430438e-02,3.398601e-02
1.260603e+05,nan,nan,7.404152e+00,nan,nan,3.667874e-02,3.605941e-02,3.773479e-02,3.551068e-02,3.523722e-02
1.297419e+05,nan,nan,7.354928e+00,nan,nan,3.786781e-02,3.726989e-02,3.907754e-02,3.675220e-02,3.652497e-02
1.335310e+05,nan,nan,7.306032e+00,nan,nan,3.909160e-02,3.851572e-02,4.045952e-02,3.802998e-02,3.785033e-02
1.374307e+05,nan,nan,7.257461e+00,nan,nan,4.035113e-02,3.979793e-02,4.188185e-02,3.934508e-02,3.921440e-02
1.414443e+05,nan,nan,7.209212e+00,nan,nan,4.164745e-02,4.111759e-02,4.334573e-02,4.069859e-02,4.061831e-02
1.455752e+05,nan,nan,7.161285e+00,nan,nan,4.298162e-02,4.247579e-02,4.485235e-02,4.209162e-02,4.206321e-02
1.498267e+05,nan,nan,7.113676e+00,nan,nan,4.435476e-02,4.387365e-02,4.640298e-02,4.352534e-02,4.355032e-02
1.500000e+05,nan,nan,7.111770e+00,nan,nan,4.441075e-02,4.393065e-02,4.646620e-02,4.358380e-02,4.361095e-02
1.542023e+05,nan,nan,7.066384e+00,nan,nan,4.576800e-02,4.531234e-02,4.799889e-02,4.500093e-02,4.508085e-02
1.561310e+05,nan,nan,7.046060e+00,nan,nan,4.639093e-02,4.594649e-02,4.870234e-02,4.565134e-02,4.575548e-02
1.587057e+05,nan,nan,7.007273e+00,nan,nan,4.722252e-02,4.679305e-02,4.964141e-02,4.651962e-02,4.665608e-02
1.633407e+05,nan,nan,6.939528e+00,nan,nan,4.871951e-02,4.831700e-02,5.133189e-02,4.808265e-02,4.827732e-02
1.681110e+05,nan,nan,6.872438e+00,nan,nan,5.026022e-02,4.988546e-02,5.307175e-02,4.969134e-02,4.994591e-02
1.730206e+05,nan,nan,6.805997e+00,nan,nan,5.184593e-02,5.149972e-02,5.486242e-02,5.134700e-02,5.166322e-02
1.780736e+05,nan,nan,6.740198e+00,nan,nan,5.347795e-02,5.316113e-02,5.670539e-02,5.305102e-02,5.343069e-02
1.832742e+05,nan,nan,6.675035e+00,nan,nan,5.515763e-02,5.487105e-02,5.860218e-02,5.480480e-02,5.524978e-02
1.886267e+05,nan,nan,6.610502e+00,nan,nan,5.688637e-02,5.663092e-02,6.055436e-02,5.660981e-02,5.712199e-02
1.941355e+05,nan,nan,6.546593e+00,nan,nan,5.866559e-02,5.844218e-02,6.256356e-02,5.846752e-02,5.904888e-02
1.998052e+05,nan,nan,6.483302e+00,nan,nan,6.049677e-02,6.030634e-02,6.463144e-02,6.037950e-02,6.103205e-02
2.000000e+05,nan,nan,6.481170e+00,nan,nan,6.055970e-02,6.037040e-02,6.470250e-02,6.044520e-02,6.110020e-02
2.056404e+05,nan,nan,6.435844e+00,nan,nan,6.219798e-02,6.208288e-02,6.668564e-02,6.224712e-02,6.301267e-02
2.116461e+05,nan,nan,6.389263e+00,nan,nan,6.394234e-02,6.390624e-02,6.879720e-02,6.416573e-02,6.504899e-02
2.178271e+05,nan,nan,6.343019e+00,nan,nan,6.573765e-02,6.578286e-02,7.097044e-02,6.614037e-02,6.714478e-02
2.241887e+05,nan,nan,6.297110e+00,nan,nan,6.758539e-02,6.771429e-02,7.320713e-02,6.817267e-02,6.930177e-02
2.307361e+05,nan,nan,6.251533e+00,nan,nan,6.948709e-02,6.970212e-02,7.550916e-02,7.026434e-02,7.152176e-02
2.374747e+05,nan,nan,6.206286e+00,nan,nan,7.144433e-02,7.174801e-02,7.787841e-02,7.241708e-02,7.380659e-02
2.405820e+05,nan,nan,6.185960e+00,nan,nan,7.234686e-02,7.269142e-02,7.897093e-02,7.340977e-02,7.486018e-02
2.444100e+05,nan,nan,6.156476e+00,nan,nan,7.345873e-02,7.385365e-02,8.031685e-02,7.463270e-02,7.615814e-02
2.515480e+05,nan,nan,6.103074e+00,nan,nan,7.553196e-02,7.602078e-02,8.282651e-02,7.691302e-02,7.857836e-02
2.588944e+05,nan,nan,6.050134e+00,nan,nan,7.766574e-02,7.825120e-02,8.540946e-02,7.925994e-02,8.106927e-02
2.664553e+05,nan,nan,5.997654e+00,nan,nan,7.986184e-02,8.054676e-02,8.806785e-02,8.167541e-02,8.363293e-02
2.666380e+05,nan,nan,5.996410e+00,nan,nan,7.991491e-02,8.060223e-02,8.813209e-02,8.173378e-02,8.369488e-02
2.742370e+05,nan,nan,5.937645e+00,nan,nan,8.212207e-02,8.290936e-02,9.080387e-02,8.416141e-02,8.627146e-02
2.822461e+05,nan,nan,5.878045e+00,nan,nan,8.444831e-02,8.534096e-02,9.361980e-02,8.672002e-02,8.898704e-02
2.904890e+05,nan,nan,5.819042e+00,nan,nan,8.684249e-02,8.784357e-02,9.651797e-02,8.935335e-02,9.178193e-02
2.989726e+05,nan,nan,5.760632e+00,nan,nan,8.930659e-02,9.041928e-02,9.950077e-02,9.206358e-02,9.465845e-02
3.000000e+05,nan,nan,5.753710e+00,nan,nan,8.960500e-02,9.073120e-02,9.986200e-02,9.239180e-02,9.500680e-02
3.077040e+05,nan,nan,5.709153e+00,nan,nan,9.134665e-02,9.260149e-02,1.021688e-01,9.440819e-02,9.718952e-02
3.166904e+05,nan,nan,5.658985e+00,nan,nan,9.337820e-02,9.478310e-02,1.048596e-01,9.676022e-02,9.973556e-02
3.259393e+05,nan,nan,5.609259e+00,nan,nan,9.546909e-02,9.702843e-02,1.076290e-01,9.918094e-02,1.023560e-01
3.354582e+05,nan,nan,5.559969e+00,nan,nan,9.762104e-02,9.933932e-02,1.104793e-01,1.016724e-01,1.050529e-01
3.452552e+05,nan,nan,5.511112e+00,nan,nan,9.983584e-02,1.017177e-01,1.134128e-01,1.042365e-01,1.078286e-01
3.553383e+05,nan,nan,5.462685e+00,nan,nan,1.021153e-01,1.041656e-01,1.164319e-01,1.068756e-01,1.106853e-01
3.584910e+05,nan,nan,5.447910e+00,nan,nan,1.028281e-01,1.049309e-01,1.173760e-01,1.077008e-01,1.115786e-01
3.657158e+05,nan,nan,5.406381e+00,nan,nan,1.044614e-01,1.066849e-01,1.195393e-01,1.095917e-01,1.136255e-01
3.690350e+05,nan,nan,5.387680e+00,nan,nan,1.052117e-01,1.074907e-01,1.205332e-01,1.104605e-01,1.145659e-01
3.763964e+05,nan,nan,5.343582e+00,nan,nan,1.068759e-01,1.092778e-01,1.227374e-01,1.123872e-01,1.166516e-01
3.873890e+05,nan,nan,5.279959e+00,nan,nan,1.093610e-01,1.119465e-01,1.260289e-01,1.152643e-01,1.197660e-01
3.979290e+05,nan,nan,5.221310e+00,nan,nan,1.117438e-01,1.145052e-01,1.291849e-01,1.180230e-01,1.227522e-01
3.987026e+05,nan,nan,5.216810e+00,nan,nan,1.119187e-01,1.146930e-01,1.294165e-01,1.182254e-01,1.229714e-01
4.000000e+05,nan,1.000000e-03,5.209290e+00,1.000000e-03,nan,1.122120e-01,1.150080e-01,1.298050e-01,1.185650e-01,1.233390e-01
4.103466e+05,nan,1.133976e-03,5.156929e+00,1.133976e-03,nan,1.142118e-01,1.171770e-01,1.326286e-01,1.209181e-01,1.258939e-01
4.223306e+05,nan,1.306635e-03,5.098537e+00,1.306635e-03,nan,1.165281e-01,1.196892e-01,1.358990e-01,1.236437e-01,1.288531e-01
4.346647e+05,nan,1.505583e-03,5.040806e+00,1.505583e-03,nan,1.189120e-01,1.222748e-01,1.392650e-01,1.264488e-01,1.318987e-01
4.473589e+05,nan,1.734823e-03,4.983729e+00,1.734823e-03,nan,1.213655e-01,1.249358e-01,1.427292e-01,1.293358e-01,1.350333e-01
4.604239e+05,nan,1.998968e-03,4.927298e+00,1.998968e-03,nan,1.238907e-01,1.276747e-01,1.462947e-01,1.323072e-01,1.382595e-01
4.738704e+05,nan,2.303330e-03,4.871506e+00,2.303330e-03,nan,1.264897e-01,1.304935e-01,1.499642e-01,1.353654e-01,1.415798e-01
4.877097e+05,nan,2.654035e-03,4.816346e+00,2.654035e-03,nan,1.291645e-01,1.333946e-01,1.537410e-01,1.385128e-01,1.449972e-01
5.000000e+05,nan,3.000000e-03,4.769160e+00,3.000000e-03,nan,1.315400e-01,1.359710e-01,1.570950e-01,1.413080e-01,1.480320e-01
5.019531e+05,nan,3.044796e-03,4.763267e+00,3.043210e-03,nan,1.318454e-01,1.363049e-01,1.576106e-01,1.416721e-01,1.485464e-01
5.060040e+05,nan,3.139276e-03,4.751140e+00,3.134271e-03,nan,1.324790e-01,1.369973e-01,1.586799e-01,1.424272e-01,1.496132e-01
5.083350e+05,nan,3.194612e-03,4.742220e+00,3.187559e-03,nan,1.328435e-01,1.373958e-01,1.592952e-01,1.428617e-01,1.502270e-01
5.166125e+05,nan,3.396935e-03,4.706757e+00,3.382125e-03,nan,1.341380e-01,1.388107e-01,1.614802e-01,1.444047e-01,1.524069e-01
5.317000e+05,nan,3.789799e-03,4.644213e+00,3.758784e-03,nan,1.364976e-01,1.413898e-01,1.654629e-01,1.472172e-01,1.563802e-01
5.472282e+05,nan,4.228100e-03,4.582500e+00,4.177391e-03,nan,1.389260e-01,1.440442e-01,1.695618e-01,1.501118e-01,1.604695e-01
5.586210e+05,nan,4.572637e-03,4.538830e+00,4.505369e-03,nan,1.407077e-01,1.459917e-01,1.725692e-01,1.522355e-01,1.634698e-01
5.625750e+05,nan,4.696910e-03,4.519400e+00,4.623452e-03,nan,1.413261e-01,1.466676e-01,1.736129e-01,1.529726e-01,1.645111e-01
5.632098e+05,nan,4.717091e-03,4.516114e+00,4.642618e-03,nan,1.414254e-01,1.467761e-01,1.737805e-01,1.530909e-01,1.646783e-01
5.704000e+05,nan,4.950163e-03,4.479316e+00,4.863755e-03,5.403720e+00,1.425499e-01,1.480052e-01,1.756785e-01,1.544313e-01,1.665718e-01
5.796582e+05,nan,5.262635e-03,4.433043e+00,5.159655e-03,5.312887e+00,1.439977e-01,1.495878e-01,1.781224e-01,1.561571e-01,1.690100e-01
5.965869e+05,nan,5.871273e-03,4.351501e+00,5.734274e-03,5.154276e+00,1.466452e-01,1.524816e-01,1.825911e-01,1.593128e-01,1.734682e-01
6.000000e+05,nan,6.000000e-03,4.335520e+00,5.855531e-03,5.123410e+00,1.471790e-01,1.530650e-01,1.834920e-01,1.599490e-01,1.743670e-01
6.040000e+05,nan,6.132221e-03,4.322213e+00,5.143480e+00,5.101025e+00,1.476894e-01,1.536174e-01,1.845187e-01,1.610728e-01,1.754261e-01
6.058660e+05,nan,6.194589e-03,4.316050e+00,5.131590e+00,5.090666e+00,1.479274e-01,1.538752e-01,1.849976e-01,1.615971e-01,1.759201e-01
6.140101e+05,nan,6.471961e-03,4.285651e+00,5.080438e+00,5.046068e+00,1.489665e-01,1.549999e-01,1.870880e-01,1.638851e-01,1.780764e-01
6.200470e+05,nan,6.683057e-03,4.263513e+00,5.043280e+00,5.013638e+00,1.497368e-01,1.558337e-01,1.886375e-01,1.655812e-01,1.796748e-01
6.319421e+05,nan,7.112923e-03,4.220842e+00,4.961584e+00,4.951246e+00,1.512545e-01,1.574765e-01,1.916906e-01,1.689231e-01,1.828243e-01
6.503977e+05,nan,7.817363e-03,4.157012e+00,4.840339e+00,4.858205e+00,1.536092e-01,1.600254e-01,1.964276e-01,1.741082e-01,1.877108e-01
6.681150e+05,nan,8.537901e-03,4.098290e+00,4.729815e+00,4.772917e+00,1.558698e-01,1.624724e-01,2.009751e-01,1.790859e-01,1.924018e-01
6.693924e+05,nan,8.591569e-03,4.091406e+00,4.722057e+00,4.766912e+00,1.560328e-01,1.626488e-01,2.013030e-01,1.794448e-01,1.927400e-01
6.889418e+05,nan,9.442450e-03,3.989047e+00,4.606665e+00,4.677335e+00,1.585271e-01,1.653488e-01,2.063207e-01,1.849372e-01,1.979161e-01
7.000000e+05,nan,9.948808e-03,3.933530e+00,4.544050e+00,4.628510e+00,1.599380e-01,1.668760e-01,2.091590e-01,1.880440e-01,2.008440e-01
7.010960e+05,nan,4.753110e+00,3.929574e+00,4.539534e+00,4.623680e+00,1.600512e-01,1.670732e-01,2.094333e-01,1.882744e-01,2.010933e-01
7.090622e+05,nan,4.717813e+00,3.901124e+00,4.507053e+00,4.588952e+00,1.608744e-01,1.685066e-01,2.114267e-01,1.899491e-01,2.029056e-01
7.297701e+05,nan,4.629063e+00,3.829564e+00,4.425343e+00,4.501645e+00,1.630141e-01,1.722328e-01,2.166087e-01,1.943026e-01,2.076164e-01
7.504020e+05,nan,4.544700e+00,3.761511e+00,4.347620e+00,4.418671e+00,1.651460e-01,1.759453e-01,2.217716e-01,1.986400e-01,2.123100e-01
7.510828e+05,nan,4.541982e+00,3.759318e+00,4.344819e+00,4.415998e+00,1.652164e-01,1.760678e-01,2.219420e-01,1.987831e-01,2.124648e-01
7.519590e+05,nan,4.538490e+00,3.756500e+00,4.341222e+00,4.412564e+00,1.653069e-01,1.762255e-01,2.221612e-01,1.989673e-01,2.126642e-01
7.730180e+05,nan,4.456539e+00,3.672222e+00,4.256852e+00,4.331981e+00,1.674829e-01,1.800149e-01,2.274310e-01,2.033946e-01,2.174549e-01
7.877470e+05,nan,4.401390e+00,3.615720e+00,4.200142e+00,4.277763e+00,1.690049e-01,1.826652e-01,2.311168e-01,2.064911e-01,2.208056e-01
7.955938e+05,nan,4.372704e+00,3.584409e+00,4.170665e+00,4.249563e+00,1.698157e-01,1.840771e-01,2.330804e-01,2.081407e-01,2.225906e-01
8.000000e+05,nan,4.356800e+00,3.567080e+00,4.154330e+00,4.233930e+00,1.702710e-01,1.848700e-01,2.341830e-01,2.090670e-01,2.235930e-01
8.188288e+05,nan,4.310139e+00,3.520680e+00,4.087001e+00,4.165946e+00,1.718671e-01,1.893247e-01,2.393442e-01,2.125995e-01,2.273462e-01
8.201900e+05,nan,4.306827e+00,3.517390e+00,4.082236e+00,4.161134e+00,1.719825e-01,1.896468e-01,2.397173e-01,2.128548e-01,2.276175e-01
8.222180e+05,nan,4.301907e+00,3.512170e+00,4.075161e+00,4.153990e+00,1.721544e-01,1.901266e-01,2.402732e-01,2.132353e-01,2.280217e-01
8.313420e+05,nan,4.279989e+00,3.488720e+00,4.043695e+00,4.122214e+00,1.729279e-01,1.922852e-01,2.427742e-01,2.149471e-01,2.298404e-01
8.372220e+05,nan,4.266049e+00,3.472970e+00,4.023727e+00,4.102047e+00,1.734263e-01,1.936764e-01,2.443859e-01,2.160502e-01,2.310125e-01
8.427425e+05,nan,4.253092e+00,3.450721e+00,4.005195e+00,4.083331e+00,1.738943e-01,1.949824e-01,2.458991e-01,2.170859e-01,2.321129e-01
8.456960e+05,nan,4.246210e+00,3.438935e+00,3.995366e+00,4.073403e+00,1.741446e-01,1.956812e-01,2.467087e-01,2.176400e-01,2.327016e-01
8.673545e+05,nan,4.090793e+00,3.354935e+00,3.925028e+00,4.002354e+00,1.759806e-01,2.008054e-01,2.526456e-01,2.217034e-01,2.370188e-01
8.800060e+05,nan,4.004370e+00,3.307760e+00,3.885308e+00,3.962228e+00,1.770531e-01,2.037986e-01,2.561134e-01,2.240769e-01,2.395406e-01
8.926854e+05,nan,3.920786e+00,3.240735e+00,3.846464e+00,3.922983e+00,1.781279e-01,2.067984e-01,2.595890e-01,2.264557e-01,2.420680e-01
9.000000e+05,nan,3.873890e+00,3.203110e+00,3.824480e+00,3.900770e+00,1.787480e-01,2.085290e-01,2.615940e-01,2.278280e-01,2.435260e-01
9.064670e+05,nan,3.848789e+00,3.183750e+00,3.806025e+00,3.881025e+00,1.792020e-01,2.098164e-01,2.633278e-01,2.288947e-01,2.446294e-01
9.165040e+05,nan,3.810501e+00,3.153570e+00,3.777815e+00,3.850853e+00,1.799066e-01,2.118145e-01,2.660187e-01,2.305502e-01,2.463419e-01
9.187560e+05,nan,3.802020e+00,3.146703e+00,3.771557e+00,3.844161e+00,1.800647e-01,2.122628e-01,2.666225e-01,2.309216e-01,2.467261e-01
9.281630e+05,nan,3.767018e+00,3.118360e+00,3.745689e+00,3.816506e+00,1.807250e-01,2.141354e-01,2.691445e-01,2.324732e-01,2.483312e-01
9.315400e+05,nan,3.754618e+00,3.107723e+00,3.736510e+00,3.806695e+00,1.809621e-01,2.148077e-01,2.700499e-01,2.330302e-01,2.489074e-01
9.445870e+05,nan,3.707502e+00,3.067320e+00,3.699729e+00,3.769353e+00,1.818780e-01,2.174049e-01,2.735478e-01,2.351822e-01,2.511334e-01
9.455880e+05,nan,3.703939e+00,3.063934e+00,3.696942e+00,3.766525e+00,1.819483e-01,2.176042e-01,2.738161e-01,2.353473e-01,2.513042e-01
9.566780e+05,nan,3.664935e+00,3.026901e+00,3.666410e+00,3.735526e+00,1.827268e-01,2.198119e-01,2.767894e-01,2.371765e-01,2.531964e-01
9.732036e+05,nan,3.608388e+00,2.973316e+00,3.619208e+00,3.690456e+00,1.838869e-01,2.231016e-01,2.812199e-01,2.399022e-01,2.560160e-01
1.000000e+06,nan,3.520490e+00,2.890270e+00,3.545590e+00,3.620090e+00,1.857680e-01,2.284360e-01,2.884040e-01,2.443220e-01,2.605880e-01
1.001626e+06,nan,3.515752e+00,2.887284e+00,3.541441e+00,3.616754e+00,1.860323e-01,2.286927e-01,2.887451e-01,2.445381e-01,2.608635e-01
1.007440e+06,nan,3.498923e+00,2.876670e+00,3.526699e+00,3.604894e+00,1.869774e-01,2.296109e-01,2.899649e-01,2.453109e-01,2.618490e-01
1.022960e+06,nan,3.454859e+00,2.847380e+00,3.488054e+00,3.573755e+00,1.895003e-01,2.320618e-01,2.932209e-01,2.473738e-01,2.644794e-01
1.030878e+06,nan,3.432846e+00,2.832331e+00,3.468724e+00,3.558152e+00,1.907874e-01,2.333122e-01,2.948820e-01,2.484263e-01,2.658213e-01
1.040190e+06,nan,3.407350e+00,2.814880e+00,3.446315e+00,3.540040e+00,1.923011e-01,2.347828e-01,2.968357e-01,2.496641e-01,2.673996e-01
1.043230e+06,nan,3.399117e+00,2.809100e+00,3.439074e+00,3.534182e+00,1.927953e-01,2.352629e-01,2.974734e-01,2.500681e-01,2.679148e-01
1.053370e+06,nan,3.371969e+00,2.789820e+00,3.415182e+00,3.514835e+00,1.944436e-01,2.368642e-01,2.996008e-01,2.514159e-01,2.696334e-01
1.054000e+06,3.993250e+00,3.370298e+00,2.788583e+00,3.413711e+00,3.513643e+00,1.945460e-01,2.369637e-01,2.997329e-01,2.514997e-01,2.697402e-01
1.054190e+06,3.993010e+00,3.369795e+00,2.788210e+00,3.413268e+00,3.513284e+00,1.945769e-01,2.369937e-01,2.997728e-01,2.515249e-01,2.697724e-01
1.057630e+06,3.977198e+00,3.360706e+00,2.781480e+00,3.405263e+00,3.506794e+00,1.951360e-01,2.375369e-01,3.004945e-01,2.519822e-01,2.703554e-01
1.060984e+06,3.961890e+00,3.351895e+00,2.774398e+00,3.397500e+00,3.500498e+00,1.956813e-01,2.380667e-01,3.011982e-01,2.524280e-01,2.709239e-01
1.091970e+06,3.825399e+00,3.272853e+00,2.710837e+00,3.327738e+00,3.443779e+00,2.007182e-01,2.429599e-01,3.076989e-01,2.565467e-01,2.761756e-01
1.123130e+06,3.696539e+00,3.197399e+00,2.650120e+00,3.260937e+00,3.389230e+00,2.057834e-01,2.478807e-01,3.142361e-01,2.606884e-01,2.814567e-01
1.123861e+06,3.693611e+00,3.195675e+00,2.648732e+00,3.259409e+00,3.386238e+00,2.059022e-01,2.479961e-01,3.143894e-01,2.607856e-01,2.815806e-01
1.146140e+06,3.606356e+00,3.144093e+00,2.607200e+00,3.213620e+00,3.297180e+00,2.095238e-01,2.515144e-01,3.190634e-01,2.637469e-01,2.853565e-01
1.147560e+06,3.600922e+00,3.140867e+00,2.603750e+00,3.210754e+00,3.291641e+00,2.097546e-01,2.517387e-01,3.193614e-01,2.639357e-01,2.855972e-01
1.147660e+06,3.600540e+00,3.140640e+00,2.603510e+00,3.210552e+00,3.291252e+00,2.097709e-01,2.517545e-01,3.193823e-01,2.639490e-01,2.856142e-01
1.148670e+06,3.596685e+00,3.138351e+00,2.601000e+00,3.208517e+00,3.287324e+00,2.099351e-01,2.519140e-01,3.195942e-01,2.640832e-01,2.857853e-01
1.156683e+06,3.566364e+00,3.120317e+00,2.579138e+00,3.192482e+00,3.256443e+00,2.112376e-01,2.531794e-01,3.212753e-01,2.651483e-01,2.871434e-01
1.168950e+06,3.520836e+00,3.093147e+00,2.546310e+00,3.168301e+00,3.210131e+00,2.132317e-01,2.551166e-01,3.238489e-01,2.667788e-01,2.892225e-01
1.190463e+06,3.443499e+00,3.046736e+00,2.486482e+00,3.126930e+00,3.131622e+00,2.167288e-01,2.585140e-01,3.283623e-01,2.696384e-01,2.928687e-01
1.200000e+06,3.410200e+00,3.026650e+00,2.460750e+00,3.109000e+00,3.097880e+00,2.182790e-01,2.600200e-01,3.303630e-01,2.709060e-01,2.944850e-01
1.208490e+06,3.394322e+00,3.010430e+00,2.448250e+00,3.100048e+00,3.078150e+00,2.196419e-01,2.610504e-01,3.317661e-01,2.722844e-01,2.957025e-01
1.220630e+06,3.371936e+00,2.987584e+00,2.429476e+00,3.087400e+00,3.050392e+00,2.215908e-01,2.625238e-01,3.337724e-01,2.742553e-01,2.974433e-01
1.225231e+06,3.363549e+00,2.979030e+00,2.422447e+00,3.075184e+00,3.040010e+00,2.223294e-01,2.630821e-01,3.345327e-01,2.750022e-01,2.981031e-01
1.232930e+06,3.349630e+00,2.964840e+00,2.410788e+00,3.054949e+00,3.022800e+00,2.235654e-01,2.640165e-01,3.358052e-01,2.762522e-01,2.992072e-01
1.261013e+06,3.270039e+00,2.914382e+00,2.369334e+00,2.983293e+00,2.961727e+00,2.280737e-01,2.674249e-01,3.404463e-01,2.808115e-01,3.032343e-01
1.281890e+06,3.213206e+00,2.878137e+00,2.339560e+00,2.932112e+00,2.917980e+00,2.314252e-01,2.699586e-01,3.438966e-01,2.842008e-01,3.062280e-01
1.297841e+06,3.171058e+00,2.851137e+00,2.315458e+00,2.894148e+00,2.885460e+00,2.339858e-01,2.718944e-01,3.465326e-01,2.867904e-01,3.085153e-01
1.324880e+06,3.102003e+00,2.806679e+00,2.275820e+00,2.831934e+00,2.832039e+00,2.383266e-01,2.751761e-01,3.510013e-01,2.911803e-01,3.123928e-01
1.329130e+06,3.091413e+00,2.799837e+00,2.269520e+00,2.822391e+00,2.823831e+00,2.390089e-01,2.756919e-01,3.517037e-01,2.918703e-01,3.130022e-01
1.335744e+06,3.075073e+00,2.789265e+00,2.259689e+00,2.807666e+00,2.811157e+00,2.400706e-01,2.764945e-01,3.527967e-01,2.929440e-01,3.139506e-01
1.336230e+06,3.073878e+00,2.788491e+00,2.258970e+00,2.806589e+00,2.810230e+00,2.401487e-01,2.765536e-01,3.528771e-01,2.930229e-01,3.140204e-01
1.358430e+06,3.020269e+00,2.753691e+00,2.225790e+00,2.758273e+00,2.768576e+00,2.437126e-01,2.792479e-01,3.565459e-01,2.966271e-01,3.172039e-01
1.374754e+06,2.981993e+00,2.728735e+00,2.200773e+00,2.723769e+00,2.738767e+00,2.463331e-01,2.812290e-01,3.592437e-01,2.992773e-01,3.195447e-01
1.400000e+06,2.924610e+00,2.691150e+00,2.163200e+00,2.672030e+00,2.693970e+00,2.503860e-01,2.842930e-01,3.634160e-01,3.033760e-01,3.231650e-01
1.401120e+06,2.922940e+00,2.690289e+00,2.161901e+00,2.670583e+00,2.692669e+00,2.505257e-01,2.844488e-01,3.635577e-01,3.035366e-01,3.232902e-01
1.414903e+06,2.900646e+00,2.679769e+00,2.146064e+00,2.652932e+00,2.676798e+00,2.522442e-01,2.863665e-01,3.653013e-01,3.055132e-01,3.248315e-01
1.428830e+06,2.878508e+00,2.669284e+00,2.130334e+00,2.635386e+00,2.661010e+00,2.539808e-01,2.883043e-01,3.670631e-01,3.075105e-01,3.263889e-01
1.456225e+06,2.836066e+00,2.649072e+00,2.100162e+00,2.601698e+00,2.621460e+00,2.573967e-01,2.921158e-01,3.705287e-01,3.114392e-01,3.294523e-01
1.483770e+06,2.794802e+00,2.629279e+00,2.070811e+00,2.568880e+00,2.583013e+00,2.608313e-01,2.959483e-01,3.740133e-01,3.153895e-01,3.325326e-01
1.484530e+06,2.793683e+00,2.628740e+00,2.070014e+00,2.567769e+00,2.581970e+00,2.609260e-01,2.960541e-01,3.741095e-01,3.154984e-01,3.326176e-01
1.498753e+06,2.772925e+00,2.596613e+00,2.055242e+00,2.547173e+00,2.562631e+00,2.626996e-01,2.980330e-01,3.759088e-01,3.175382e-01,3.342081e-01
1.503030e+06,2.766751e+00,2.587089e+00,2.050848e+00,2.541050e+00,2.556880e+00,2.632328e-01,2.986281e-01,3.764498e-01,3.181515e-01,3.346863e-01
1.542524e+06,2.711189e+00,2.501987e+00,2.011282e+00,2.459155e+00,2.505121e+00,2.681573e-01,3.041231e-01,3.814460e-01,3.238154e-01,3.391027e-01
1.546080e+06,2.706310e+00,2.494569e+00,2.007807e+00,2.452013e+00,2.500577e+00,2.686007e-01,3.046178e-01,3.818959e-01,3.243253e-01,3.395004e-01
1.559950e+06,2.685254e+00,2.466002e+00,1.994384e+00,2.424509e+00,2.483030e+00,2.703302e-01,3.065476e-01,3.836505e-01,3.263144e-01,3.410514e-01
1.586460e+06,2.645970e+00,2.412991e+00,1.969300e+00,2.373450e+00,2.425094e+00,2.736357e-01,3.102361e-01,3.870041e-01,3.301162e-01,3.440159e-01
1.587573e+06,2.644294e+00,2.410810e+00,1.968263e+00,2.371349e+00,2.422712e+00,2.737745e-01,3.103910e-01,3.871449e-01,3.302758e-01,3.441403e-01
1.600000e+06,2.625730e+00,2.386690e+00,1.956770e+00,2.348110e+00,2.396390e+00,2.753240e-01,3.121200e-01,3.887170e-01,3.320580e-01,3.455300e-01
1.633938e+06,2.601052e+00,2.352465e+00,1.924508e+00,2.318018e+00,2.354566e+00,2.799665e-01,3.158774e-01,3.934155e-01,3.365060e-01,3.488009e-01
1.681656e+06,2.567584e+00,2.306324e+00,1.881124e+00,2.277373e+00,2.298390e+00,2.864942e-01,3.211606e-01,4.000219e-01,3.427603e-01,3.534000e-01
1.720260e+06,2.541500e+00,2.270583e+00,1.847609e+00,2.245830e+00,2.255045e+00,2.917750e-01,3.254346e-01,4.053664e-01,3.478199e-01,3.571207e-01
1.730769e+06,2.534546e+00,2.261087e+00,1.838718e+00,2.229931e+00,2.243554e+00,2.932125e-01,3.265980e-01,4.068212e-01,3.491972e-01,3.581335e-01
1.732540e+06,2.533380e+00,2.259496e+00,1.837228e+00,2.227271e+00,2.241629e+00,2.934548e-01,3.267942e-01,4.070665e-01,3.494294e-01,3.583042e-01
1.745820e+06,2.501097e+00,2.247654e+00,1.826150e+00,2.207519e+00,2.227317e+00,2.952714e-01,3.282645e-01,4.089050e-01,3.511699e-01,3.595841e-01
1.748440e+06,2.494806e+00,2.245336e+00,1.823749e+00,2.203660e+00,2.224517e+00,2.956298e-01,3.285545e-01,4.092678e-01,3.515133e-01,3.598366e-01
1.752540e+06,2.485010e+00,2.241720e+00,1.820006e+00,2.195477e+00,2.220150e+00,2.961907e-01,3.290085e-01,4.098354e-01,3.520507e-01,3.602318e-01
1.777370e+06,2.426980e+00,2.210551e+00,1.797682e+00,2.146963e+00,2.194103e+00,2.995873e-01,3.317575e-01,4.132730e-01,3.553050e-01,3.626249e-01
1.781315e+06,2.417481e+00,2.205678e+00,1.794189e+00,2.139416e+00,2.190026e+00,3.001270e-01,3.321943e-01,4.138192e-01,3.558221e-01,3.630051e-01
1.791440e+06,2.393365e+00,2.193271e+00,1.785290e+00,2.120242e+00,2.179638e+00,3.015120e-01,3.333153e-01,4.152209e-01,3.571491e-01,3.639810e-01
1.800000e+06,2.373270e+00,2.182890e+00,1.777620e+00,2.104250e+00,2.170940e+00,3.026830e-01,3.342630e-01,4.164060e-01,3.582710e-01,3.648060e-01
1.833338e+06,2.342339e+00,2.158092e+00,1.753376e+00,2.076757e+00,2.146621e+00,3.070264e-01,3.374923e-01,4.210450e-01,3.622899e-01,3.676147e-01
1.886880e+06,2.294631e+00,2.119760e+00,1.716011e+00,2.034353e+00,2.109022e+00,3.140022e-01,3.426786e-01,4.284953e-01,3.687444e-01,3.721256e-01
1.895450e+06,2.287210e+00,2.113788e+00,1.710202e+00,2.027757e+00,2.103164e+00,3.151187e-01,3.435088e-01,4.296879e-01,3.697775e-01,3.728477e-01
1.902660e+06,2.280710e+00,2.108798e+00,1.705350e+00,2.022247e+00,2.098268e+00,3.160581e-01,3.442072e-01,4.306911e-01,3.706467e-01,3.734551e-01
1.909350e+06,2.274680e+00,2.104195e+00,1.700877e+00,2.017167e+00,2.093752e+00,3.169297e-01,3.448552e-01,4.316221e-01,3.714531e-01,3.740187e-01
1.909550e+06,2.274500e+00,2.104058e+00,1.700743e+00,2.017016e+00,2.093617e+00,3.169557e-01,3.448746e-01,4.316499e-01,3.714773e-01,3.740356e-01
1.915130e+06,2.269470e+00,2.100239e+00,1.697034e+00,2.012802e+00,2.089871e+00,3.176827e-01,3.454151e-01,4.324263e-01,3.721499e-01,3.745057e-01
1.924260e+06,2.261240e+00,2.094029e+00,1.691005e+00,2.005954e+00,2.083778e+00,3.188722e-01,3.462994e-01,4.336968e-01,3.732505e-01,3.752749e-01
1.934710e+06,2.251820e+00,2.086981e+00,1.684166e+00,1.998183e+00,2.076862e+00,3.202337e-01,3.473117e-01,4.351509e-01,3.745103e-01,3.761553e-01
1.936490e+06,2.250177e+00,2.085786e+00,1.683007e+00,1.996867e+00,2.075690e+00,3.204656e-01,3.474841e-01,4.353986e-01,3.747249e-01,3.763053e-01
1.939100e+06,2.247773e+00,2.084038e+00,1.681312e+00,1.994940e+00,2.072773e+00,3.208056e-01,3.477369e-01,4.357618e-01,3.750395e-01,3.765252e-01
1.941986e+06,2.245122e+00,2.082109e+00,1.679442e+00,1.991710e+00,2.069557e+00,3.211816e-01,3.480165e-01,4.361633e-01,3.753874e-01,3.767683e-01
1.954670e+06,2.233552e+00,2.073687e+00,1.671280e+00,1.977628e+00,2.055538e+00,3.228342e-01,3.492451e-01,4.379283e-01,3.769165e-01,3.778369e-01
1.987560e+06,2.204170e+00,2.052256e+00,1.648535e+00,1.941990e+00,2.020037e+00,3.271193e-01,3.524310e-01,4.425050e-01,3.808814e-01,3.806079e-01
1.998701e+06,2.194125e+00,2.045127e+00,1.640985e+00,1.930196e+00,2.008282e+00,3.285707e-01,3.535102e-01,4.440552e-01,3.822244e-01,3.815465e-01
2.000000e+06,2.192960e+00,2.044300e+00,1.640110e+00,1.928830e+00,2.006920e+00,3.287400e-01,3.536360e-01,4.442360e-01,3.823810e-01,3.816560e-01
2.002980e+06,2.191690e+00,2.044172e+00,1.639118e+00,1.927185e+00,2.005538e+00,3.290627e-01,3.539850e-01,4.444991e-01,3.826749e-01,3.818942e-01
2.037370e+06,2.177070e+00,2.042705e+00,1.627814e+00,1.908474e+00,1.989801e+00,3.327866e-01,3.580122e-01,4.475358e-01,3.860670e-01,3.846435e-01
2.042440e+06,2.174910e+00,2.042491e+00,1.626170e+00,1.905757e+00,1.987513e+00,3.333356e-01,3.586059e-01,4.479835e-01,3.865671e-01,3.850489e-01
2.046740e+06,2.173059e+00,2.042310e+00,1.624780e+00,1.903462e+00,1.985580e+00,3.338012e-01,3.591095e-01,4.483631e-01,3.869912e-01,3.853926e-01
2.057072e+06,2.168633e+00,2.041876e+00,1.621458e+00,1.897976e+00,1.979069e+00,3.349201e-01,3.603195e-01,4.492755e-01,3.880103e-01,3.862186e-01
2.057460e+06,2.168467e+00,2.041860e+00,1.621334e+00,1.897771e+00,1.978825e+00,3.349621e-01,3.603649e-01,4.493097e-01,3.880486e-01,3.862496e-01
2.074300e+06,2.161322e+00,2.036989e+00,1.615970e+00,1.888926e+00,1.968331e+00,3.367856e-01,3.623369e-01,4.507967e-01,3.897096e-01,3.875959e-01
2.077740e+06,2.159872e+00,2.036000e+00,1.614805e+00,1.887133e+00,1.966205e+00,3.371581e-01,3.627397e-01,4.511004e-01,3.900489e-01,3.878709e-01
2.083220e+06,2.157570e+00,2.033468e+00,1.612955e+00,1.884287e+00,1.962830e+00,3.377515e-01,3.633815e-01,4.515843e-01,3.905894e-01,3.883090e-01
2.093860e+06,2.153026e+00,2.028580e+00,1.609383e+00,1.878793e+00,1.956318e+00,3.389036e-01,3.646275e-01,4.525238e-01,3.916389e-01,3.891596e-01
2.106760e+06,2.147560e+00,2.015404e+00,1.605087e+00,1.872191e+00,1.948496e+00,3.403005e-01,3.661381e-01,4.536629e-01,3.929113e-01,3.901909e-01
2.117149e+06,2.143109e+00,2.004914e+00,1.601655e+00,1.866921e+00,1.942254e+00,3.414254e-01,3.673547e-01,4.545802e-01,3.939359e-01,3.910214e-01
2.137900e+06,2.134310e+00,1.984273e+00,1.594870e+00,1.856514e+00,1.929935e+00,3.436725e-01,3.697848e-01,4.564126e-01,3.959828e-01,3.926804e-01
2.178979e+06,2.116811e+00,1.944607e+00,1.581715e+00,1.836374e+00,1.906123e+00,3.481208e-01,3.745954e-01,4.600399e-01,4.000346e-01,3.959645e-01
2.184560e+06,2.114470e+00,1.939337e+00,1.579955e+00,1.833684e+00,1.902945e+00,3.487251e-01,3.752489e-01,4.605326e-01,4.005851e-01,3.964106e-01
2.184640e+06,2.114402e+00,1.939262e+00,1.579930e+00,1.833645e+00,1.902900e+00,3.487337e-01,3.752583e-01,4.605397e-01,4.005930e-01,3.964170e-01
2.188520e+06,2.111120e+00,1.935614e+00,1.578710e+00,1.831781e+00,1.900563e+00,3.491539e-01,3.757126e-01,4.608823e-01,4.009757e-01,3.967272e-01
2.194540e+06,2.099097e+00,1.929981e+00,1.576824e+00,1.828900e+00,1.896951e+00,3.498058e-01,3.764176e-01,4.614139e-01,4.015695e-01,3.972085e-01
2.194850e+06,2.098481e+00,1.929692e+00,1.576727e+00,1.828540e+00,1.896766e+00,3.498393e-01,3.764539e-01,4.614413e-01,4.016000e-01,3.972333e-01
2.200000e+06,2.088280e+00,1.924900e+00,1.575120e+00,1.821860e+00,1.893690e+00,3.503970e-01,3.770570e-01,4.618960e-01,4.021080e-01,3.976450e-01
2.227890e+06,2.074570e+00,1.914622e+00,1.569829e+00,1.823670e+00,1.896589e+00,3.545574e-01,3.800711e-01,4.644615e-01,4.059835e-01,4.004792e-01
2.234190e+06,2.071509e+00,1.912326e+00,1.568646e+00,1.821492e+00,1.897240e+00,3.554971e-01,3.807519e-01,4.650410e-01,4.068589e-01,4.011194e-01
2.237530e+06,2.069892e+00,1.911112e+00,1.568020e+00,1.820341e+00,1.896032e+00,3.559954e-01,3.811129e-01,4.653482e-01,4.073230e-01,4.014588e-01
2.242616e+06,2.067436e+00,1.909269e+00,1.567023e+00,1.818592e+00,1.894196e+00,3.567540e-01,3.816625e-01,4.658160e-01,4.080297e-01,4.019756e-01
2.258200e+06,2.059963e+00,1.903658e+00,1.563984e+00,1.813270e+00,1.888610e+00,3.590787e-01,3.833467e-01,4.672495e-01,4.101952e-01,4.035593e-01
2.308111e+06,2.036551e+00,1.886054e+00,1.554431e+00,1.788888e+00,1.871082e+00,3.665239e-01,3.887405e-01,4.718406e-01,4.171305e-01,4.086312e-01
2.314550e+06,2.033586e+00,1.883822e+00,1.553218e+00,1.785804e+00,1.868860e+00,3.674844e-01,3.894364e-01,4.724329e-01,4.180253e-01,4.092856e-01
2.331380e+06,2.025897e+00,1.878030e+00,1.550067e+00,1.777810e+00,1.855706e+00,3.699950e-01,3.912552e-01,4.739810e-01,4.203639e-01,4.109958e-01
2.340180e+06,2.021910e+00,1.875026e+00,1.548431e+00,1.770437e+00,1.848902e+00,3.713077e-01,3.922063e-01,4.747905e-01,4.215867e-01,4.118901e-01
2.371350e+06,1.997823e+00,1.864512e+00,1.542700e+00,1.744782e+00,1.825205e+00,3.759573e-01,3.955748e-01,4.776576e-01,4.259179e-01,4.150576e-01
2.375518e+06,1.994648e+00,1.863121e+00,1.541906e+00,1.741405e+00,1.822083e+00,3.765791e-01,3.960253e-01,4.780411e-01,4.264972e-01,4.154812e-01
2.400000e+06,1.976210e+00,1.855020e+00,1.537280e+00,1.721820e+00,1.803960e+00,3.802310e-01,3.986710e-01,4.802930e-01,4.298990e-01,4.179690e-01
2.422040e+06,1.976256e+00,1.865282e+00,1.534620e+00,1.720957e+00,1.807797e+00,3.834297e-01,4.017217e-01,4.828010e-01,4.325488e-01,4.208314e-01
2.429700e+06,1.976272e+00,1.868840e+00,1.533687e+00,1.720659e+00,1.809125e+00,3.845414e-01,4.027819e-01,4.836727e-01,4.334697e-01,4.218263e-01
2.435990e+06,1.976285e+00,1.871040e+00,1.532924e+00,1.720415e+00,1.810212e+00,3.854542e-01,4.036526e-01,4.843885e-01,4.342259e-01,4.226432e-01
2.444895e+06,1.976304e+00,1.870423e+00,1.531847e+00,1.720071e+00,1.811748e+00,3.867466e-01,4.048851e-01,4.854018e-01,4.352965e-01,4.237997e-01
2.462600e+06,1.976340e+00,1.869202e+00,1.529720e+00,1.719390e+00,1.814789e+00,3.893161e-01,4.073358e-01,4.874166e-01,4.374251e-01,4.260992e-01
2.486860e+06,1.976390e+00,1.867545e+00,1.526754e+00,1.718466e+00,1.818929e+00,3.928370e-01,4.106937e-01,4.901772e-01,4.403417e-01,4.292499e-01
2.488630e+06,1.975602e+00,1.867425e+00,1.526539e+00,1.718399e+00,1.819230e+00,3.930939e-01,4.109387e-01,4.903787e-01,4.405545e-01,4.294798e-01
2.498450e+06,1.971244e+00,1.866760e+00,1.525349e+00,1.718028e+00,1.817241e+00,3.945190e-01,4.122980e-01,4.914961e-01,4.417352e-01,4.307552e-01
2.511120e+06,1.965662e+00,1.864513e+00,1.523822e+00,1.717551e+00,1.814690e+00,3.963578e-01,4.140517e-01,4.929379e-01,4.432584e-01,4.324007e-01
2.516297e+06,1.963393e+00,1.863599e+00,1.523201e+00,1.717357e+00,1.811596e+00,3.971092e-01,4.147683e-01,4.935270e-01,4.438808e-01,4.330731e-01
2.523980e+06,1.960040e+00,1.862246e+00,1.522282e+00,1.717070e+00,1.807025e+00,3.982242e-01,4.158317e-01,4.944013e-01,4.448045e-01,4.340709e-01
2.536860e+06,1.954455e+00,1.859990e+00,1.520749e+00,1.712017e+00,1.799420e+00,4.000935e-01,4.176145e-01,4.958670e-01,4.463530e-01,4.357437e-01
2.538030e+06,1.953950e+00,1.859786e+00,1.520610e+00,1.711559e+00,1.798235e+00,4.002633e-01,4.177764e-01,4.960001e-01,4.464937e-01,4.358956e-01
2.540130e+06,1.953044e+00,1.859420e+00,1.520356e+00,1.710740e+00,1.796112e+00,4.005681e-01,4.180671e-01,4.962391e-01,4.467461e-01,4.361684e-01
2.545730e+06,1.950634e+00,1.855656e+00,1.519680e+00,1.708560e+00,1.790471e+00,4.013808e-01,4.188422e-01,4.968763e-01,4.474194e-01,4.368957e-01
2.550070e+06,1.948772e+00,1.852750e+00,1.519149e+00,1.706876e+00,1.786119e+00,4.020107e-01,4.194429e-01,4.973702e-01,4.479412e-01,4.374593e-01
2.570910e+06,1.939899e+00,1.827560e+00,1.516616e+00,1.698850e+00,1.765473e+00,4.050352e-01,4.223275e-01,4.997417e-01,4.504467e-01,4.401659e-01
2.572280e+06,1.939320e+00,1.825923e+00,1.516450e+00,1.697765e+00,1.764130e+00,4.052340e-01,4.225171e-01,4.998976e-01,4.506114e-01,4.403439e-01
2.587930e+06,1.922417e+00,1.807390e+00,1.514565e+00,1.685465e+00,1.748910e+00,4.075053e-01,4.246833e-01,5.016785e-01,4.524929e-01,4.423764e-01
2.589785e+06,1.920430e+00,1.805213e+00,1.514342e+00,1.684018e+00,1.746308e+00,4.077745e-01,4.249401e-01,5.018896e-01,4.527159e-01,4.426173e-01
2.598350e+06,1.911300e+00,1.795216e+00,1.513317e+00,1.677366e+00,1.734367e+00,4.090175e-01,4.261256e-01,5.028642e-01,4.537456e-01,4.437297e-01
2.600000e+06,1.908830e+00,1.793300e+00,1.513120e+00,1.676090e+00,1.732080e+00,4.092570e-01,4.263540e-01,5.030520e-01,4.539440e-01,4.439440e-01
2.604360e+06,1.907545e+00,1.794386e+00,1.513335e+00,1.677450e+00,1.733733e+00,4.099735e-01,4.270860e-01,5.034677e-01,4.545138e-01,4.446480e-01
2.608070e+06,1.906454e+00,1.795310e+00,1.513517e+00,1.678298e+00,1.735139e+00,4.105832e-01,4.277088e-01,5.038214e-01,4.549986e-01,4.452471e-01
2.617710e+06,1.903630e+00,1.795120e+00,1.513990e+00,1.680499e+00,1.738788e+00,4.121675e-01,4.293272e-01,5.047405e-01,4.562583e-01,4.468036e-01
2.619730e+06,1.903040e+00,1.795080e+00,1.514089e+00,1.680959e+00,1.739552e+00,4.124994e-01,4.296663e-01,5.049331e-01,4.565223e-01,4.471298e-01
2.625520e+06,1.901352e+00,1.793258e+00,1.514374e+00,1.682278e+00,1.741740e+00,4.134510e-01,4.306383e-01,5.054851e-01,4.572790e-01,4.480647e-01
2.635780e+06,1.898374e+00,1.790043e+00,1.514877e+00,1.684610e+00,1.743151e+00,4.151371e-01,4.323607e-01,5.064633e-01,4.586197e-01,4.497214e-01
2.647110e+06,1.895105e+00,1.786514e+00,1.515430e+00,1.685029e+00,1.744705e+00,4.169991e-01,4.342628e-01,5.075435e-01,4.601003e-01,4.515509e-01
2.658860e+06,1.891735e+00,1.782877e+00,1.516018e+00,1.685461e+00,1.746310e+00,4.189301e-01,4.362354e-01,5.086637e-01,4.616358e-01,4.534481e-01
2.665419e+06,1.889863e+00,1.780858e+00,1.516346e+00,1.685702e+00,1.745574e+00,4.200079e-01,4.373365e-01,5.092890e-01,4.624929e-01,4.545072e-01
2.689770e+06,1.882968e+00,1.773422e+00,1.517555e+00,1.686591e+00,1.742860e+00,4.240098e-01,4.414246e-01,5.116107e-01,4.656751e-01,4.584392e-01
2.706030e+06,1.878413e+00,1.768512e+00,1.518357e+00,1.687180e+00,1.736902e+00,4.266820e-01,4.441543e-01,5.131609e-01,4.678000e-01,4.610647e-01
2.728170e+06,1.872272e+00,1.761894e+00,1.519442e+00,1.686310e+00,1.728880e+00,4.303205e-01,4.478712e-01,5.152717e-01,4.706933e-01,4.646396e-01
2.730460e+06,1.871641e+00,1.761214e+00,1.519553e+00,1.686220e+00,1.727355e+00,4.306968e-01,4.482556e-01,5.154901e-01,4.709925e-01,4.650094e-01
2.733700e+06,1.870749e+00,1.760254e+00,1.519711e+00,1.685840e+00,1.725201e+00,4.312293e-01,4.487996e-01,5.157990e-01,4.714159e-01,4.655325e-01
2.743261e+06,1.868126e+00,1.757428e+00,1.520176e+00,1.682041e+00,1.718877e+00,4.328006e-01,4.504047e-01,5.167105e-01,4.726654e-01,4.670764e-01
2.747990e+06,1.866834e+00,1.756036e+00,1.520406e+00,1.680170e+00,1.715766e+00,4.335777e-01,4.511986e-01,5.171614e-01,4.732833e-01,4.678399e-01
2.769720e+06,1.860934e+00,1.749685e+00,1.521456e+00,1.669820e+00,1.701610e+00,4.371488e-01,4.548466e-01,5.192331e-01,4.761230e-01,4.713487e-01
2.773130e+06,1.860014e+00,1.748694e+00,1.521620e+00,1.668209e+00,1.699056e+00,4.377092e-01,4.554191e-01,5.195582e-01,4.765686e-01,4.718993e-01
2.784310e+06,1.857009e+00,1.745460e+00,1.522171e+00,1.662951e+00,1.690730e+00,4.395465e-01,4.572960e-01,5.206241e-01,4.780296e-01,4.737045e-01
2.789550e+06,1.855606e+00,1.743951e+00,1.522428e+00,1.660500e+00,1.685309e+00,4.404076e-01,4.581757e-01,5.211237e-01,4.787144e-01,4.745506e-01
2.792930e+06,1.854703e+00,1.742980e+00,1.522594e+00,1.658561e+00,1.681827e+00,4.409631e-01,4.587431e-01,5.214459e-01,4.791561e-01,4.750964e-01
2.800000e+06,1.852820e+00,1.739730e+00,1.522940e+00,1.654520e+00,1.674580e+00,4.421250e-01,4.599300e-01,5.221200e-01,4.800800e-01,4.762380e-01
2.801220e+06,1.852976e+00,1.739909e+00,1.523100e+00,1.654870e+00,1.674862e+00,4.422955e-01,4.601123e-01,5.222420e-01,4.802493e-01,4.764305e-01
2.805590e+06,1.853535e+00,1.740550e+00,1.523673e+00,1.656124e+00,1.675870e+00,4.429062e-01,4.607655e-01,5.226791e-01,4.808557e-01,4.771202e-01
2.810980e+06,1.854223e+00,1.741340e+00,1.524380e+00,1.657670e+00,1.676195e+00,4.436595e-01,4.615710e-01,5.232181e-01,4.816036e-01,4.779709e-01
2.823378e+06,1.855802e+00,1.743129e+00,1.526001e+00,1.661218e+00,1.676941e+00,4.453921e-01,4.634239e-01,5.244580e-01,4.833239e-01,4.799276e-01
2.847190e+06,1.858820e+00,1.746549e+00,1.529099e+00,1.668012e+00,1.678364e+00,4.487200e-01,4.669828e-01,5.268395e-01,4.866281e-01,4.836858e-01
2.850900e+06,1.858828e+00,1.747080e+00,1.529580e+00,1.669068e+00,1.678585e+00,4.492385e-01,4.675373e-01,5.272105e-01,4.871429e-01,4.842713e-01
2.867100e+06,1.858864e+00,1.749392e+00,1.531705e+00,1.673670e+00,1.679546e+00,4.515026e-01,4.699584e-01,5.288307e-01,4.893908e-01,4.868281e-01
2.874600e+06,1.858881e+00,1.750459e+00,1.532686e+00,1.675330e+00,1.679990e+00,4.525507e-01,4.710793e-01,5.295807e-01,4.904315e-01,4.880117e-01
2.879350e+06,1.858891e+00,1.751133e+00,1.533306e+00,1.675461e+00,1.680270e+00,4.532146e-01,4.717893e-01,5.300558e-01,4.910906e-01,4.887614e-01
2.880780e+06,1.858894e+00,1.751336e+00,1.533493e+00,1.675500e+00,1.680093e+00,4.534144e-01,4.720030e-01,5.301988e-01,4.912890e-01,4.889871e-01
2.900040e+06,1.858936e+00,1.754062e+00,1.535999e+00,1.674740e+00,1.677722e+00,4.561061e-01,4.748815e-01,5.321250e-01,4.939616e-01,4.920268e-01
2.905834e+06,1.858949e+00,1.754879e+00,1.536750e+00,1.674106e+00,1.677012e+00,4.569158e-01,4.757474e-01,5.327044e-01,4.947655e-01,4.929412e-01
2.915930e+06,1.858971e+00,1.756300e+00,1.538057e+00,1.673006e+00,1.675779e+00,4.583268e-01,4.772563e-01,5.337142e-01,4.961664e-01,4.945347e-01
2.916260e+06,1.858971e+00,1.756257e+00,1.538100e+00,1.672970e+00,1.675739e+00,4.583729e-01,4.773056e-01,5.337472e-01,4.962122e-01,4.945867e-01
2.917810e+06,1.858975e+00,1.756056e+00,1.538300e+00,1.672780e+00,1.675550e+00,4.585895e-01,4.775373e-01,5.339022e-01,4.964273e-01,4.948314e-01
2.929460e+06,1.859000e+00,1.754551e+00,1.539823e+00,1.671358e+00,1.674135e+00,4.602177e-01,4.792784e-01,5.350673e-01,4.980439e-01,4.966700e-01
2.936200e+06,1.858062e+00,1.753684e+00,1.540703e+00,1.670538e+00,1.673320e+00,4.611596e-01,4.802858e-01,5.357414e-01,4.989791e-01,4.977338e-01
2.937630e+06,1.857863e+00,1.753500e+00,1.540889e+00,1.670364e+00,1.673013e+00,4.613595e-01,4.804995e-01,5.358844e-01,4.991775e-01,4.979595e-01
2.958590e+06,1.854964e+00,1.748541e+00,1.543613e+00,1.667831e+00,1.668530e+00,4.642887e-01,4.836321e-01,5.379806e-01,5.020859e-01,5.012675e-01
2.959810e+06,1.854796e+00,1.748254e+00,1.543771e+00,1.667684e+00,1.668060e+00,4.644592e-01,4.838144e-01,5.381026e-01,5.022552e-01,5.014600e-01
2.959880e+06,1.854786e+00,1.748238e+00,1.543780e+00,1.667676e+00,1.668018e+00,4.644690e-01,4.838249e-01,5.381096e-01,5.022649e-01,5.014711e-01
2.965420e+06,1.854025e+00,1.746936e+00,1.544505e+00,1.667010e+00,1.664662e+00,4.652433e-01,4.846528e-01,5.386637e-01,5.030337e-01,5.023454e-01
2.975560e+06,1.852635e+00,1.744562e+00,1.545830e+00,1.664260e+00,1.658555e+00,4.666604e-01,4.861683e-01,5.396778e-01,5.044407e-01,5.039458e-01
2.976060e+06,1.852566e+00,1.744446e+00,1.545896e+00,1.664020e+00,1.658255e+00,4.667303e-01,4.862430e-01,5.397278e-01,5.045101e-01,5.040247e-01
2.980120e+06,1.852012e+00,1.743499e+00,1.546425e+00,1.661990e+00,1.655822e+00,4.672977e-01,4.868498e-01,5.401338e-01,5.050735e-01,5.046654e-01
2.981230e+06,1.851860e+00,1.743240e+00,1.546570e+00,1.661199e+00,1.655158e+00,4.674528e-01,4.870157e-01,5.402448e-01,5.052275e-01,5.048406e-01
2.984780e+06,1.851376e+00,1.741460e+00,1.547032e+00,1.658674e+00,1.653039e+00,4.679489e-01,4.875463e-01,5.405998e-01,5.057201e-01,5.054009e-01
2.987690e+06,1.850980e+00,1.739191e+00,1.547411e+00,1.656609e+00,1.651305e+00,4.683556e-01,4.879812e-01,5.408909e-01,5.061239e-01,5.058602e-01
2.989750e+06,1.849904e+00,1.737587e+00,1.547679e+00,1.655150e+00,1.650080e+00,4.686435e-01,4.882891e-01,5.410969e-01,5.064097e-01,5.061853e-01
2.990698e+06,1.849409e+00,1.736851e+00,1.547802e+00,1.654268e+00,1.649517e+00,4.687759e-01,4.884307e-01,5.411917e-01,5.065412e-01,5.063348e-01
2.991780e+06,1.848845e+00,1.736010e+00,1.547943e+00,1.653262e+00,1.648874e+00,4.689272e-01,4.885925e-01,5.412999e-01,5.066914e-01,5.065057e-01
3.000000e+06,1.844570e+00,1.727680e+00,1.549010e+00,1.645650e+00,1.644010e+00,4.700760e-01,4.898210e-01,5.421220e-01,5.078320e-01,5.078030e-01
3.001550e+06,1.844850e+00,1.728166e+00,1.549247e+00,1.646436e+00,1.644630e+00,4.703063e-01,4.900665e-01,5.422943e-01,5.080574e-01,5.080275e-01
3.003430e+06,1.845190e+00,1.728755e+00,1.549535e+00,1.647390e+00,1.645349e+00,4.705857e-01,4.903643e-01,5.425032e-01,5.083308e-01,5.082997e-01
3.012090e+06,1.846753e+00,1.731467e+00,1.550860e+00,1.651696e+00,1.648660e+00,4.718725e-01,4.917359e-01,5.434658e-01,5.095900e-01,5.095538e-01
3.014070e+06,1.847110e+00,1.732086e+00,1.551164e+00,1.652680e+00,1.649417e+00,4.721667e-01,4.920495e-01,5.436859e-01,5.098779e-01,5.098405e-01
3.033780e+06,1.850655e+00,1.738243e+00,1.554179e+00,1.660148e+00,1.656940e+00,4.750954e-01,4.951712e-01,5.458766e-01,5.127439e-01,5.126947e-01
3.046000e+06,1.852845e+00,1.742051e+00,1.556041e+00,1.664770e+00,1.660839e+00,4.769111e-01,4.971067e-01,5.472349e-01,5.145209e-01,5.144643e-01
3.047760e+06,1.853159e+00,1.742598e+00,1.556309e+00,1.665206e+00,1.661400e+00,4.771727e-01,4.973855e-01,5.474305e-01,5.147768e-01,5.147191e-01
3.058170e+06,1.855019e+00,1.745836e+00,1.557891e+00,1.667780e+00,1.663382e+00,4.787195e-01,4.990343e-01,5.485876e-01,5.162905e-01,5.162266e-01
3.073940e+06,1.857827e+00,1.750731e+00,1.560280e+00,1.669565e+00,1.666377e+00,4.810627e-01,5.015320e-01,5.503404e-01,5.185836e-01,5.185103e-01
3.075400e+06,1.858087e+00,1.751184e+00,1.560506e+00,1.669730e+00,1.666654e+00,4.812797e-01,5.017632e-01,5.505027e-01,5.187959e-01,5.187217e-01
3.076550e+06,1.858291e+00,1.751540e+00,1.560683e+00,1.669745e+00,1.666872e+00,4.814506e-01,5.019454e-01,5.506305e-01,5.189631e-01,5.188882e-01
3.078040e+06,1.858556e+00,1.751724e+00,1.560914e+00,1.669764e+00,1.667154e+00,4.816720e-01,5.021814e-01,5.507961e-01,5.191798e-01,5.191040e-01
3.078170e+06,1.858579e+00,1.751740e+00,1.560934e+00,1.669766e+00,1.667178e+00,4.816913e-01,5.022020e-01,5.508106e-01,5.191987e-01,5.191228e-01
3.081400e+06,1.859152e+00,1.751547e+00,1.561433e+00,1.669807e+00,1.667790e+00,4.821712e-01,5.027135e-01,5.511696e-01,5.196684e-01,5.195905e-01
3.090200e+06,1.860713e+00,1.751022e+00,1.562790e+00,1.669920e+00,1.668289e+00,4.834788e-01,5.041073e-01,5.521477e-01,5.209480e-01,5.208649e-01
3.090750e+06,1.860810e+00,1.750989e+00,1.562874e+00,1.669903e+00,1.668320e+00,4.835605e-01,5.041944e-01,5.522089e-01,5.210280e-01,5.209445e-01
3.093050e+06,1.860742e+00,1.750852e+00,1.563228e+00,1.669829e+00,1.668450e+00,4.839023e-01,5.045587e-01,5.524645e-01,5.213624e-01,5.212776e-01
3.101860e+06,1.860484e+00,1.750329e+00,1.564583e+00,1.669550e+00,1.667857e+00,4.852114e-01,5.059541e-01,5.534437e-01,5.226435e-01,5.225533e-01
3.103030e+06,1.860450e+00,1.750259e+00,1.564763e+00,1.669411e+00,1.667778e+00,4.853852e-01,5.061394e-01,5.535738e-01,5.228136e-01,5.227228e-01
3.111800e+06,1.859278e+00,1.749740e+00,1.566109e+00,1.668372e+00,1.667190e+00,4.866884e-01,5.075284e-01,5.545486e-01,5.240888e-01,5.239928e-01
3.123340e+06,1.857742e+00,1.749059e+00,1.567876e+00,1.667010e+00,1.665052e+00,4.884031e-01,5.093562e-01,5.558312e-01,5.257669e-01,5.256639e-01
3.123500e+06,1.857720e+00,1.749050e+00,1.567900e+00,1.666974e+00,1.665023e+00,4.884269e-01,5.093815e-01,5.558490e-01,5.257901e-01,5.256870e-01
3.131050e+06,1.856719e+00,1.748122e+00,1.569054e+00,1.665281e+00,1.663630e+00,4.895487e-01,5.105774e-01,5.566882e-01,5.268880e-01,5.267804e-01
3.137590e+06,1.855854e+00,1.747320e+00,1.570052e+00,1.663819e+00,1.662041e+00,4.905205e-01,5.116132e-01,5.574151e-01,5.278390e-01,5.277274e-01
3.151820e+06,1.853980e+00,1.742739e+00,1.572217e+00,1.660652e+00,1.658599e+00,4.926349e-01,5.138670e-01,5.589968e-01,5.299081e-01,5.297881e-01
3.167933e+06,1.850049e+00,1.737592e+00,1.574662e+00,1.657091e+00,1.654729e+00,4.950292e-01,5.164191e-01,5.607878e-01,5.322512e-01,5.321214e-01
3.172880e+06,1.848848e+00,1.736020e+00,1.575410e+00,1.656003e+00,1.653547e+00,4.957642e-01,5.172026e-01,5.613376e-01,5.329705e-01,5.328378e-01
3.173410e+06,1.848720e+00,1.735840e+00,1.575490e+00,1.655886e+00,1.653420e+00,4.958430e-01,5.172865e-01,5.613965e-01,5.330475e-01,5.329145e-01
3.174910e+06,1.848356e+00,1.735330e+00,1.575717e+00,1.655557e+00,1.652891e+00,4.960659e-01,5.175241e-01,5.615632e-01,5.332657e-01,5.331317e-01
3.183020e+06,1.846394e+00,1.732100e+00,1.576942e+00,1.653780e+00,1.650037e+00,4.972709e-01,5.188086e-01,5.624647e-01,5.344449e-01,5.343061e-01
3.183240e+06,1.846341e+00,1.731995e+00,1.576975e+00,1.653732e+00,1.649960e+00,4.973036e-01,5.188435e-01,5.624891e-01,5.344769e-01,5.343380e-01
3.200000e+06,1.842310e+00,1.724030e+00,1.579500e+00,1.650080e+00,1.641740e+00,4.997940e-01,5.214980e-01,5.643520e-01,5.369140e-01,5.367650e-01
3.208060e+06,1.847770e+00,1.728548e+00,1.581485e+00,1.651079e+00,1.646320e+00,5.010545e-01,5.226556e-01,5.651521e-01,5.380343e-01,5.378100e-01
3.224480e+06,1.858899e+00,1.737754e+00,1.585523e+00,1.653109e+00,1.654520e+00,5.036225e-01,5.250137e-01,5.667821e-01,5.403165e-01,5.399388e-01
3.226280e+06,1.860120e+00,1.738764e+00,1.585965e+00,1.653331e+00,1.655277e+00,5.039040e-01,5.252722e-01,5.669608e-01,5.405667e-01,5.401721e-01
3.226630e+06,1.860304e+00,1.738960e+00,1.586051e+00,1.653374e+00,1.655424e+00,5.039588e-01,5.253225e-01,5.669956e-01,5.406153e-01,5.402175e-01
3.237450e+06,1.865977e+00,1.744510e+00,1.588704e+00,1.654707e+00,1.659970e+00,5.056509e-01,5.268764e-01,5.680697e-01,5.421192e-01,5.416203e-01
3.240280e+06,1.867460e+00,1.745961e+00,1.589398e+00,1.655055e+00,1.661018e+00,5.060935e-01,5.272829e-01,5.683506e-01,5.425125e-01,5.419872e-01
3.260452e+06,1.876591e+00,1.756305e+00,1.594331e+00,1.657528e+00,1.668483e+00,5.092483e-01,5.301799e-01,5.703531e-01,5.453162e-01,5.446024e-01
3.262120e+06,1.877346e+00,1.757160e+00,1.594739e+00,1.657732e+00,1.669099e+00,5.095092e-01,5.304195e-01,5.705187e-01,5.455481e-01,5.448187e-01
3.266830e+06,1.879476e+00,1.759569e+00,1.595888e+00,1.658308e+00,1.670840e+00,5.102458e-01,5.310959e-01,5.709862e-01,5.462027e-01,5.454293e-01
3.268200e+06,1.880096e+00,1.760270e+00,1.596222e+00,1.658475e+00,1.671263e+00,5.104600e-01,5.312927e-01,5.711222e-01,5.463931e-01,5.456069e-01
3.273270e+06,1.882388e+00,1.762460e+00,1.597458e+00,1.659094e+00,1.672827e+00,5.112529e-01,5.320208e-01,5.716255e-01,5.470978e-01,5.462642e-01
3.274740e+06,1.883052e+00,1.762997e+00,1.597817e+00,1.659273e+00,1.673280e+00,5.114828e-01,5.322319e-01,5.717714e-01,5.473021e-01,5.464548e-01
3.278750e+06,1.884864e+00,1.764460e+00,1.598793e+00,1.659762e+00,1.674335e+00,5.121100e-01,5.328078e-01,5.721695e-01,5.478595e-01,5.469747e-01
3.288770e+06,1.889390e+00,1.768117e+00,1.601231e+00,1.660981e+00,1.676970e+00,5.136770e-01,5.342469e-01,5.731642e-01,5.492521e-01,5.482737e-01
3.295580e+06,1.891602e+00,1.770600e+00,1.602886e+00,1.661808e+00,1.678758e+00,5.147421e-01,5.352249e-01,5.738402e-01,5.501987e-01,5.491566e-01
3.311420e+06,1.896740e+00,1.775026e+00,1.606729e+00,1.663727e+00,1.682910e+00,5.172193e-01,5.374998e-01,5.754127e-01,5.524003e-01,5.512102e-01
3.343650e+06,1.907160e+00,1.784002e+00,1.614520e+00,1.667609e+00,1.689932e+00,5.222599e-01,5.421285e-01,5.786121e-01,5.568799e-01,5.553887e-01
3.344860e+06,1.907390e+00,1.784338e+00,1.614812e+00,1.667754e+00,1.690195e+00,5.224491e-01,5.423023e-01,5.787323e-01,5.570481e-01,5.555456e-01
3.355672e+06,1.909414e+00,1.787339e+00,1.617416e+00,1.669050e+00,1.692542e+00,5.241401e-01,5.438551e-01,5.798056e-01,5.585509e-01,5.569474e-01
3.356310e+06,1.909533e+00,1.787516e+00,1.617570e+00,1.669127e+00,1.692680e+00,5.242398e-01,5.439467e-01,5.798689e-01,5.586395e-01,5.570301e-01
3.361700e+06,1.910540e+00,1.789010e+00,1.618866e+00,1.669771e+00,1.692023e+00,5.250828e-01,5.447208e-01,5.804040e-01,5.593887e-01,5.577289e-01
3.371630e+06,1.910805e+00,1.791760e+00,1.621253e+00,1.670957e+00,1.690817e+00,5.266358e-01,5.461469e-01,5.813897e-01,5.607689e-01,5.590163e-01
3.382700e+06,1.911100e+00,1.788486e+00,1.623909e+00,1.672275e+00,1.689478e+00,5.283671e-01,5.477368e-01,5.824886e-01,5.623075e-01,5.604514e-01
3.383500e+06,1.911010e+00,1.788250e+00,1.624101e+00,1.672371e+00,1.689381e+00,5.284922e-01,5.478517e-01,5.825680e-01,5.624187e-01,5.605552e-01
3.392720e+06,1.909979e+00,1.785520e+00,1.626309e+00,1.673466e+00,1.688270e+00,5.299341e-01,5.491758e-01,5.834833e-01,5.637002e-01,5.617505e-01
3.393250e+06,1.909920e+00,1.785362e+00,1.626436e+00,1.673529e+00,1.688206e+00,5.300170e-01,5.492519e-01,5.835359e-01,5.637738e-01,5.618192e-01
3.399340e+06,1.908380e+00,1.783548e+00,1.627893e+00,1.674251e+00,1.687474e+00,5.309694e-01,5.501265e-01,5.841405e-01,5.646203e-01,5.626088e-01
3.420540e+06,1.900020e+00,1.777271e+00,1.632955e+00,1.676758e+00,1.684940e+00,5.342850e-01,5.531712e-01,5.862450e-01,5.675669e-01,5.653573e-01
3.425880e+06,1.897501e+00,1.775700e+00,1.634228e+00,1.677388e+00,1.684304e+00,5.351201e-01,5.539381e-01,5.867751e-01,5.683091e-01,5.660496e-01
3.429940e+06,1.895592e+00,1.774500e+00,1.635195e+00,1.677866e+00,1.683822e+00,5.357551e-01,5.545212e-01,5.871781e-01,5.688734e-01,5.665760e-01
3.453674e+06,1.884509e+00,1.767463e+00,1.640835e+00,1.680652e+00,1.681017e+00,5.394669e-01,5.579298e-01,5.895342e-01,5.721721e-01,5.696530e-01
3.462790e+06,1.880290e+00,1.764780e+00,1.642997e+00,1.681719e+00,1.679946e+00,5.408926e-01,5.592390e-01,5.904392e-01,5.734392e-01,5.708348e-01
3.465890e+06,1.878860e+00,1.763862e+00,1.643731e+00,1.682081e+00,1.679582e+00,5.413774e-01,5.596842e-01,5.907469e-01,5.738701e-01,5.712368e-01
3.472380e+06,1.875670e+00,1.761943e+00,1.645268e+00,1.682838e+00,1.678823e+00,5.423924e-01,5.606163e-01,5.913912e-01,5.747721e-01,5.720782e-01
3.473440e+06,1.874946e+00,1.761630e+00,1.645518e+00,1.682962e+00,1.678699e+00,5.425582e-01,5.607685e-01,5.914964e-01,5.749194e-01,5.722156e-01
3.477450e+06,1.872210e+00,1.760437e+00,1.646467e+00,1.683429e+00,1.678231e+00,5.431853e-01,5.613444e-01,5.918945e-01,5.754768e-01,5.727355e-01
3.481510e+06,1.869330e+00,1.759232e+00,1.647426e+00,1.683902e+00,1.677757e+00,5.438203e-01,5.619275e-01,5.922975e-01,5.760411e-01,5.732618e-01
3.494230e+06,1.857257e+00,1.755470e+00,1.650430e+00,1.685381e+00,1.676279e+00,5.458096e-01,5.637543e-01,5.935602e-01,5.778090e-01,5.749109e-01
3.500000e+06,1.851820e+00,1.753760e+00,1.651790e+00,1.686050e+00,1.675610e+00,5.467120e-01,5.645830e-01,5.941330e-01,5.786110e-01,5.756590e-01
3.505850e+06,1.854800e+00,1.754773e+00,1.653393e+00,1.687214e+00,1.676689e+00,5.475904e-01,5.653902e-01,5.947329e-01,5.793492e-01,5.763695e-01
3.514510e+06,1.858758e+00,1.756270e+00,1.655763e+00,1.688935e+00,1.678285e+00,5.488908e-01,5.665852e-01,5.956209e-01,5.804421e-01,5.774214e-01
3.532530e+06,1.866990e+00,1.759386e+00,1.660687e+00,1.692509e+00,1.681598e+00,5.515967e-01,5.690717e-01,5.974688e-01,5.827161e-01,5.796101e-01
3.537830e+06,1.868747e+00,1.760300e+00,1.662134e+00,1.693558e+00,1.682570e+00,5.523926e-01,5.698030e-01,5.980123e-01,5.833850e-01,5.802538e-01
3.539740e+06,1.869380e+00,1.760629e+00,1.662655e+00,1.693936e+00,1.682920e+00,5.526794e-01,5.700665e-01,5.982081e-01,5.836260e-01,5.804858e-01
3.548680e+06,1.871578e+00,1.762170e+00,1.665092e+00,1.695702e+00,1.684558e+00,5.540218e-01,5.713001e-01,5.991249e-01,5.847542e-01,5.815717e-01
3.554537e+06,1.873016e+00,1.763187e+00,1.666687e+00,1.696859e+00,1.685629e+00,5.549013e-01,5.721083e-01,5.997255e-01,5.854933e-01,5.822831e-01
3.596850e+06,1.883370e+00,1.770500e+00,1.678179e+00,1.705178e+00,1.693338e+00,5.612550e-01,5.779468e-01,6.040645e-01,5.908330e-01,5.874224e-01
3.614090e+06,1.887570e+00,1.773489e+00,1.682846e+00,1.708551e+00,1.696463e+00,5.638438e-01,5.803257e-01,6.058324e-01,5.930086e-01,5.895164e-01
3.619470e+06,1.888250e+00,1.774420e+00,1.684300e+00,1.709601e+00,1.697436e+00,5.646516e-01,5.810681e-01,6.063841e-01,5.936875e-01,5.901698e-01
3.632760e+06,1.887680e+00,1.776716e+00,1.687888e+00,1.712193e+00,1.699837e+00,5.666472e-01,5.829019e-01,6.077469e-01,5.953646e-01,5.917840e-01
3.642090e+06,1.886790e+00,1.778325e+00,1.690404e+00,1.714009e+00,1.701519e+00,5.680482e-01,5.841893e-01,6.087036e-01,5.965420e-01,5.929173e-01
3.652520e+06,1.884706e+00,1.780120e+00,1.693214e+00,1.716036e+00,1.703396e+00,5.696144e-01,5.856285e-01,6.097732e-01,5.978583e-01,5.941841e-01
3.658347e+06,1.883546e+00,1.781124e+00,1.694781e+00,1.717167e+00,1.704443e+00,5.704893e-01,5.864324e-01,6.103706e-01,5.985935e-01,5.948918e-01
3.660120e+06,1.883193e+00,1.781430e+00,1.695258e+00,1.717511e+00,1.704762e+00,5.707556e-01,5.866772e-01,6.105525e-01,5.988173e-01,5.951072e-01
3.683580e+06,1.878550e+00,1.785489e+00,1.701560e+00,1.722052e+00,1.708967e+00,5.742784e-01,5.899143e-01,6.129582e-01,6.017779e-01,5.979566e-01
3.689470e+06,1.876550e+00,1.786505e+00,1.703139e+00,1.723189e+00,1.710020e+00,5.751628e-01,5.907270e-01,6.135622e-01,6.025212e-01,5.986720e-01
3.700000e+06,1.872390e+00,1.788320e+00,1.705960e+00,1.725220e+00,1.711900e+00,5.767440e-01,5.921800e-01,6.146420e-01,6.038500e-01,5.999510e-01
3.720000e+06,1.885760e+00,1.792448e+00,1.711647e+00,1.729769e+00,1.716047e+00,5.794716e-01,5.945718e-01,6.164539e-01,6.060173e-01,6.021093e-01
3.765187e+06,1.890562e+00,1.801729e+00,1.724452e+00,1.739999e+00,1.725371e+00,5.856343e-01,5.999758e-01,6.205478e-01,6.109142e-01,6.069858e-01
3.875149e+06,1.902062e+00,1.824051e+00,1.755370e+00,1.764636e+00,1.747807e+00,6.006308e-01,6.131260e-01,6.305099e-01,6.228303e-01,6.188525e-01
3.988321e+06,1.913631e+00,1.846649e+00,1.786842e+00,1.789622e+00,1.770535e+00,6.160653e-01,6.266603e-01,6.407629e-01,6.350944e-01,6.310657e-01
4.000000e+06,1.914810e+00,1.848960e+00,1.790070e+00,1.792180e+00,1.772860e+00,6.176580e-01,6.280570e-01,6.418210e-01,6.363600e-01,6.323260e-01
4.104799e+06,1.933570e+00,1.872293e+00,1.818651e+00,1.818853e+00,1.798003e+00,6.293110e-01,6.384311e-01,6.502336e-01,6.452539e-01,6.412163e-01
4.147910e+06,1.941200e+00,1.881802e+00,1.830327e+00,1.829741e+00,1.808262e+00,6.341047e-01,6.426986e-01,6.536943e-01,6.489125e-01,6.448735e-01
4.224678e+06,1.955168e+00,1.898609e+00,1.851001e+00,1.849009e+00,1.826409e+00,6.426409e-01,6.502979e-01,6.598568e-01,6.554276e-01,6.513859e-01
4.348059e+06,1.977297e+00,1.925296e+00,1.883926e+00,1.879665e+00,1.855264e+00,6.563601e-01,6.625114e-01,6.697611e-01,6.658984e-01,6.618525e-01
4.475043e+06,1.999677e+00,1.952358e+00,1.917437e+00,1.910830e+00,1.884574e+00,6.704799e-01,6.750815e-01,6.799546e-01,6.766750e-01,6.726248e-01
4.500000e+06,2.004030e+00,1.957630e+00,1.923980e+00,1.916910e+00,1.890290e+00,6.732550e-01,6.775520e-01,6.819580e-01,6.787930e-01,6.747420e-01
4.605735e+06,2.024996e+00,1.981266e+00,1.949580e+00,1.941599e+00,1.914914e+00,6.816161e-01,6.851465e-01,6.888796e-01,6.858267e-01,6.817260e-01
4.648580e+06,2.033416e+00,1.990769e+00,1.959882e+00,1.951530e+00,1.924821e+00,6.850041e-01,6.882239e-01,6.916843e-01,6.886768e-01,6.845560e-01
4.740244e+06,2.051288e+00,2.010959e+00,1.981784e+00,1.973143e+00,1.945881e+00,6.922526e-01,6.948078e-01,6.976849e-01,6.947745e-01,6.906106e-01
4.878682e+06,2.077921e+00,2.041097e+00,2.014520e+00,2.005442e+00,1.977348e+00,7.031996e-01,7.047512e-01,7.067473e-01,7.039837e-01,6.997547e-01
5.000000e+06,2.100920e+00,2.067170e+00,2.042880e+00,2.033420e+00,2.004600e+00,7.127930e-01,7.134650e-01,7.146890e-01,7.120540e-01,7.077680e-01
5.021162e+06,2.104032e+00,2.070498e+00,2.046611e+00,2.037207e+00,2.008595e+00,7.139511e-01,7.145545e-01,7.157201e-01,7.130960e-01,7.087988e-01
5.076640e+06,2.112151e+00,2.079180e+00,2.056352e+00,2.047094e+00,2.019028e+00,7.169872e-01,7.174107e-01,7.184233e-01,7.158275e-01,7.115010e-01
5.167804e+06,2.125367e+00,2.094136e+00,2.072226e+00,2.063209e+00,2.036041e+00,7.219762e-01,7.221042e-01,7.228652e-01,7.203161e-01,7.159414e-01
5.318728e+06,2.146918e+00,2.118554e+00,2.098162e+00,2.089543e+00,2.063861e+00,7.302357e-01,7.298744e-01,7.302190e-01,7.277472e-01,7.232926e-01
5.380520e+06,2.155627e+00,2.128432e+00,2.108660e+00,2.100204e+00,2.075131e+00,7.336173e-01,7.330557e-01,7.332298e-01,7.307897e-01,7.263024e-01
5.474060e+06,2.168688e+00,2.143257e+00,2.125246e+00,2.116213e+00,2.092062e+00,7.387364e-01,7.378715e-01,7.377876e-01,7.353953e-01,7.308585e-01
5.633928e+06,2.190679e+00,2.168248e+00,2.153240e+00,2.143224e+00,2.120648e+00,7.474853e-01,7.461022e-01,7.455771e-01,7.432667e-01,7.386454e-01
5.798465e+06,2.212892e+00,2.193530e+00,2.181602e+00,2.170579e+00,2.149624e+00,7.564898e-01,7.545732e-01,7.535942e-01,7.513680e-01,7.466596e-01
5.967808e+06,2.235331e+00,2.219107e+00,2.210338e+00,2.198283e+00,2.178996e+00,7.657572e-01,7.632916e-01,7.618454e-01,7.597060e-01,7.549080e-01
6.000000e+06,2.239550e+00,2.223920e+00,2.215750e+00,2.203500e+00,2.184530e+00,7.675190e-01,7.649490e-01,7.634140e-01,7.612910e-01,7.564760e-01
6.034370e+06,2.241670e+00,2.226774e+00,2.218986e+00,2.206848e+00,2.188407e+00,7.686884e-01,7.661090e-01,7.645686e-01,7.624522e-01,7.576543e-01
6.142096e+06,2.248683e+00,2.235638e+00,2.229039e+00,2.217250e+00,2.200460e+00,7.723537e-01,7.697446e-01,7.681874e-01,7.660917e-01,7.613473e-01
6.309730e+06,2.259398e+00,2.249196e+00,2.244426e+00,2.233174e+00,2.218930e+00,7.780573e-01,7.754021e-01,7.738188e-01,7.717552e-01,7.670942e-01
6.321474e+06,2.260140e+00,2.250135e+00,2.245492e+00,2.234278e+00,2.220246e+00,7.784568e-01,7.757984e-01,7.742133e-01,7.721520e-01,7.674968e-01
6.373280e+06,2.263399e+00,2.254262e+00,2.250179e+00,2.239130e+00,2.226033e+00,7.802195e-01,7.775468e-01,7.759536e-01,7.739023e-01,7.692728e-01
6.484320e+06,2.270311e+00,2.263022e+00,2.260130e+00,2.250030e+00,2.238330e+00,7.839975e-01,7.812943e-01,7.796838e-01,7.776538e-01,7.730795e-01
6.506091e+06,2.271655e+00,2.264725e+00,2.262066e+00,2.252151e+00,2.240748e+00,7.847382e-01,7.820291e-01,7.804151e-01,7.783893e-01,7.738258e-01
6.511880e+06,2.272012e+00,2.265178e+00,2.262580e+00,2.252714e+00,2.241390e+00,7.849352e-01,7.822244e-01,7.806096e-01,7.785849e-01,7.740243e-01
6.588690e+06,2.276720e+00,2.271150e+00,2.269369e+00,2.260153e+00,2.249920e+00,7.875486e-01,7.848167e-01,7.831899e-01,7.811799e-01,7.766575e-01
6.595070e+06,2.277109e+00,2.271643e+00,2.269930e+00,2.260768e+00,2.250630e+00,7.877657e-01,7.850320e-01,7.834042e-01,7.813954e-01,7.768762e-01
6.684440e+06,2.282527e+00,2.278519e+00,2.277749e+00,2.269339e+00,2.260550e+00,7.908064e-01,7.880482e-01,7.864064e-01,7.844148e-01,7.799400e-01
6.696099e+06,2.283229e+00,2.279411e+00,2.278763e+00,2.270451e+00,2.261857e+00,7.912031e-01,7.884417e-01,7.867981e-01,7.848087e-01,7.803397e-01
6.876710e+06,2.293982e+00,2.293073e+00,2.294310e+00,2.287504e+00,2.281916e+00,7.973482e-01,7.945371e-01,7.928653e-01,7.909106e-01,7.865314e-01
6.882740e+06,2.294337e+00,2.293524e+00,2.294854e+00,2.288067e+00,2.282580e+00,7.975533e-01,7.947406e-01,7.930679e-01,7.911144e-01,7.867381e-01
6.891657e+06,2.294862e+00,2.294191e+00,2.295657e+00,2.288900e+00,2.283576e+00,7.978567e-01,7.950415e-01,7.933674e-01,7.914156e-01,7.870438e-01
6.999580e+06,2.301166e+00,2.302209e+00,2.305323e+00,2.298921e+00,2.295560e+00,8.015287e-01,7.986838e-01,7.969929e-01,7.950618e-01,7.907436e-01
7.000000e+06,2.301190e+00,2.302240e+00,2.305360e+00,2.298960e+00,2.295600e+00,8.015430e-01,7.986980e-01,7.970070e-01,7.950760e-01,7.907580e-01
7.092926e+06,2.300498e+00,2.303339e+00,2.307282e+00,2.301597e+00,2.299736e+00,8.037127e-01,8.009277e-01,7.992735e-01,7.973925e-01,7.931914e-01
7.101610e+06,2.300433e+00,2.303441e+00,2.307461e+00,2.301842e+00,2.300120e+00,8.039155e-01,8.011360e-01,7.994854e-01,7.976090e-01,7.934188e-01
7.299370e+06,2.298992e+00,2.305731e+00,2.311470e+00,2.307344e+00,2.309074e+00,8.085330e-01,8.058811e-01,8.043089e-01,8.025390e-01,7.985973e-01
7.300072e+06,2.298987e+00,2.305739e+00,2.311485e+00,2.307363e+00,2.309105e+00,8.085494e-01,8.058979e-01,8.043261e-01,8.025565e-01,7.986157e-01
7.513269e+06,2.297478e+00,2.308142e+00,2.315970e+00,2.313144e+00,2.318527e+00,8.135273e-01,8.110134e-01,8.095261e-01,8.078713e-01,8.041985e-01
7.609150e+06,2.296813e+00,2.309201e+00,2.317948e+00,2.315695e+00,2.322690e+00,8.157660e-01,8.133139e-01,8.118648e-01,8.102615e-01,8.067092e-01
7.732692e+06,2.295970e+00,2.310547e+00,2.320464e+00,2.318939e+00,2.328264e+00,8.186506e-01,8.162782e-01,8.148781e-01,8.133413e-01,8.099443e-01
7.958523e+06,2.294462e+00,2.312955e+00,2.324966e+00,2.324749e+00,2.338260e+00,8.239235e-01,8.216968e-01,8.203863e-01,8.189710e-01,8.158579e-01
8.000000e+06,2.294190e+00,2.313390e+00,2.325780e+00,2.325800e+00,2.340070e+00,8.248920e-01,8.226920e-01,8.213980e-01,8.200050e-01,8.169440e-01
8.190949e+06,2.282956e+00,2.304974e+00,2.319540e+00,2.320846e+00,2.338622e+00,8.279195e-01,8.259114e-01,8.247327e-01,8.234661e-01,8.206795e-01
8.430163e+06,2.269321e+00,2.294745e+00,2.311948e+00,2.314815e+00,2.336857e+00,8.317122e-01,8.299446e-01,8.289104e-01,8.278021e-01,8.253593e-01
8.651400e+06,2.257120e+00,2.285578e+00,2.305137e+00,2.309401e+00,2.335269e+00,8.352199e-01,8.336746e-01,8.327740e-01,8.318123e-01,8.296873e-01
8.676364e+06,2.255667e+00,2.284561e+00,2.304381e+00,2.308800e+00,2.335093e+00,8.356157e-01,8.340955e-01,8.332100e-01,8.322648e-01,8.301757e-01
8.808050e+06,2.248086e+00,2.279250e+00,2.300431e+00,2.305659e+00,2.334170e+00,8.377036e-01,8.363157e-01,8.355098e-01,8.346517e-01,8.327519e-01
8.929754e+06,2.241201e+00,2.274084e+00,2.296839e+00,2.302800e+00,2.333330e+00,8.396333e-01,8.383677e-01,8.376352e-01,8.368577e-01,8.351328e-01
9.000000e+06,2.237280e+00,2.271140e+00,2.294790e+00,2.301170e+00,2.332850e+00,8.407470e-01,8.395520e-01,8.388620e-01,8.381310e-01,8.365070e-01
9.190545e+06,2.219540e+00,2.256202e+00,2.281337e+00,2.288918e+00,2.337705e+00,8.426424e-01,8.416932e-01,8.411253e-01,8.405183e-01,8.391459e-01
9.458952e+06,2.195394e+00,2.235837e+00,2.262981e+00,2.272189e+00,2.344393e+00,8.453122e-01,8.447092e-01,8.443134e-01,8.438812e-01,8.428630e-01
9.553560e+06,2.187108e+00,2.228839e+00,2.256670e+00,2.266434e+00,2.346710e+00,8.462533e-01,8.457724e-01,8.454372e-01,8.450666e-01,8.441733e-01
9.735198e+06,2.171512e+00,2.215656e+00,2.244773e+00,2.255583e+00,2.321372e+00,8.480600e-01,8.478134e-01,8.475947e-01,8.473423e-01,8.466888e-01
9.874260e+06,2.159840e+00,2.205780e+00,2.235856e+00,2.247445e+00,2.302472e+00,8.494433e-01,8.493761e-01,8.492465e-01,8.490846e-01,8.486146e-01
1.000000e+07,2.149480e+00,2.196380e+00,2.227930e+00,2.240210e+00,2.285740e+00,8.506940e-01,8.507890e-01,8.507400e-01,8.506600e-01,8.503560e-01
1.001951e+07,2.147195e+00,2.194381e+00,2.226151e+00,2.241561e+00,2.284157e+00,8.507967e-01,8.509149e-01,8.508774e-01,8.508087e-01,8.505267e-01
1.013790e+07,2.133478e+00,2.182376e+00,2.215460e+00,2.249720e+00,2.274640e+00,8.514198e-01,8.516787e-01,8.517111e-01,8.517109e-01,8.515626e-01
1.031213e+07,2.113735e+00,2.165076e+00,2.198945e+00,2.261609e+00,2.260904e+00,8.523367e-01,8.528029e-01,8.529380e-01,8.530387e-01,8.530871e-01
1.033530e+07,2.111148e+00,2.162808e+00,2.196779e+00,2.263180e+00,2.259101e+00,8.524587e-01,8.529524e-01,8.531012e-01,8.532153e-01,8.532899e-01
1.061329e+07,2.080796e+00,2.136162e+00,2.171325e+00,2.215786e+00,2.237888e+00,8.539218e-01,8.547460e-01,8.550588e-01,8.553339e-01,8.557223e-01
1.090280e+07,2.050466e+00,2.109480e+00,2.145817e+00,2.168744e+00,2.216582e+00,8.554454e-01,8.566139e-01,8.570975e-01,8.575402e-01,8.582555e-01
1.092325e+07,2.048370e+00,2.107500e+00,2.144052e+00,2.165506e+00,2.215106e+00,8.555531e-01,8.567458e-01,8.572415e-01,8.576961e-01,8.584344e-01
1.100000e+07,2.040560e+00,2.100120e+00,2.137470e+00,2.153450e+00,2.209600e+00,8.559570e-01,8.572410e-01,8.577820e-01,8.582810e-01,8.591060e-01
1.115730e+07,2.023990e+00,2.081912e+00,2.120017e+00,2.137400e+00,2.193503e+00,8.561384e-01,8.575948e-01,8.582180e-01,8.587954e-01,8.597682e-01
1.124226e+07,2.015193e+00,2.072249e+00,2.110751e+00,2.128274e+00,2.184951e+00,8.562363e-01,8.577858e-01,8.584535e-01,8.590732e-01,8.601259e-01
1.157059e+07,1.982155e+00,2.035986e+00,2.075955e+00,2.093999e+00,2.152801e+00,8.566149e-01,8.585243e-01,8.593637e-01,8.601468e-01,8.615082e-01
1.170440e+07,1.969110e+00,2.021679e+00,2.062217e+00,2.080462e+00,2.140091e+00,8.567692e-01,8.588252e-01,8.597346e-01,8.605844e-01,8.620715e-01
1.190850e+07,1.940775e+00,2.000358e+00,2.041733e+00,2.060275e+00,2.121124e+00,8.570045e-01,8.592842e-01,8.603004e-01,8.612518e-01,8.629308e-01
1.195240e+07,1.934797e+00,1.995849e+00,2.037400e+00,2.056004e+00,2.117109e+00,8.570551e-01,8.593829e-01,8.604221e-01,8.613953e-01,8.631156e-01
1.200000e+07,1.928360e+00,1.990990e+00,2.032400e+00,2.051400e+00,2.112780e+00,8.571100e-01,8.594900e-01,8.605540e-01,8.615510e-01,8.633160e-01
1.219760e+07,1.903819e+00,1.967043e+00,2.008678e+00,2.028867e+00,2.090880e+00,8.566630e-01,8.592329e-01,8.603866e-01,8.614575e-01,8.633810e-01
1.225629e+07,1.896667e+00,1.960060e+00,2.001759e+00,2.022292e+00,2.084044e+00,8.565303e-01,8.591566e-01,8.603369e-01,8.614298e-01,8.634003e-01
1.226940e+07,1.895077e+00,1.958508e+00,2.000221e+00,2.020830e+00,2.082524e+00,8.565006e-01,8.591395e-01,8.603258e-01,8.614236e-01,8.634046e-01
1.261423e+07,1.854331e+00,1.918699e+00,1.960763e+00,1.980662e+00,2.043512e+00,8.557206e-01,8.586909e-01,8.600337e-01,8.612605e-01,8.635181e-01
1.298262e+07,1.812941e+00,1.878210e+00,1.920606e+00,1.939789e+00,2.003768e+00,8.548873e-01,8.582116e-01,8.597217e-01,8.610862e-01,8.636393e-01
1.300000e+07,1.811040e+00,1.876350e+00,1.918760e+00,1.937910e+00,2.001940e+00,8.548480e-01,8.581890e-01,8.597070e-01,8.610780e-01,8.636450e-01
1.320220e+07,1.787060e+00,1.850503e+00,1.893318e+00,1.912089e+00,1.976375e+00,8.538073e-01,8.573125e-01,8.589067e-01,8.603622e-01,8.630697e-01
1.336178e+07,1.767265e+00,1.830628e+00,1.873747e+00,1.892227e+00,1.956699e+00,8.529859e-01,8.566207e-01,8.582751e-01,8.597973e-01,8.626157e-01
1.375200e+07,1.720726e+00,1.783875e+00,1.827674e+00,1.845475e+00,1.910352e+00,8.509774e-01,8.549291e-01,8.567306e-01,8.584159e-01,8.615056e-01
1.400000e+07,1.692450e+00,1.755450e+00,1.799640e+00,1.817030e+00,1.882130e+00,8.497010e-01,8.538540e-01,8.557490e-01,8.575380e-01,8.608000e-01
1.415363e+07,1.674445e+00,1.737044e+00,1.781167e+00,1.798015e+00,1.862688e+00,8.485697e-01,8.528202e-01,8.547633e-01,8.565992e-01,8.599606e-01
1.456698e+07,1.627867e+00,1.689416e+00,1.733345e+00,1.748809e+00,1.812364e+00,8.455258e-01,8.500388e-01,8.521113e-01,8.540732e-01,8.577020e-01
1.498900e+07,1.582938e+00,1.643454e+00,1.687170e+00,1.701323e+00,1.763780e+00,8.424180e-01,8.471990e-01,8.494036e-01,8.514942e-01,8.553961e-01
1.499240e+07,1.582585e+00,1.643094e+00,1.686808e+00,1.700950e+00,1.763374e+00,8.423929e-01,8.471761e-01,8.493817e-01,8.514734e-01,8.553775e-01
1.500000e+07,1.581800e+00,1.642290e+00,1.686000e+00,1.700120e+00,1.762470e+00,8.423370e-01,8.471250e-01,8.493330e-01,8.514270e-01,8.553360e-01
1.520960e+07,1.559304e+00,1.618720e+00,1.660749e+00,1.675249e+00,1.736674e+00,8.404296e-01,8.453170e-01,8.475761e-01,8.497259e-01,8.537439e-01
1.536730e+07,1.542790e+00,1.600929e+00,1.642225e+00,1.656997e+00,1.717744e+00,8.389946e-01,8.439567e-01,8.462543e-01,8.484460e-01,8.525460e-01
1.541790e+07,1.537201e+00,1.595300e+00,1.636365e+00,1.651222e+00,1.711754e+00,8.385341e-01,8.435202e-01,8.458302e-01,8.480353e-01,8.521616e-01
1.543025e+07,1.535843e+00,1.593856e+00,1.634940e+00,1.649819e+00,1.710298e+00,8.384217e-01,8.434136e-01,8.457266e-01,8.479351e-01,8.520678e-01
1.571490e+07,1.505161e+00,1.561261e+00,1.602762e+00,1.618100e+00,1.677401e+00,8.358314e-01,8.409583e-01,8.433407e-01,8.456249e-01,8.499056e-01
1.588089e+07,1.487803e+00,1.542827e+00,1.584553e+00,1.598903e+00,1.658778e+00,8.343209e-01,8.395265e-01,8.419494e-01,8.442777e-01,8.486448e-01
1.600000e+07,1.475580e+00,1.529850e+00,1.571730e+00,1.585390e+00,1.645660e+00,8.332370e-01,8.384990e-01,8.409510e-01,8.433110e-01,8.477400e-01
1.614520e+07,1.460674e+00,1.514118e+00,1.556129e+00,1.569381e+00,1.630300e+00,8.317320e-01,8.370412e-01,8.395218e-01,8.419146e-01,8.464169e-01
1.634468e+07,1.440653e+00,1.492993e+00,1.535170e+00,1.547880e+00,1.608448e+00,8.296643e-01,8.350384e-01,8.375583e-01,8.399962e-01,8.445992e-01
1.660520e+07,1.415276e+00,1.466224e+00,1.508596e+00,1.520625e+00,1.580740e+00,8.269641e-01,8.324228e-01,8.349940e-01,8.374908e-01,8.422254e-01
1.674910e+07,1.401618e+00,1.451820e+00,1.494290e+00,1.505956e+00,1.564984e+00,8.254726e-01,8.309780e-01,8.335776e-01,8.361069e-01,8.409142e-01
1.682203e+07,1.394790e+00,1.444621e+00,1.486666e+00,1.498624e+00,1.557110e+00,8.247167e-01,8.302459e-01,8.328598e-01,8.354056e-01,8.402497e-01
1.700000e+07,1.378390e+00,1.427330e+00,1.468360e+00,1.481010e+00,1.538200e+00,8.228720e-01,8.284590e-01,8.311080e-01,8.336940e-01,8.386280e-01
1.721080e+07,1.361055e+00,1.407703e+00,1.448708e+00,1.461810e+00,1.517170e+00,8.205669e-01,8.261967e-01,8.288773e-01,8.315040e-01,8.365356e-01
1.731331e+07,1.352780e+00,1.398343e+00,1.439332e+00,1.451930e+00,1.507140e+00,8.194460e-01,8.250966e-01,8.277926e-01,8.304390e-01,8.355181e-01
1.777740e+07,1.316527e+00,1.357395e+00,1.398300e+00,1.408727e+00,1.463258e+00,8.143711e-01,8.201159e-01,8.228816e-01,8.256176e-01,8.309115e-01
1.781894e+07,1.313375e+00,1.353841e+00,1.394514e+00,1.404977e+00,1.459449e+00,8.139169e-01,8.196701e-01,8.224420e-01,8.251860e-01,8.304992e-01
1.800000e+07,1.299810e+00,1.338550e+00,1.378230e+00,1.388850e+00,1.443060e+00,8.119370e-01,8.177270e-01,8.205260e-01,8.233050e-01,8.287020e-01
1.833934e+07,1.277871e+00,1.313065e+00,1.351732e+00,1.361435e+00,1.414915e+00,8.083604e-01,8.141853e-01,8.170224e-01,8.198506e-01,8.253728e-01
1.842270e+07,1.272600e+00,1.306950e+00,1.345375e+00,1.354859e+00,1.408164e+00,8.074817e-01,8.133153e-01,8.161616e-01,8.190019e-01,8.245549e-01
1.887493e+07,1.244780e+00,1.271173e+00,1.311885e+00,1.320235e+00,1.372607e+00,8.027152e-01,8.085953e-01,8.114923e-01,8.143982e-01,8.201181e-01
1.900000e+07,1.237310e+00,1.261600e+00,1.302910e+00,1.310960e+00,1.363080e+00,8.013970e-01,8.072900e-01,8.102010e-01,8.131250e-01,8.188910e-01
1.942617e+07,1.206859e+00,1.236631e+00,1.276491e+00,1.283152e+00,1.333726e+00,7.974848e-01,8.033710e-01,8.063007e-01,8.092486e-01,8.150909e-01
1.999350e+07,1.168456e+00,1.204963e+00,1.243003e+00,1.247942e+00,1.296573e+00,7.922766e-01,7.981537e-01,8.011085e-01,8.040881e-01,8.100319e-01
2.000000e+07,1.168030e+00,1.204610e+00,1.242630e+00,1.247550e+00,1.296160e+00,7.922170e-01,7.980940e-01,8.010490e-01,8.040290e-01,8.099740e-01
